1;1;0;0;land;true;plains
2;2;0;0;land;true;plains
3;3;0;0;land;false;plains
4;4;0;0;land;false;plains
5;5;0;0;land;false;plains
6;6;0;0;land;false;hills
7;7;0;0;land;true;forest
8;8;0;0;land;false;forest
9;9;0;0;land;true;plains
10;10;0;0;land;false;forest
11;11;0;0;land;false;forest
12;12;0;0;land;true;forest
13;13;0;0;land;false;hills
14;14;0;0;land;true;plains
15;15;0;0;land;false;hills
16;16;0;0;land;false;hills
17;17;0;0;land;true;hills
18;18;0;0;land;true;hills
19;19;0;0;land;true;hills
20;20;0;0;land;false;hills
21;21;0;0;land;true;forest
22;22;0;0;land;true;hills
23;23;0;0;land;false;mountain
24;24;0;0;land;false;forest
25;25;0;0;land;false;mountain
26;26;0;0;land;false;mountain
27;27;0;0;land;true;mountain
28;28;0;0;land;false;mountain
29;29;0;0;land;false;mountain
30;30;0;0;land;false;mountain
31;31;0;0;land;true;mountain
32;32;0;0;land;true;mountain
33;33;0;0;land;false;mountain
34;34;0;0;land;false;plains
35;35;0;0;land;false;mountain
36;36;0;0;land;false;mountain
37;37;0;0;land;false;hills
38;38;0;0;land;false;mountain
39;39;0;0;land;false;hills
40;40;0;0;land;false;mountain
41;41;0;0;land;false;mountain
42;42;0;0;land;false;mountain
43;43;0;0;land;false;mountain
44;44;0;0;land;false;mountain
45;45;0;0;land;false;mountain
46;46;0;0;land;false;mountain
47;47;0;0;land;false;mountain
48;48;0;0;land;false;mountain
49;49;0;0;land;false;hills
50;50;0;0;land;false;mountain
51;51;0;0;land;false;mountain
52;52;0;0;land;false;desert
53;53;0;0;land;false;desert
54;54;0;0;land;false;mountain
55;55;0;0;land;false;mountain
56;56;0;0;land;false;mountain
57;57;0;0;land;false;mountain
58;58;0;0;land;false;mountain
59;59;0;0;land;true;hills
60;60;0;0;land;true;hills
61;61;0;0;land;true;plains
62;62;0;0;land;false;hills
63;63;0;0;land;false;mountain
64;64;0;0;land;false;hills
65;65;0;0;land;false;hills
66;66;0;0;land;false;hills
67;67;0;0;land;false;hills
68;68;0;0;land;false;hills
69;69;0;0;land;false;plains
70;70;0;0;land;false;hills
71;71;0;0;land;false;desert
72;72;0;0;land;false;hills
73;73;0;0;land;false;hills
74;74;0;0;land;false;hills
75;75;0;0;land;false;plains
76;76;0;0;land;true;hills
77;77;0;0;land;true;plains
78;78;0;0;land;false;plains
79;79;0;0;land;true;plains
80;80;0;0;land;false;plains
81;81;0;0;land;false;plains
82;82;0;0;land;true;plains
83;83;0;0;land;false;plains
84;84;0;0;land;false;plains
85;85;0;0;land;false;plains
86;86;0;0;land;false;plains
87;87;0;0;land;false;plains
88;88;0;0;land;true;plains
89;89;0;0;land;false;hills
90;90;0;0;land;false;mountain
91;91;0;0;land;false;hills
92;92;0;0;land;false;mountain
93;93;0;0;land;false;hills
94;94;0;0;land;false;hills
95;95;0;0;land;false;plains
96;96;0;0;land;true;hills
97;97;0;0;land;false;plains
98;98;0;0;land;false;mountain
99;99;0;0;land;false;mountain
100;100;0;0;land;false;mountain
101;101;0;0;land;false;mountain
102;102;0;0;land;true;hills
103;103;0;0;land;true;hills
104;104;0;0;land;true;hills
105;105;0;0;land;false;desert
106;106;0;0;land;true;hills
107;107;0;0;land;true;hills
108;108;0;0;land;false;forest
109;109;0;0;land;true;forest
110;110;0;0;land;false;forest
111;111;0;0;land;true;forest
112;112;0;0;land;true;forest
113;113;0;0;land;false;forest
114;114;0;0;land;false;forest
115;115;0;0;land;false;forest
116;116;0;0;land;false;forest
117;117;0;0;land;true;forest
118;118;0;0;land;false;forest
119;119;0;0;land;true;forest
120;120;0;0;land;false;forest
121;121;0;0;land;false;forest
122;122;0;0;land;false;forest
123;123;0;0;land;false;forest
124;124;0;0;land;false;hills
125;125;0;0;land;false;forest
126;126;0;0;land;true;forest
127;127;0;0;land;false;forest
128;128;0;0;land;false;forest
129;129;0;0;land;true;forest
130;130;0;0;land;false;desert
131;131;0;0;land;false;hills
132;132;0;0;land;true;hills
133;133;0;0;land;false;desert
134;134;0;0;land;false;hills
135;135;0;0;land;false;hills
136;136;0;0;land;true;plains
137;137;0;0;land;false;desert
138;138;0;0;land;false;desert
139;139;0;0;land;false;desert
140;140;0;0;land;false;desert
141;141;0;0;land;false;desert
142;142;0;0;land;true;desert
143;143;0;0;land;false;desert
144;144;0;0;land;false;desert
145;145;0;0;land;true;plains
146;146;0;0;land;false;desert
147;147;0;0;land;true;plains
148;148;0;0;land;true;desert
149;149;0;0;land;true;plains
150;150;0;0;land;true;desert
151;151;0;0;land;false;desert
152;152;0;0;land;true;desert
153;153;0;0;land;true;desert
154;154;0;0;land;false;desert
155;155;0;0;land;false;desert
156;156;0;0;land;true;desert
157;157;0;0;land;false;forest
158;158;0;0;land;false;forest
159;159;0;0;land;false;forest
160;160;0;0;land;false;forest
161;161;0;0;land;false;forest
162;162;0;0;land;false;forest
163;163;0;0;land;false;forest
164;164;0;0;land;false;forest
165;165;0;0;land;false;forest
166;166;0;0;land;false;forest
167;167;0;0;land;false;forest
168;168;0;0;land;false;forest
169;169;0;0;land;false;forest
170;170;0;0;land;false;forest
171;171;0;0;land;false;forest
172;172;0;0;land;false;plains
173;173;0;0;land;false;forest
174;174;0;0;land;false;plains
175;175;0;0;land;false;forest
176;176;0;0;land;false;forest
177;177;0;0;land;false;forest
178;178;0;0;land;false;forest
179;179;0;0;land;false;forest
180;180;0;0;land;false;forest
181;181;0;0;land;false;forest
182;182;0;0;land;false;forest
183;183;0;0;land;false;forest
184;184;0;0;land;false;forest
185;185;0;0;land;false;forest
186;186;0;0;land;false;forest
187;187;0;0;land;false;plains
188;188;0;0;land;false;hills
189;189;0;0;land;false;forest
190;190;0;0;land;true;plains
191;191;0;0;land;false;forest
192;192;0;0;land;false;plains
193;193;0;0;land;true;forest
194;194;0;0;land;false;plains
195;195;0;0;land;true;forest
196;196;0;0;land;false;plains
197;197;0;0;land;false;plains
198;198;0;0;land;false;plains
199;199;0;0;land;false;plains
200;200;0;0;land;false;plains
201;201;0;0;land;false;plains
202;202;0;0;land;false;marsh
203;203;0;0;land;false;plains
204;204;0;0;land;false;plains
205;205;0;0;land;false;plains
206;206;0;0;land;false;plains
207;207;0;0;land;false;plains
208;208;0;0;land;false;marsh
209;209;0;0;land;false;marsh
210;210;0;0;land;false;marsh
211;211;0;0;land;false;marsh
212;212;0;0;land;false;marsh
213;213;0;0;land;false;marsh
214;214;0;0;land;false;marsh
215;215;0;0;land;false;marsh
216;216;0;0;land;false;plains
217;217;0;0;land;false;plains
218;218;0;0;land;false;marsh
219;219;0;0;land;false;marsh
220;220;0;0;land;false;marsh
221;221;0;0;land;false;plains
222;222;0;0;land;false;marsh
223;223;0;0;land;false;marsh
224;224;0;0;land;false;marsh
225;225;0;0;land;false;marsh
226;226;0;0;land;false;forest
227;227;0;0;land;false;marsh
228;228;0;0;land;false;plains
229;229;0;0;land;false;marsh
230;230;0;0;land;false;marsh
231;231;0;0;land;false;marsh
232;232;0;0;land;false;marsh
233;233;0;0;land;false;marsh
234;234;0;0;land;false;marsh
235;235;0;0;land;false;marsh
236;236;0;0;land;false;marsh
237;237;0;0;land;false;marsh
238;238;0;0;land;false;marsh
239;239;0;0;land;false;plains
240;240;0;0;land;false;marsh
241;241;0;0;land;false;marsh
242;242;0;0;land;false;plains
243;243;0;0;land;false;marsh
244;244;0;0;land;false;forest
245;245;0;0;land;false;marsh
246;246;0;0;land;false;plains
247;247;0;0;land;false;plains
248;248;0;0;land;false;forest
249;249;0;0;land;false;plains
250;250;0;0;land;false;marsh
251;251;0;0;land;false;plains
252;252;0;0;land;false;plains
253;253;0;0;land;false;plains
254;254;0;0;land;false;marsh
255;255;0;0;land;false;plains
256;0;1;0;land;false;forest
257;1;1;0;land;false;marsh
258;2;1;0;land;false;plains
259;3;1;0;land;false;plains
260;4;1;0;land;false;plains
261;5;1;0;land;false;plains
262;6;1;0;land;false;plains
263;7;1;0;land;false;plains
264;8;1;0;land;false;plains
265;9;1;0;land;false;desert
266;10;1;0;land;true;hills
267;11;1;0;land;true;hills
268;12;1;0;land;false;desert
269;13;1;0;land;true;hills
270;14;1;0;land;false;hills
271;15;1;0;land;false;desert
272;16;1;0;land;false;desert
273;17;1;0;land;false;desert
274;18;1;0;land;false;desert
275;19;1;0;land;true;mountain
276;20;1;0;land;false;hills
277;21;1;0;land;false;hills
278;22;1;0;land;false;desert
279;23;1;0;land;false;desert
280;24;1;0;land;false;desert
281;25;1;0;land;false;hills
282;26;1;0;land;false;hills
283;27;1;0;land;true;mountain
284;28;1;0;land;false;plains
285;29;1;0;land;false;hills
286;30;1;0;land;false;hills
287;31;1;0;land;false;hills
288;32;1;0;land;false;hills
289;33;1;0;land;false;plains
290;34;1;0;land;false;hills
291;35;1;0;land;false;hills
292;36;1;0;land;false;plains
293;37;1;0;land;false;mountain
294;38;1;0;land;false;hills
295;39;1;0;land;false;hills
296;40;1;0;land;false;plains
297;41;1;0;land;false;forest
298;42;1;0;land;false;forest
299;43;1;0;land;false;plains
300;44;1;0;land;false;forest
301;45;1;0;land;false;forest
302;46;1;0;land;false;forest
303;47;1;0;land;false;forest
304;48;1;0;land;false;forest
305;49;1;0;land;false;forest
306;50;1;0;land;false;forest
307;51;1;0;land;false;forest
308;52;1;0;land;false;forest
309;53;1;0;land;false;forest
310;54;1;0;land;false;forest
311;55;1;0;land;false;forest
312;56;1;0;land;false;forest
313;57;1;0;land;false;marsh
314;58;1;0;land;false;plains
315;59;1;0;land;false;plains
316;60;1;0;land;false;forest
317;61;1;0;land;false;plains
318;62;1;0;land;false;forest
319;63;1;0;land;false;forest
320;64;1;0;land;true;plains
321;65;1;0;land;true;hills
322;66;1;0;land;false;plains
323;67;1;0;land;false;plains
324;68;1;0;land;false;hills
325;69;1;0;land;false;plains
326;70;1;0;land;false;plains
327;71;1;0;land;false;plains
328;72;1;0;land;true;plains
329;73;1;0;land;false;plains
330;74;1;0;land;true;plains
331;75;1;0;land;false;plains
332;76;1;0;land;true;plains
333;77;1;0;land;false;plains
334;78;1;0;land;false;plains
335;79;1;0;land;false;plains
336;80;1;0;land;false;plains
337;81;1;0;land;false;plains
338;82;1;0;land;false;plains
339;83;1;0;land;false;plains
340;84;1;0;land;false;plains
341;85;1;0;land;false;plains
342;86;1;0;land;false;plains
343;87;1;0;land;false;plains
344;88;1;0;land;false;hills
345;89;1;0;land;false;plains
346;90;1;0;land;false;hills
347;91;1;0;land;false;hills
348;92;1;0;land;false;plains
349;93;1;0;land;false;hills
350;94;1;0;land;false;plains
351;95;1;0;land;false;plains
352;96;1;0;land;false;plains
353;97;1;0;land;false;plains
354;98;1;0;land;false;plains
355;99;1;0;land;false;plains
356;100;1;0;land;false;plains
357;101;1;0;land;false;plains
358;102;1;0;land;false;plains
359;103;1;0;land;false;mountain
360;104;1;0;land;false;plains
361;105;1;0;land;false;hills
362;106;1;0;land;false;plains
363;107;1;0;land;false;plains
364;108;1;0;land;false;plains
365;109;1;0;land;false;plains
366;110;1;0;land;false;plains
367;111;1;0;land;false;plains
368;112;1;0;land;false;plains
369;113;1;0;land;false;plains
370;114;1;0;land;false;hills
371;115;1;0;land;false;mountain
372;116;1;0;land;false;mountain
373;117;1;0;land;false;mountain
374;118;1;0;land;false;mountain
375;119;1;0;land;false;mountain
376;120;1;0;land;false;hills
377;121;1;0;land;false;mountain
378;122;1;0;land;false;mountain
379;123;1;0;land;false;mountain
380;124;1;0;land;false;mountain
381;125;1;0;land;false;desert
382;126;1;0;land;false;mountain
383;127;1;0;land;false;mountain
384;128;1;0;land;false;hills
385;129;1;0;land;false;mountain
386;130;1;0;land;false;mountain
387;131;1;0;land;false;mountain
388;132;1;0;land;false;mountain
389;133;1;0;land;false;hills
390;134;1;0;land;false;hills
391;135;1;0;land;false;hills
392;136;1;0;land;false;hills
393;137;1;0;land;false;plains
394;138;1;0;land;false;mountain
395;139;1;0;land;false;plains
396;140;1;0;land;false;plains
397;141;1;0;land;false;mountain
398;142;1;0;land;false;mountain
399;143;1;0;land;false;plains
400;144;1;0;land;false;plains
401;145;1;0;land;false;forest
402;146;1;0;land;false;hills
403;147;1;0;land;false;plains
404;148;1;0;land;false;forest
405;149;1;0;land;false;plains
406;150;1;0;land;false;plains
407;151;1;0;land;false;plains
408;152;1;0;land;false;plains
409;153;1;0;land;false;plains
410;154;1;0;land;false;hills
411;155;1;0;land;false;forest
412;156;1;0;land;false;hills
413;157;1;0;land;false;plains
414;158;1;0;land;false;plains
415;159;1;0;land;false;hills
416;160;1;0;land;false;plains
417;161;1;0;land;false;forest
418;162;1;0;land;false;hills
419;163;1;0;land;false;forest
420;164;1;0;land;false;plains
421;165;1;0;land;false;plains
422;166;1;0;land;false;forest
423;167;1;0;land;false;forest
424;168;1;0;land;true;forest
425;169;1;0;land;false;forest
426;170;1;0;land;false;forest
427;171;1;0;land;false;forest
428;172;1;0;land;false;forest
429;173;1;0;land;false;forest
430;174;1;0;land;false;forest
431;175;1;0;land;false;forest
432;176;1;0;land;false;forest
433;177;1;0;land;false;forest
434;178;1;0;land;false;forest
435;179;1;0;land;false;forest
436;180;1;0;land;false;forest
437;181;1;0;land;false;forest
438;182;1;0;land;false;forest
439;183;1;0;land;false;forest
440;184;1;0;land;false;forest
441;185;1;0;land;false;forest
442;186;1;0;land;false;forest
443;187;1;0;land;false;forest
444;188;1;0;land;false;forest
445;189;1;0;land;false;forest
446;190;1;0;land;false;plains
447;191;1;0;land;false;plains
448;192;1;0;land;false;forest
449;193;1;0;land;false;forest
450;194;1;0;land;false;forest
451;195;1;0;land;false;forest
452;196;1;0;land;false;forest
453;197;1;0;land;false;forest
454;198;1;0;land;true;plains
455;199;1;0;land;false;plains
456;200;1;0;land;true;plains
457;201;1;0;land;false;plains
458;202;1;0;land;false;forest
459;203;1;0;land;false;plains
460;204;1;0;land;false;plains
461;205;1;0;land;false;plains
462;206;1;0;land;false;forest
463;207;1;0;land;false;forest
464;208;1;0;land;false;plains
465;209;1;0;land;false;forest
466;210;1;0;land;false;forest
467;211;1;0;land;true;mountain
468;212;1;0;land;false;hills
469;213;1;0;land;true;forest
470;214;1;0;land;false;plains
471;215;1;0;land;false;forest
472;216;1;0;land;true;forest
473;217;1;0;land;false;hills
474;218;1;0;land;false;forest
475;219;1;0;land;true;mountain
476;220;1;0;land;true;mountain
477;221;1;0;land;false;hills
478;222;1;0;land;false;forest
479;223;1;0;land;false;hills
480;224;1;0;land;false;forest
481;225;1;0;land;false;plains
482;226;1;0;land;false;forest
483;227;1;0;land;false;plains
484;228;1;0;land;true;hills
485;229;1;0;land;false;hills
486;230;1;0;land;true;hills
487;231;1;0;land;true;hills
488;232;1;0;land;false;hills
489;233;1;0;land;false;forest
490;234;1;0;land;false;hills
491;235;1;0;land;false;forest
492;236;1;0;land;false;forest
493;237;1;0;land;false;plains
494;238;1;0;land;false;forest
495;239;1;0;land;false;forest
496;240;1;0;land;false;forest
497;241;1;0;land;false;forest
498;242;1;0;land;false;forest
499;243;1;0;land;false;forest
500;244;1;0;land;false;forest
501;245;1;0;land;false;forest
502;246;1;0;land;false;forest
503;247;1;0;land;false;forest
504;248;1;0;land;false;forest
505;249;1;0;land;false;forest
506;250;1;0;land;true;forest
507;251;1;0;land;false;forest
508;252;1;0;land;false;forest
509;253;1;0;land;false;forest
510;254;1;0;land;false;forest
511;255;1;0;land;true;forest
512;0;2;0;land;false;forest
513;1;2;0;land;false;forest
514;2;2;0;land;true;forest
515;3;2;0;land;false;plains
516;4;2;0;land;false;plains
517;5;2;0;land;false;forest
518;6;2;0;land;false;forest
519;7;2;0;land;true;hills
520;8;2;0;land;true;plains
521;9;2;0;land;true;plains
522;10;2;0;land;false;hills
523;11;2;0;land;true;hills
524;12;2;0;land;true;hills
525;13;2;0;land;true;hills
526;14;2;0;land;true;hills
527;15;2;0;land;true;hills
528;16;2;0;land;true;plains
529;17;2;0;land;true;hills
530;18;2;0;land;false;forest
531;19;2;0;land;false;plains
532;20;2;0;land;true;hills
533;21;2;0;land;false;forest
534;22;2;0;land;true;hills
535;23;2;0;land;true;hills
536;24;2;0;land;false;forest
537;25;2;0;land;false;forest
538;26;2;0;land;false;forest
539;27;2;0;land;false;hills
540;28;2;0;land;false;forest
541;29;2;0;land;false;forest
542;30;2;0;land;false;hills
543;31;2;0;land;true;plains
544;32;2;0;land;true;plains
545;33;2;0;land;true;plains
546;34;2;0;land;true;plains
547;35;2;0;land;false;forest
548;36;2;0;land;false;forest
549;37;2;0;land;false;forest
550;38;2;0;land;false;plains
551;39;2;0;land;false;forest
552;40;2;0;land;false;forest
553;41;2;0;land;false;forest
554;42;2;0;land;true;plains
555;43;2;0;land;false;plains
556;44;2;0;land;true;plains
557;45;2;0;land;false;plains
558;46;2;0;land;false;plains
559;47;2;0;land;false;forest
560;48;2;0;land;false;plains
561;49;2;0;land;false;forest
562;50;2;0;land;false;forest
563;51;2;0;land;false;plains
564;52;2;0;land;false;plains
565;53;2;0;land;false;plains
566;54;2;0;land;false;plains
567;55;2;0;land;false;plains
568;56;2;0;land;false;plains
569;57;2;0;land;false;plains
570;58;2;0;land;false;forest
571;59;2;0;land;false;forest
572;60;2;0;land;false;plains
573;61;2;0;land;false;plains
574;62;2;0;land;false;plains
575;63;2;0;land;false;plains
576;64;2;0;land;false;plains
577;65;2;0;land;false;plains
578;66;2;0;land;true;plains
579;67;2;0;land;true;plains
580;68;2;0;land;false;plains
581;69;2;0;land;false;plains
582;70;2;0;land;true;mountain
583;71;2;0;land;true;mountain
584;72;2;0;land;true;mountain
585;73;2;0;land;false;mountain
586;74;2;0;land;false;hills
587;75;2;0;land;false;mountain
588;76;2;0;land;false;hills
589;77;2;0;land;false;hills
590;78;2;0;land;false;mountain
591;79;2;0;land;false;hills
592;80;2;0;land;false;mountain
593;81;2;0;land;false;mountain
594;82;2;0;land;false;hills
595;83;2;0;land;false;mountain
596;84;2;0;land;true;plains
597;85;2;0;land;true;hills
598;86;2;0;land;true;hills
599;87;2;0;land;true;mountain
600;88;2;0;land;false;plains
601;89;2;0;land;true;mountain
602;90;2;0;land;false;mountain
603;91;2;0;land;false;hills
604;92;2;0;land;true;mountain
605;93;2;0;land;true;mountain
606;94;2;0;land;true;mountain
607;95;2;0;land;true;hills
608;96;2;0;land;false;forest
609;97;2;0;land;false;hills
610;98;2;0;land;false;hills
611;99;2;0;land;false;mountain
612;100;2;0;land;false;mountain
613;101;2;0;land;false;mountain
614;102;2;0;land;false;hills
615;103;2;0;land;false;hills
616;104;2;0;land;false;mountain
617;105;2;0;land;false;mountain
618;106;2;0;land;false;hills
619;107;2;0;land;false;hills
620;108;2;0;land;false;mountain
621;109;2;0;land;false;mountain
622;110;2;0;land;false;mountain
623;111;2;0;land;false;plains
624;112;2;0;land;false;hills
625;113;2;0;land;false;hills
626;114;2;0;land;false;hills
627;115;2;0;land;false;hills
628;116;2;0;land;false;forest
629;117;2;0;land;true;forest
630;118;2;0;land;true;forest
631;119;2;0;land;false;hills
632;120;2;0;land;false;forest
633;121;2;0;land;false;forest
634;122;2;0;land;false;forest
635;123;2;0;land;false;plains
636;124;2;0;land;false;forest
637;125;2;0;land;false;forest
638;126;2;0;land;false;hills
639;127;2;0;land;false;hills
640;128;2;0;land;false;hills
641;129;2;0;land;false;forest
642;130;2;0;land;false;forest
643;131;2;0;land;false;forest
644;132;2;0;land;false;forest
645;133;2;0;land;false;hills
646;134;2;0;land;false;forest
647;135;2;0;land;false;forest
648;136;2;0;land;false;forest
649;137;2;0;land;false;forest
650;138;2;0;land;false;forest
651;139;2;0;land;false;forest
652;140;2;0;land;false;forest
653;141;2;0;land;false;forest
654;142;2;0;land;false;forest
655;143;2;0;land;false;forest
656;144;2;0;land;false;forest
657;145;2;0;land;false;forest
658;146;2;0;land;false;forest
659;147;2;0;land;false;forest
660;148;2;0;land;false;forest
661;149;2;0;land;false;forest
662;150;2;0;land;false;forest
663;151;2;0;land;false;forest
664;152;2;0;land;true;plains
665;153;2;0;land;false;plains
666;154;2;0;land;false;plains
667;155;2;0;land;true;plains
668;156;2;0;land;true;plains
669;157;2;0;land;true;plains
670;158;2;0;land;true;plains
671;159;2;0;land;true;plains
672;160;2;0;land;true;plains
673;161;2;0;land;true;plains
674;162;2;0;land;false;forest
675;163;2;0;land;false;forest
676;164;2;0;land;false;hills
677;165;2;0;land;false;forest
678;166;2;0;land;false;hills
679;167;2;0;land;false;forest
680;168;2;0;land;false;forest
681;169;2;0;land;false;forest
682;170;2;0;land;false;forest
683;171;2;0;land;false;forest
684;172;2;0;land;false;forest
685;173;2;0;land;false;forest
686;174;2;0;land;false;forest
687;175;2;0;land;false;forest
688;176;2;0;land;false;forest
689;177;2;0;land;false;desert
690;178;2;0;land;false;desert
691;179;2;0;land;false;desert
692;180;2;0;land;false;desert
693;181;2;0;land;false;desert
694;182;2;0;land;false;desert
695;183;2;0;land;false;desert
696;184;2;0;land;false;desert
697;185;2;0;land;true;plains
698;186;2;0;land;true;desert
699;187;2;0;land;true;desert
700;188;2;0;land;true;plains
701;189;2;0;land;false;mountain
702;190;2;0;land;false;mountain
703;191;2;0;land;false;mountain
704;192;2;0;land;false;mountain
705;193;2;0;land;false;hills
706;194;2;0;land;false;hills
707;195;2;0;land;false;hills
708;196;2;0;land;false;forest
709;197;2;0;land;false;plains
710;198;2;0;land;false;hills
711;199;2;0;land;false;plains
712;200;2;0;land;false;plains
713;201;2;0;land;false;forest
714;202;2;0;land;false;hills
715;203;2;0;land;false;plains
716;204;2;0;land;false;plains
717;205;2;0;land;false;plains
718;206;2;0;land;false;plains
719;207;2;0;land;false;plains
720;208;2;0;land;false;plains
721;209;2;0;land;false;plains
722;210;2;0;land;false;hills
723;211;2;0;land;false;hills
724;212;2;0;land;false;plains
725;213;2;0;land;false;plains
726;214;2;0;land;false;hills
727;215;2;0;land;false;mountain
728;216;2;0;land;false;plains
729;217;2;0;land;false;plains
730;218;2;0;land;false;plains
731;219;2;0;land;false;hills
732;220;2;0;land;false;hills
733;221;2;0;land;false;plains
734;222;2;0;land;false;forest
735;223;2;0;land;false;plains
736;224;2;0;land;false;hills
737;225;2;0;land;false;hills
738;226;2;0;land;false;forest
739;227;2;0;land;false;plains
740;228;2;0;land;false;plains
741;229;2;0;land;false;plains
742;230;2;0;land;false;forest
743;231;2;0;land;false;hills
744;232;2;0;land;false;plains
745;233;2;0;land;true;plains
746;234;2;0;land;true;plains
747;235;2;0;land;false;forest
748;236;2;0;land;true;plains
749;237;2;0;land;false;plains
750;238;2;0;land;false;plains
751;239;2;0;land;false;hills
752;240;2;0;land;false;plains
753;241;2;0;land;false;plains
754;242;2;0;land;false;forest
755;243;2;0;land;false;hills
756;244;2;0;land;false;hills
757;245;2;0;land;false;forest
758;246;2;0;land;false;plains
759;247;2;0;land;false;plains
760;248;2;0;land;false;plains
761;249;2;0;land;false;hills
762;250;2;0;land;false;hills
763;251;2;0;land;false;mountain
764;252;2;0;land;false;mountain
765;253;2;0;land;false;mountain
766;254;2;0;land;false;mountain
767;255;2;0;land;true;hills
768;0;3;0;land;false;hills
769;1;3;0;land;false;hills
770;2;3;0;land;false;hills
771;3;3;0;land;false;hills
772;4;3;0;land;false;hills
773;5;3;0;land;false;hills
774;6;3;0;land;false;hills
775;7;3;0;land;false;hills
776;8;3;0;land;false;hills
777;9;3;0;land;false;hills
778;10;3;0;land;false;hills
779;11;3;0;land;false;forest
780;12;3;0;land;true;forest
781;13;3;0;land;true;mountain
782;14;3;0;land;true;plains
783;15;3;0;land;false;forest
784;16;3;0;land;false;plains
785;17;3;0;land;false;hills
786;18;3;0;land;false;forest
787;19;3;0;land;false;forest
788;20;3;0;land;false;forest
789;21;3;0;land;false;plains
790;22;3;0;land;false;plains
791;23;3;0;land;false;plains
792;24;3;0;land;false;plains
793;25;3;0;land;false;plains
794;26;3;0;land;false;forest
795;27;3;0;land;false;forest
796;28;3;0;land;false;forest
797;29;3;0;land;false;forest
798;30;3;0;land;false;plains
799;31;3;0;land;false;desert
800;32;3;0;land;false;forest
801;33;3;0;land;false;hills
802;34;3;0;land;false;forest
803;35;3;0;land;false;forest
804;36;3;0;land;false;plains
805;37;3;0;land;false;desert
806;38;3;0;land;false;plains
807;39;3;0;land;false;plains
808;40;3;0;land;false;hills
809;41;3;0;land;false;hills
810;42;3;0;land;false;hills
811;43;3;0;land;true;hills
812;44;3;0;land;false;hills
813;45;3;0;land;false;desert
814;46;3;0;land;false;desert
815;47;3;0;land;false;hills
816;48;3;0;land;false;desert
817;49;3;0;land;false;hills
818;50;3;0;land;false;hills
819;51;3;0;land;false;hills
820;52;3;0;land;false;forest
821;53;3;0;land;false;desert
822;54;3;0;land;false;plains
823;55;3;0;land;false;hills
824;56;3;0;land;false;hills
825;57;3;0;land;false;plains
826;58;3;0;land;false;hills
827;59;3;0;land;false;plains
828;60;3;0;land;false;plains
829;61;3;0;land;false;hills
830;62;3;0;land;false;plains
831;63;3;0;land;false;plains
832;64;3;0;land;false;plains
833;65;3;0;land;false;plains
834;66;3;0;land;false;plains
835;67;3;0;land;false;hills
836;68;3;0;land;false;hills
837;69;3;0;land;false;hills
838;70;3;0;land;false;mountain
839;71;3;0;land;false;hills
840;72;3;0;land;false;hills
841;73;3;0;land;false;mountain
842;74;3;0;land;false;hills
843;75;3;0;land;false;hills
844;76;3;0;land;false;mountain
845;77;3;0;land;false;mountain
846;78;3;0;land;false;mountain
847;79;3;0;land;false;mountain
848;80;3;0;land;false;mountain
849;81;3;0;land;false;mountain
850;82;3;0;land;false;mountain
851;83;3;0;land;false;mountain
852;84;3;0;land;false;mountain
853;85;3;0;land;false;mountain
854;86;3;0;land;false;mountain
855;87;3;0;land;false;mountain
856;88;3;0;land;false;plains
857;89;3;0;land;false;forest
858;90;3;0;land;false;forest
859;91;3;0;land;false;plains
860;92;3;0;land;false;plains
861;93;3;0;land;false;plains
862;94;3;0;land;false;forest
863;95;3;0;land;false;forest
864;96;3;0;land;true;plains
865;97;3;0;land;false;plains
866;98;3;0;land;false;forest
867;99;3;0;land;false;forest
868;100;3;0;land;false;plains
869;101;3;0;land;false;plains
870;102;3;0;land;false;forest
871;103;3;0;land;false;hills
872;104;3;0;land;false;desert
873;105;3;0;land;false;forest
874;106;3;0;land;true;plains
875;107;3;0;land;true;plains
876;108;3;0;land;false;plains
877;109;3;0;land;false;plains
878;110;3;0;land;false;plains
879;111;3;0;land;false;plains
880;112;3;0;land;false;plains
881;113;3;0;land;false;plains
882;114;3;0;land;false;plains
883;115;3;0;land;true;plains
884;116;3;0;land;false;plains
885;117;3;0;land;false;hills
886;118;3;0;land;true;plains
887;119;3;0;land;false;plains
888;120;3;0;land;false;plains
889;121;3;0;land;true;plains
890;122;3;0;land;false;plains
891;123;3;0;land;true;plains
892;124;3;0;land;true;plains
893;125;3;0;land;false;plains
894;126;3;0;land;false;forest
895;127;3;0;land;false;plains
896;128;3;0;land;false;plains
897;129;3;0;land;false;plains
898;130;3;0;land;false;plains
899;131;3;0;land;false;plains
900;132;3;0;land;false;plains
901;133;3;0;land;false;forest
902;134;3;0;land;false;plains
903;135;3;0;land;false;plains
904;136;3;0;land;false;plains
905;137;3;0;land;false;plains
906;138;3;0;land;false;plains
907;139;3;0;land;true;plains
908;140;3;0;land;false;plains
909;141;3;0;land;true;plains
910;142;3;0;land;true;plains
911;143;3;0;land;true;mountain
912;144;3;0;land;true;plains
913;145;3;0;land;true;hills
914;146;3;0;land;false;mountain
915;147;3;0;land;false;hills
916;148;3;0;land;false;hills
917;149;3;0;land;false;hills
918;150;3;0;land;false;hills
919;151;3;0;land;false;mountain
920;152;3;0;land;false;hills
921;153;3;0;land;false;mountain
922;154;3;0;land;false;mountain
923;155;3;0;land;false;hills
924;156;3;0;land;true;plains
925;157;3;0;land;true;forest
926;158;3;0;land;true;plains
927;159;3;0;land;true;plains
928;160;3;0;land;true;plains
929;161;3;0;land;true;plains
930;162;3;0;land;true;plains
931;163;3;0;land;false;forest
932;164;3;0;land;true;forest
933;165;3;0;land;true;forest
934;166;3;0;land;false;forest
935;167;3;0;land;false;forest
936;168;3;0;land;true;forest
937;169;3;0;land;false;forest
938;170;3;0;land;true;forest
939;171;3;0;land;false;forest
940;172;3;0;land;false;forest
941;173;3;0;land;false;forest
942;174;3;0;land;false;forest
943;175;3;0;land;true;forest
944;176;3;0;land;false;forest
945;177;3;0;land;true;forest
946;178;3;0;land;false;forest
947;179;3;0;land;true;forest
948;180;3;0;land;true;forest
949;181;3;0;land;true;forest
950;182;3;0;land;true;forest
951;183;3;0;land;true;forest
952;184;3;0;land;false;forest
953;185;3;0;land;false;forest
954;186;3;0;land;false;forest
955;187;3;0;land;false;forest
956;188;3;0;land;true;hills
957;189;3;0;land;true;hills
958;190;3;0;land;true;desert
959;191;3;0;land;true;desert
960;192;3;0;land;true;hills
961;193;3;0;land;true;desert
962;194;3;0;land;true;desert
963;195;3;0;land;false;hills
964;196;3;0;land;false;desert
965;197;3;0;land;true;hills
966;198;3;0;land;false;hills
967;199;3;0;land;false;forest
968;200;3;0;land;true;forest
969;201;3;0;land;true;forest
970;202;3;0;land;false;forest
971;203;3;0;land;false;forest
972;204;3;0;land;true;forest
973;205;3;0;land;false;forest
974;206;3;0;land;true;forest
975;207;3;0;land;false;forest
976;208;3;0;land;false;plains
977;209;3;0;land;false;plains
978;210;3;0;land;false;plains
979;211;3;0;land;false;plains
980;212;3;0;land;false;plains
981;213;3;0;land;false;plains
982;214;3;0;land;false;plains
983;215;3;0;land;false;plains
984;216;3;0;land;false;plains
985;217;3;0;land;false;plains
986;218;3;0;land;false;plains
987;219;3;0;land;true;plains
988;220;3;0;land;false;plains
989;221;3;0;land;false;plains
990;222;3;0;land;false;plains
991;223;3;0;land;false;plains
992;224;3;0;land;false;plains
993;225;3;0;land;false;plains
994;226;3;0;land;false;plains
995;227;3;0;land;true;plains
996;228;3;0;land;false;plains
997;229;3;0;land;false;plains
998;230;3;0;land;true;plains
999;231;3;0;land;false;plains
1000;232;3;0;land;false;plains
1001;233;3;0;land;false;plains
1002;234;3;0;land;false;plains
1003;235;3;0;land;false;plains
1004;236;3;0;land;false;plains
1005;237;3;0;land;false;plains
1006;238;3;0;land;false;plains
1007;239;3;0;land;false;plains
1008;240;3;0;land;true;plains
1009;241;3;0;land;false;plains
1010;242;3;0;land;false;plains
1011;243;3;0;land;true;forest
1012;244;3;0;land;true;plains
1013;245;3;0;land;true;desert
1014;246;3;0;land;false;desert
1015;247;3;0;land;false;desert
1016;248;3;0;land;false;desert
1017;249;3;0;land;false;desert
1018;250;3;0;land;false;desert
1019;251;3;0;land;false;desert
1020;252;3;0;land;false;desert
1021;253;3;0;land;false;desert
1022;254;3;0;land;false;desert
1023;255;3;0;land;false;desert
1024;0;4;0;land;false;desert
1025;1;4;0;land;false;desert
1026;2;4;0;land;false;desert
1027;3;4;0;land;false;desert
1028;4;4;0;land;false;desert
1029;5;4;0;land;false;desert
1030;6;4;0;land;false;desert
1031;7;4;0;land;false;desert
1032;8;4;0;land;false;desert
1033;9;4;0;land;false;hills
1034;10;4;0;land;false;mountain
1035;11;4;0;land;false;mountain
1036;12;4;0;land;false;mountain
1037;13;4;0;land;false;mountain
1038;14;4;0;land;true;plains
1039;15;4;0;land;false;plains
1040;16;4;0;land;true;plains
1041;17;4;0;land;true;plains
1042;18;4;0;land;false;plains
1043;19;4;0;land;true;plains
1044;20;4;0;land;false;plains
1045;21;4;0;land;true;forest
1046;22;4;0;land;false;plains
1047;23;4;0;land;true;hills
1048;24;4;0;land;false;plains
1049;25;4;0;land;true;hills
1050;26;4;0;land;false;plains
1051;27;4;0;land;true;plains
1052;28;4;0;land;true;plains
1053;29;4;0;land;true;plains
1054;30;4;0;land;true;plains
1055;31;4;0;land;false;hills
1056;32;4;0;land;true;hills
1057;33;4;0;land;false;hills
1058;34;4;0;land;false;desert
1059;35;4;0;land;false;plains
1060;36;4;0;land;false;mountain
1061;37;4;0;land;true;plains
1062;38;4;0;land;true;marsh
1063;39;4;0;land;false;plains
1064;40;4;0;land;false;plains
1065;41;4;0;land;false;hills
1066;42;4;0;land;false;plains
1067;43;4;0;land;false;plains
1068;44;4;0;land;false;plains
1069;45;4;0;land;false;plains
1070;46;4;0;land;false;plains
1071;47;4;0;land;false;plains
1072;48;4;0;land;false;plains
1073;49;4;0;land;false;plains
1074;50;4;0;land;false;plains
1075;51;4;0;land;false;plains
1076;52;4;0;land;false;hills
1077;53;4;0;land;false;hills
1078;54;4;0;land;false;hills
1079;55;4;0;land;false;hills
1080;56;4;0;land;false;plains
1081;57;4;0;land;false;hills
1082;58;4;0;land;false;plains
1083;59;4;0;land;true;forest
1084;60;4;0;land;true;hills
1085;61;4;0;land;true;plains
1086;62;4;0;land;true;forest
1087;63;4;0;land;true;hills
1088;64;4;0;land;true;hills
1089;65;4;0;land;true;hills
1090;66;4;0;land;true;hills
1091;67;4;0;land;true;forest
1092;68;4;0;land;false;hills
1093;69;4;0;land;false;plains
1094;70;4;0;land;false;plains
1095;71;4;0;land;false;plains
1096;72;4;0;land;false;plains
1097;73;4;0;land;false;plains
1098;74;4;0;land;true;desert
1099;75;4;0;land;true;desert
1100;76;4;0;land;false;desert
1101;77;4;0;land;false;desert
1102;78;4;0;land;false;desert
1103;79;4;0;land;false;desert
1104;80;4;0;land;true;plains
1105;81;4;0;land;true;hills
1106;82;4;0;land;true;mountain
1107;83;4;0;land;true;hills
1108;84;4;0;land;true;mountain
1109;85;4;0;land;true;hills
1110;86;4;0;land;true;hills
1111;87;4;0;land;true;hills
1112;88;4;0;land;false;forest
1113;89;4;0;land;true;forest
1114;90;4;0;land;true;hills
1115;91;4;0;land;false;hills
1116;92;4;0;land;true;forest
1117;93;4;0;land;false;hills
1118;94;4;0;land;false;hills
1119;95;4;0;land;false;hills
1120;96;4;0;land;false;hills
1121;97;4;0;land;true;forest
1122;98;4;0;land;true;forest
1123;99;4;0;land;true;hills
1124;100;4;0;land;false;forest
1125;101;4;0;land;true;forest
1126;102;4;0;land;true;forest
1127;103;4;0;land;false;hills
1128;104;4;0;land;true;forest
1129;105;4;0;land;false;hills
1130;106;4;0;land;false;forest
1131;107;4;0;land;false;hills
1132;108;4;0;land;false;hills
1133;109;4;0;land;true;forest
1134;110;4;0;land;true;forest
1135;111;4;0;land;false;forest
1136;112;4;0;land;true;forest
1137;113;4;0;land;false;forest
1138;114;4;0;land;false;forest
1139;115;4;0;land;false;forest
1140;116;4;0;land;false;mountain
1141;117;4;0;land;false;mountain
1142;118;4;0;land;false;desert
1143;119;4;0;land;false;desert
1144;120;4;0;land;false;desert
1145;121;4;0;land;false;desert
1146;122;4;0;land;false;desert
1147;123;4;0;land;false;desert
1148;124;4;0;land;false;desert
1149;125;4;0;land;false;desert
1150;126;4;0;land;false;desert
1151;127;4;0;land;false;desert
1152;128;4;0;land;false;desert
1153;129;4;0;land;false;desert
1154;130;4;0;land;false;desert
1155;131;4;0;land;false;desert
1156;132;4;0;land;false;desert
1157;133;4;0;land;false;desert
1158;134;4;0;land;false;desert
1159;135;4;0;land;true;hills
1160;136;4;0;land;false;hills
1161;137;4;0;land;false;mountain
1162;138;4;0;land;true;hills
1163;139;4;0;land;true;hills
1164;140;4;0;land;true;hills
1165;141;4;0;land;true;hills
1166;142;4;0;land;true;forest
1167;143;4;0;land;true;plains
1168;144;4;0;land;true;plains
1169;145;4;0;land;false;plains
1170;146;4;0;land;true;plains
1171;147;4;0;land;true;plains
1172;148;4;0;land;false;hills
1173;149;4;0;land;false;hills
1174;150;4;0;land;false;hills
1175;151;4;0;land;false;plains
1176;152;4;0;land;false;mountain
1177;153;4;0;land;false;hills
1178;154;4;0;land;false;hills
1179;155;4;0;land;false;plains
1180;156;4;0;land;false;hills
1181;157;4;0;land;false;plains
1182;158;4;0;land;false;plains
1183;159;4;0;land;false;plains
1184;160;4;0;land;false;mountain
1185;161;4;0;land;false;mountain
1186;162;4;0;land;false;plains
1187;163;4;0;land;false;mountain
1188;164;4;0;land;false;mountain
1189;165;4;0;land;false;mountain
1190;166;4;0;land;false;mountain
1191;167;4;0;land;false;mountain
1192;168;4;0;land;true;hills
1193;169;4;0;land;true;hills
1194;170;4;0;land;true;hills
1195;171;4;0;land;true;hills
1196;172;4;0;land;false;mountain
1197;173;4;0;land;false;hills
1198;174;4;0;land;false;forest
1199;175;4;0;land;false;hills
1200;176;4;0;land;false;hills
1201;177;4;0;land;false;hills
1202;178;4;0;land;false;hills
1203;179;4;0;land;false;hills
1204;180;4;0;land;false;hills
1205;181;4;0;land;false;hills
1206;182;4;0;land;false;mountain
1207;183;4;0;land;false;mountain
1208;184;4;0;land;true;hills
1209;185;4;0;land;true;hills
1210;186;4;0;land;true;hills
1211;187;4;0;land;true;hills
1212;188;4;0;land;true;forest
1213;189;4;0;land;false;hills
1214;190;4;0;land;false;forest
1215;191;4;0;land;false;forest
1216;192;4;0;land;false;plains
1217;193;4;0;land;false;forest
1218;194;4;0;land;false;plains
1219;195;4;0;land;false;plains
1220;196;4;0;land;false;forest
1221;197;4;0;land;false;plains
1222;198;4;0;land;false;forest
1223;199;4;0;land;false;plains
1224;200;4;0;land;false;plains
1225;201;4;0;land;false;forest
1226;202;4;0;land;false;plains
1227;203;4;0;land;false;plains
1228;204;4;0;land;false;plains
1229;205;4;0;land;false;plains
1230;206;4;0;land;false;forest
1231;207;4;0;land;false;forest
1232;208;4;0;land;false;plains
1233;209;4;0;land;false;forest
1234;210;4;0;land;false;plains
1235;211;4;0;land;false;plains
1236;212;4;0;land;false;plains
1237;213;4;0;land;false;plains
1238;214;4;0;land;false;plains
1239;215;4;0;land;false;forest
1240;216;4;0;land;false;plains
1241;217;4;0;land;false;plains
1242;218;4;0;land;false;forest
1243;219;4;0;land;false;plains
1244;220;4;0;land;false;plains
1245;221;4;0;land;false;plains
1246;222;4;0;land;false;hills
1247;223;4;0;land;false;forest
1248;224;4;0;land;false;forest
1249;225;4;0;land;false;forest
1250;226;4;0;land;false;forest
1251;227;4;0;land;false;forest
1252;228;4;0;land;false;forest
1253;229;4;0;land;false;plains
1254;230;4;0;land;false;hills
1255;231;4;0;land;false;hills
1256;232;4;0;land;false;forest
1257;233;4;0;land;false;forest
1258;234;4;0;land;false;plains
1259;235;4;0;land;false;plains
1260;236;4;0;land;false;plains
1261;237;4;0;land;false;plains
1262;238;4;0;land;false;plains
1263;239;4;0;land;false;plains
1264;240;4;0;land;false;plains
1265;241;4;0;land;false;plains
1266;242;4;0;land;false;plains
1267;243;4;0;land;false;plains
1268;244;4;0;land;false;plains
1269;245;4;0;land;false;plains
1270;246;4;0;land;false;forest
1271;247;4;0;land;false;forest
1272;248;4;0;land;false;forest
1273;249;4;0;land;false;forest
1274;250;4;0;land;false;forest
1275;251;4;0;land;false;plains
1276;252;4;0;land;false;plains
1277;253;4;0;land;false;plains
1278;254;4;0;land;false;plains
1279;255;4;0;land;false;plains
1280;0;5;0;land;false;forest
1281;1;5;0;land;false;plains
1282;2;5;0;land;false;forest
1283;3;5;0;land;false;forest
1284;4;5;0;land;false;forest
1285;5;5;0;land;false;forest
1286;6;5;0;land;false;plains
1287;7;5;0;land;false;desert
1288;8;5;0;land;false;plains
1289;9;5;0;land;false;plains
1290;10;5;0;land;false;plains
1291;11;5;0;land;false;plains
1292;12;5;0;land;true;hills
1293;13;5;0;land;false;hills
1294;14;5;0;land;true;hills
1295;15;5;0;land;true;hills
1296;16;5;0;land;false;hills
1297;17;5;0;land;false;plains
1298;18;5;0;land;false;hills
1299;19;5;0;land;false;plains
1300;20;5;0;land;false;forest
1301;21;5;0;land;false;forest
1302;22;5;0;land;false;plains
1303;23;5;0;land;false;hills
1304;24;5;0;land;false;hills
1305;25;5;0;land;false;plains
1306;26;5;0;land;false;hills
1307;27;5;0;land;false;hills
1308;28;5;0;land;false;hills
1309;29;5;0;land;false;plains
1310;30;5;0;land;false;plains
1311;31;5;0;land;false;plains
1312;32;5;0;land;false;plains
1313;33;5;0;land;false;plains
1314;34;5;0;land;false;plains
1315;35;5;0;land;false;plains
1316;36;5;0;land;false;plains
1317;37;5;0;land;false;plains
1318;38;5;0;land;false;plains
1319;39;5;0;land;false;hills
1320;40;5;0;land;false;mountain
1321;41;5;0;land;false;hills
1322;42;5;0;land;false;hills
1323;43;5;0;land;false;hills
1324;44;5;0;land;true;mountain
1325;45;5;0;land;true;hills
1326;46;5;0;land;true;hills
1327;47;5;0;land;true;hills
1328;48;5;0;land;false;hills
1329;49;5;0;land;true;hills
1330;50;5;0;land;false;hills
1331;51;5;0;land;false;hills
1332;52;5;0;land;false;hills
1333;53;5;0;land;false;hills
1334;54;5;0;land;false;plains
1335;55;5;0;land;false;hills
1336;56;5;0;land;false;plains
1337;57;5;0;land;false;plains
1338;58;5;0;land;false;plains
1339;59;5;0;land;false;forest
1340;60;5;0;land;false;plains
1341;61;5;0;land;false;hills
1342;62;5;0;land;false;hills
1343;63;5;0;land;false;hills
1344;64;5;0;land;false;plains
1345;65;5;0;land;false;forest
1346;66;5;0;land;false;plains
1347;67;5;0;land;false;plains
1348;68;5;0;land;false;plains
1349;69;5;0;land;false;forest
1350;70;5;0;land;false;plains
1351;71;5;0;land;false;plains
1352;72;5;0;land;false;plains
1353;73;5;0;land;false;forest
1354;74;5;0;land;false;forest
1355;75;5;0;land;false;forest
1356;76;5;0;land;false;forest
1357;77;5;0;land;false;forest
1358;78;5;0;land;false;plains
1359;79;5;0;land;false;forest
1360;80;5;0;land;false;plains
1361;81;5;0;land;false;forest
1362;82;5;0;land;false;plains
1363;83;5;0;land;false;plains
1364;84;5;0;land;false;plains
1365;85;5;0;land;false;plains
1366;86;5;0;land;false;plains
1367;87;5;0;land;false;plains
1368;88;5;0;land;true;plains
1369;89;5;0;land;false;forest
1370;90;5;0;land;true;forest
1371;91;5;0;land;false;forest
1372;92;5;0;land;true;forest
1373;93;5;0;land;false;forest
1374;94;5;0;land;false;plains
1375;95;5;0;land;false;plains
1376;96;5;0;land;true;plains
1377;97;5;0;land;true;plains
1378;98;5;0;land;true;plains
1379;99;5;0;land;false;plains
1380;100;5;0;land;false;plains
1381;101;5;0;land;true;plains
1382;102;5;0;land;true;plains
1383;103;5;0;land;true;plains
1384;104;5;0;land;false;plains
1385;105;5;0;land;true;plains
1386;106;5;0;land;false;plains
1387;107;5;0;land;false;hills
1388;108;5;0;land;false;plains
1389;109;5;0;land;false;plains
1390;110;5;0;land;false;plains
1391;111;5;0;land;false;hills
1392;112;5;0;land;false;plains
1393;113;5;0;land;false;plains
1394;114;5;0;land;false;plains
1395;115;5;0;land;false;plains
1396;116;5;0;land;false;plains
1397;117;5;0;land;false;plains
1398;118;5;0;land;false;plains
1399;119;5;0;land;false;plains
1400;120;5;0;land;true;hills
1401;121;5;0;land;false;hills
1402;122;5;0;land;true;hills
1403;123;5;0;land;true;hills
1404;124;5;0;land;false;mountain
1405;125;5;0;land;false;hills
1406;126;5;0;land;true;hills
1407;127;5;0;land;true;mountain
1408;128;5;0;land;true;mountain
1409;129;5;0;land;false;plains
1410;130;5;0;land;false;plains
1411;131;5;0;land;false;plains
1412;132;5;0;land;false;plains
1413;133;5;0;land;false;plains
1414;134;5;0;land;false;plains
1415;135;5;0;land;false;hills
1416;136;5;0;land;false;hills
1417;137;5;0;land;false;plains
1418;138;5;0;land;false;hills
1419;139;5;0;land;false;hills
1420;140;5;0;land;false;hills
1421;141;5;0;land;false;hills
1422;142;5;0;land;false;hills
1423;143;5;0;land;false;plains
1424;144;5;0;land;true;plains
1425;145;5;0;land;true;plains
1426;146;5;0;land;false;plains
1427;147;5;0;land;false;plains
1428;148;5;0;land;false;marsh
1429;149;5;0;land;true;plains
1430;150;5;0;land;false;plains
1431;151;5;0;land;false;plains
1432;152;5;0;land;false;plains
1433;153;5;0;land;true;plains
1434;154;5;0;land;false;plains
1435;155;5;0;land;true;marsh
1436;156;5;0;land;false;plains
1437;157;5;0;land;false;plains
1438;158;5;0;land;true;plains
1439;159;5;0;land;true;marsh
1440;160;5;0;land;false;plains
1441;161;5;0;land;false;plains
1442;162;5;0;land;false;plains
1443;163;5;0;land;false;plains
1444;164;5;0;land;false;plains
1445;165;5;0;land;false;plains
1446;166;5;0;land;false;plains
1447;167;5;0;land;false;plains
1448;168;5;0;land;false;plains
1449;169;5;0;land;false;plains
1450;170;5;0;land;false;plains
1451;171;5;0;land;false;plains
1452;172;5;0;land;false;plains
1453;173;5;0;land;false;plains
1454;174;5;0;land;false;plains
1455;175;5;0;land;false;plains
1456;176;5;0;land;false;plains
1457;177;5;0;land;false;plains
1458;178;5;0;land;false;plains
1459;179;5;0;land;false;plains
1460;180;5;0;land;false;forest
1461;181;5;0;land;false;plains
1462;182;5;0;land;false;plains
1463;183;5;0;land;false;plains
1464;184;5;0;land;false;plains
1465;185;5;0;land;false;plains
1466;186;5;0;land;false;plains
1467;187;5;0;land;true;plains
1468;188;5;0;land;false;plains
1469;189;5;0;land;false;plains
1470;190;5;0;land;false;forest
1471;191;5;0;land;false;forest
1472;192;5;0;land;false;plains
1473;193;5;0;land;false;forest
1474;194;5;0;land;false;forest
1475;195;5;0;land;false;forest
1476;196;5;0;land;false;forest
1477;197;5;0;land;false;forest
1478;198;5;0;land;false;forest
1479;199;5;0;land;false;forest
1480;200;5;0;land;false;forest
1481;201;5;0;land;false;forest
1482;202;5;0;land;false;forest
1483;203;5;0;land;false;forest
1484;204;5;0;land;false;forest
1485;205;5;0;land;false;forest
1486;206;5;0;land;false;plains
1487;207;5;0;land;false;plains
1488;208;5;0;land;false;forest
1489;209;5;0;land;false;marsh
1490;210;5;0;land;false;forest
1491;211;5;0;land;false;plains
1492;212;5;0;land;false;forest
1493;213;5;0;land;false;plains
1494;214;5;0;land;false;forest
1495;215;5;0;land;false;forest
1496;216;5;0;land;false;forest
1497;217;5;0;land;false;forest
1498;218;5;0;land;false;forest
1499;219;5;0;land;false;plains
1500;220;5;0;land;false;forest
1501;221;5;0;land;false;forest
1502;222;5;0;land;false;forest
1503;223;5;0;land;false;forest
1504;224;5;0;land;false;plains
1505;225;5;0;land;false;forest
1506;226;5;0;land;false;forest
1507;227;5;0;land;false;plains
1508;228;5;0;land;false;plains
1509;229;5;0;land;false;plains
1510;230;5;0;land;false;plains
1511;231;5;0;land;false;plains
1512;232;5;0;land;false;plains
1513;233;5;0;land;false;plains
1514;234;5;0;land;false;plains
1515;235;5;0;land;false;plains
1516;236;5;0;land;false;plains
1517;237;5;0;land;false;plains
1518;238;5;0;land;false;plains
1519;239;5;0;land;false;plains
1520;240;5;0;land;false;plains
1521;241;5;0;land;false;plains
1522;242;5;0;land;false;plains
1523;243;5;0;land;false;plains
1524;244;5;0;land;false;plains
1525;245;5;0;land;false;plains
1526;246;5;0;land;false;plains
1527;247;5;0;land;false;plains
1528;248;5;0;land;false;plains
1529;249;5;0;land;false;plains
1530;250;5;0;land;false;plains
1531;251;5;0;land;false;plains
1532;252;5;0;land;false;plains
1533;253;5;0;land;false;plains
1534;254;5;0;land;false;plains
1535;255;5;0;land;false;plains
1536;0;6;0;land;false;plains
1537;1;6;0;land;false;plains
1538;2;6;0;land;false;plains
1539;3;6;0;land;false;plains
1540;4;6;0;land;false;plains
1541;5;6;0;land;false;plains
1542;6;6;0;land;false;plains
1543;7;6;0;land;false;plains
1544;8;6;0;land;false;plains
1545;9;6;0;land;false;plains
1546;10;6;0;land;false;plains
1547;11;6;0;land;false;plains
1548;12;6;0;land;false;plains
1549;13;6;0;land;false;plains
1550;14;6;0;land;false;plains
1551;15;6;0;land;false;plains
1552;16;6;0;land;false;plains
1553;17;6;0;land;false;plains
1554;18;6;0;land;false;plains
1555;19;6;0;land;false;plains
1556;20;6;0;land;false;plains
1557;21;6;0;land;false;plains
1558;22;6;0;land;false;plains
1559;23;6;0;land;false;plains
1560;24;6;0;land;false;plains
1561;25;6;0;land;false;plains
1562;26;6;0;land;false;plains
1563;27;6;0;land;false;plains
1564;28;6;0;land;false;plains
1565;29;6;0;land;false;plains
1566;30;6;0;land;false;plains
1567;31;6;0;land;false;plains
1568;32;6;0;land;false;plains
1569;33;6;0;land;false;plains
1570;34;6;0;land;false;plains
1571;35;6;0;land;false;plains
1572;36;6;0;land;false;plains
1573;37;6;0;land;false;plains
1574;38;6;0;land;false;plains
1575;39;6;0;land;false;plains
1576;40;6;0;land;false;plains
1577;41;6;0;land;false;plains
1578;42;6;0;land;false;plains
1579;43;6;0;land;true;plains
1580;44;6;0;land;false;plains
1581;45;6;0;land;false;plains
1582;46;6;0;land;false;plains
1583;47;6;0;land;false;plains
1584;48;6;0;land;false;plains
1585;49;6;0;land;true;plains
1586;50;6;0;land;false;plains
1587;51;6;0;land;false;mountain
1588;52;6;0;land;false;mountain
1589;53;6;0;land;false;mountain
1590;54;6;0;land;false;hills
1591;55;6;0;land;true;hills
1592;56;6;0;land;true;hills
1593;57;6;0;land;false;hills
1594;58;6;0;land;false;mountain
1595;59;6;0;land;false;hills
1596;60;6;0;land;false;hills
1597;61;6;0;land;false;hills
1598;62;6;0;land;false;hills
1599;63;6;0;land;false;hills
1600;64;6;0;land;false;hills
1601;65;6;0;land;false;mountain
1602;66;6;0;land;false;mountain
1603;67;6;0;land;false;hills
1604;68;6;0;land;false;mountain
1605;69;6;0;land;false;mountain
1606;70;6;0;land;false;hills
1607;71;6;0;land;false;hills
1608;72;6;0;land;false;hills
1609;73;6;0;land;false;mountain
1610;74;6;0;land;false;hills
1611;75;6;0;land;false;hills
1612;76;6;0;land;false;plains
1613;77;6;0;land;false;forest
1614;78;6;0;land;false;hills
1615;79;6;0;land;false;hills
1616;80;6;0;land;false;plains
1617;81;6;0;land;false;hills
1618;82;6;0;land;false;forest
1619;83;6;0;land;false;hills
1620;84;6;0;land;false;hills
1621;85;6;0;land;false;forest
1622;86;6;0;land;false;mountain
1623;87;6;0;land;false;mountain
1624;88;6;0;land;false;mountain
1625;89;6;0;land;false;mountain
1626;90;6;0;land;false;plains
1627;91;6;0;land;false;plains
1628;92;6;0;land;false;plains
1629;93;6;0;land;false;hills
1630;94;6;0;land;false;hills
1631;95;6;0;land;false;hills
1632;96;6;0;land;false;plains
1633;97;6;0;land;false;forest
1634;98;6;0;land;false;plains
1635;99;6;0;land;false;forest
1636;100;6;0;land;false;plains
1637;101;6;0;land;false;hills
1638;102;6;0;land;false;forest
1639;103;6;0;land;false;plains
1640;104;6;0;land;false;plains
1641;105;6;0;land;false;forest
1642;106;6;0;land;false;hills
1643;107;6;0;land;false;hills
1644;108;6;0;land;false;hills
1645;109;6;0;land;false;hills
1646;110;6;0;land;false;hills
1647;111;6;0;land;false;forest
1648;112;6;0;land;false;plains
1649;113;6;0;land;false;hills
1650;114;6;0;land;false;forest
1651;115;6;0;land;false;forest
1652;116;6;0;land;false;forest
1653;117;6;0;land;true;hills
1654;118;6;0;land;false;hills
1655;119;6;0;land;true;hills
1656;120;6;0;land;true;hills
1657;121;6;0;land;true;hills
1658;122;6;0;land;false;hills
1659;123;6;0;land;false;plains
1660;124;6;0;land;false;plains
1661;125;6;0;land;false;plains
1662;126;6;0;land;false;plains
1663;127;6;0;land;false;plains
1664;128;6;0;land;false;plains
1665;129;6;0;land;false;plains
1666;130;6;0;land;false;plains
1667;131;6;0;land;false;plains
1668;132;6;0;land;false;plains
1669;133;6;0;land;true;hills
1670;134;6;0;land;false;hills
1671;135;6;0;land;true;plains
1672;136;6;0;land;false;hills
1673;137;6;0;land;false;hills
1674;138;6;0;land;false;plains
1675;139;6;0;land;true;plains
1676;140;6;0;land;false;plains
1677;141;6;0;land;true;plains
1678;142;6;0;land;false;plains
1679;143;6;0;land;true;plains
1680;144;6;0;land;true;plains
1681;145;6;0;land;true;plains
1682;146;6;0;land;false;plains
1683;147;6;0;land;false;plains
1684;148;6;0;land;false;hills
1685;149;6;0;land;false;hills
1686;150;6;0;land;false;hills
1687;151;6;0;land;false;hills
1688;152;6;0;land;false;desert
1689;153;6;0;land;false;desert
1690;154;6;0;land;false;desert
1691;155;6;0;land;false;desert
1692;156;6;0;land;false;mountain
1693;157;6;0;land;false;hills
1694;158;6;0;land;false;hills
1695;159;6;0;land;false;hills
1696;160;6;0;land;false;hills
1697;161;6;0;land;false;desert
1698;162;6;0;land;false;desert
1699;163;6;0;land;false;desert
1700;164;6;0;land;false;desert
1701;165;6;0;land;false;desert
1702;166;6;0;land;false;desert
1703;167;6;0;land;false;desert
1704;168;6;0;land;false;desert
1705;169;6;0;land;false;desert
1706;170;6;0;land;false;hills
1707;171;6;0;land;false;desert
1708;172;6;0;land;false;desert
1709;173;6;0;land;true;hills
1710;174;6;0;land;false;desert
1711;175;6;0;land;false;hills
1712;176;6;0;land;false;hills
1713;177;6;0;land;false;hills
1714;178;6;0;land;false;mountain
1715;179;6;0;land;false;hills
1716;180;6;0;land;false;desert
1717;181;6;0;land;false;hills
1718;182;6;0;land;false;desert
1719;183;6;0;land;false;desert
1720;184;6;0;land;true;desert
1721;185;6;0;land;true;desert
1722;186;6;0;land;false;hills
1723;187;6;0;land;false;hills
1724;188;6;0;land;false;mountain
1725;189;6;0;land;false;mountain
1726;190;6;0;land;false;mountain
1727;191;6;0;land;false;mountain
1728;192;6;0;land;false;hills
1729;193;6;0;land;false;hills
1730;194;6;0;land;false;hills
1731;195;6;0;land;false;mountain
1732;196;6;0;land;false;hills
1733;197;6;0;land;false;hills
1734;198;6;0;land;false;hills
1735;199;6;0;land;false;mountain
1736;200;6;0;land;false;hills
1737;201;6;0;land;false;hills
1738;202;6;0;land;false;forest
1739;203;6;0;land;false;hills
1740;204;6;0;land;false;forest
1741;205;6;0;land;false;forest
1742;206;6;0;land;false;plains
1743;207;6;0;land;false;hills
1744;208;6;0;land;false;hills
1745;209;6;0;land;false;forest
1746;210;6;0;land;false;plains
1747;211;6;0;land;false;hills
1748;212;6;0;land;false;hills
1749;213;6;0;land;false;hills
1750;214;6;0;land;false;forest
1751;215;6;0;land;false;hills
1752;216;6;0;land;false;hills
1753;217;6;0;land;false;hills
1754;218;6;0;land;false;forest
1755;219;6;0;land;false;hills
1756;220;6;0;land;false;plains
1757;221;6;0;land;false;hills
1758;222;6;0;land;false;hills
1759;223;6;0;land;false;hills
1760;224;6;0;land;false;hills
1761;225;6;0;land;false;hills
1762;226;6;0;land;false;hills
1763;227;6;0;land;false;hills
1764;228;6;0;land;false;hills
1765;229;6;0;land;false;hills
1766;230;6;0;land;false;hills
1767;231;6;0;land;false;hills
1768;232;6;0;land;false;hills
1769;233;6;0;land;false;hills
1770;234;6;0;land;false;hills
1771;235;6;0;land;true;hills
1772;236;6;0;land;true;hills
1773;237;6;0;land;false;hills
1774;238;6;0;land;true;hills
1775;239;6;0;land;true;hills
1776;240;6;0;land;false;hills
1777;241;6;0;land;true;plains
1778;242;6;0;land;false;plains
1779;243;6;0;land;false;hills
1780;244;6;0;land;false;hills
1781;245;6;0;land;false;hills
1782;246;6;0;land;true;forest
1783;247;6;0;land;false;hills
1784;248;6;0;land;false;hills
1785;249;6;0;land;false;plains
1786;250;6;0;land;true;forest
1787;251;6;0;land;true;hills
1788;252;6;0;land;true;plains
1789;253;6;0;land;true;hills
1790;254;6;0;land;false;hills
1791;255;6;0;land;false;hills
1792;0;7;0;land;false;hills
1793;1;7;0;land;false;hills
1794;2;7;0;land;false;plains
1795;3;7;0;land;false;plains
1796;4;7;0;land;false;hills
1797;5;7;0;land;false;plains
1798;6;7;0;land;false;hills
1799;7;7;0;land;false;forest
1800;8;7;0;land;false;hills
1801;9;7;0;land;false;hills
1802;10;7;0;land;false;hills
1803;11;7;0;land;false;hills
1804;12;7;0;land;false;hills
1805;13;7;0;land;false;hills
1806;14;7;0;land;false;hills
1807;15;7;0;land;false;hills
1808;16;7;0;land;false;hills
1809;17;7;0;land;false;hills
1810;18;7;0;land;false;hills
1811;19;7;0;land;false;hills
1812;20;7;0;land;false;hills
1813;21;7;0;land;false;hills
1814;22;7;0;land;false;hills
1815;23;7;0;land;true;plains
1816;24;7;0;land;true;hills
1817;25;7;0;land;false;hills
1818;26;7;0;land;false;hills
1819;27;7;0;land;true;plains
1820;28;7;0;land;true;hills
1821;29;7;0;land;false;hills
1822;30;7;0;land;true;hills
1823;31;7;0;land;true;hills
1824;32;7;0;land;false;desert
1825;33;7;0;land;false;desert
1826;34;7;0;land;false;hills
1827;35;7;0;land;true;hills
1828;36;7;0;land;true;hills
1829;37;7;0;land;true;hills
1830;38;7;0;land;false;mountain
1831;39;7;0;land;false;plains
1832;40;7;0;land;false;hills
1833;41;7;0;land;false;hills
1834;42;7;0;land;false;desert
1835;43;7;0;land;false;desert
1836;44;7;0;land;false;desert
1837;45;7;0;land;false;desert
1838;46;7;0;land;false;desert
1839;47;7;0;land;false;plains
1840;48;7;0;land;false;hills
1841;49;7;0;land;false;desert
1842;50;7;0;land;false;hills
1843;51;7;0;land;false;hills
1844;52;7;0;land;false;hills
1845;53;7;0;land;false;forest
1846;54;7;0;land;false;forest
1847;55;7;0;land;false;forest
1848;56;7;0;land;false;forest
1849;57;7;0;land;false;forest
1850;58;7;0;land;false;forest
1851;59;7;0;land;false;forest
1852;60;7;0;land;false;mountain
1853;61;7;0;land;false;hills
1854;62;7;0;land;false;mountain
1855;63;7;0;land;false;hills
1856;64;7;0;land;false;hills
1857;65;7;0;land;false;mountain
1858;66;7;0;land;false;desert
1859;67;7;0;land;false;desert
1860;68;7;0;land;false;desert
1861;69;7;0;land;false;plains
1862;70;7;0;land;false;plains
1863;71;7;0;land;false;hills
1864;72;7;0;land;false;mountain
1865;73;7;0;land;false;hills
1866;74;7;0;land;false;mountain
1867;75;7;0;land;false;mountain
1868;76;7;0;land;false;mountain
1869;77;7;0;land;false;plains
1870;78;7;0;land;false;plains
1871;79;7;0;land;false;plains
1872;80;7;0;land;false;plains
1873;81;7;0;land;false;plains
1874;82;7;0;land;false;plains
1875;83;7;0;land;false;plains
1876;84;7;0;land;false;plains
1877;85;7;0;land;false;plains
1878;86;7;0;land;false;plains
1879;87;7;0;land;false;plains
1880;88;7;0;land;false;plains
1881;89;7;0;land;false;plains
1882;90;7;0;land;false;plains
1883;91;7;0;land;false;forest
1884;92;7;0;land;false;forest
1885;93;7;0;land;false;forest
1886;94;7;0;land;false;desert
1887;95;7;0;land;false;forest
1888;96;7;0;land;false;plains
1889;97;7;0;land;false;plains
1890;98;7;0;land;false;plains
1891;99;7;0;land;false;plains
1892;100;7;0;land;false;plains
1893;101;7;0;land;false;plains
1894;102;7;0;land;false;forest
1895;103;7;0;land;false;forest
1896;104;7;0;land;false;forest
1897;105;7;0;land;false;forest
1898;106;7;0;land;false;forest
1899;107;7;0;land;false;forest
1900;108;7;0;land;false;forest
1901;109;7;0;land;false;forest
1902;110;7;0;land;false;forest
1903;111;7;0;land;false;forest
1904;112;7;0;land;false;forest
1905;113;7;0;land;false;forest
1906;114;7;0;land;false;plains
1907;115;7;0;land;false;plains
1908;116;7;0;land;false;plains
1909;117;7;0;land;false;plains
1910;118;7;0;land;false;plains
1911;119;7;0;land;false;plains
1912;120;7;0;land;false;plains
1913;121;7;0;land;false;hills
1914;122;7;0;land;false;hills
1915;123;7;0;land;false;plains
1916;124;7;0;land;false;hills
1917;125;7;0;land;false;hills
1918;126;7;0;land;false;plains
1919;127;7;0;land;false;hills
1920;128;7;0;land;false;hills
1921;129;7;0;land;false;plains
1922;130;7;0;land;false;hills
1923;131;7;0;land;false;plains
1924;132;7;0;land;true;hills
1925;133;7;0;land;false;hills
1926;134;7;0;land;true;hills
1927;135;7;0;land;false;plains
1928;136;7;0;land;false;plains
1929;137;7;0;land;true;forest
1930;138;7;0;land;false;plains
1931;139;7;0;land;true;plains
1932;140;7;0;land;true;plains
1933;141;7;0;land;false;plains
1934;142;7;0;land;true;forest
1935;143;7;0;land;false;plains
1936;144;7;0;land;false;desert
1937;145;7;0;land;false;plains
1938;146;7;0;land;false;plains
1939;147;7;0;land;false;plains
1940;148;7;0;land;false;plains
1941;149;7;0;land;false;desert
1942;150;7;0;land;false;desert
1943;151;7;0;land;false;plains
1944;152;7;0;land;false;plains
1945;153;7;0;land;false;plains
1946;154;7;0;land;false;plains
1947;155;7;0;land;false;plains
1948;156;7;0;land;false;plains
1949;157;7;0;land;false;plains
1950;158;7;0;land;false;plains
1951;159;7;0;land;false;plains
1952;160;7;0;land;false;plains
1953;161;7;0;land;false;plains
1954;162;7;0;land;false;plains
1955;163;7;0;land;false;plains
1956;164;7;0;land;false;plains
1957;165;7;0;land;false;plains
1958;166;7;0;land;false;plains
1959;167;7;0;land;false;plains
1960;168;7;0;land;false;plains
1961;169;7;0;land;false;plains
1962;170;7;0;land;false;plains
1963;171;7;0;land;false;plains
1964;172;7;0;land;false;plains
1965;173;7;0;land;false;plains
1966;174;7;0;land;true;hills
1967;175;7;0;land;false;plains
1968;176;7;0;land;false;plains
1969;177;7;0;land;false;plains
1970;178;7;0;land;false;plains
1971;179;7;0;land;false;forest
1972;180;7;0;land;false;plains
1973;181;7;0;land;false;plains
1974;182;7;0;land;false;plains
1975;183;7;0;land;false;plains
1976;184;7;0;land;false;forest
1977;185;7;0;land;false;plains
1978;186;7;0;land;false;plains
1979;187;7;0;land;false;plains
1980;188;7;0;land;false;plains
1981;189;7;0;land;false;plains
1982;190;7;0;land;false;plains
1983;191;7;0;land;false;forest
1984;192;7;0;land;false;plains
1985;193;7;0;land;false;plains
1986;194;7;0;land;false;plains
1987;195;7;0;land;false;plains
1988;196;7;0;land;false;plains
1989;197;7;0;land;false;desert
1990;198;7;0;land;false;plains
1991;199;7;0;land;false;desert
1992;200;7;0;land;false;plains
1993;201;7;0;land;false;plains
1994;202;7;0;land;false;plains
1995;203;7;0;land;false;plains
1996;204;7;0;land;false;plains
1997;205;7;0;land;false;plains
1998;206;7;0;land;false;plains
1999;207;7;0;land;false;plains
2000;208;7;0;land;false;plains
2001;209;7;0;land;false;plains
2002;210;7;0;land;false;plains
2003;211;7;0;land;false;plains
2004;212;7;0;land;true;forest
2005;213;7;0;land;false;forest
2006;214;7;0;land;true;forest
2007;215;7;0;land;true;forest
2008;216;7;0;land;true;forest
2009;217;7;0;land;false;forest
2010;218;7;0;land;false;forest
2011;219;7;0;land;true;forest
2012;220;7;0;land;true;forest
2013;221;7;0;land;false;plains
2014;222;7;0;land;true;forest
2015;223;7;0;land;true;plains
2016;224;7;0;land;false;hills
2017;225;7;0;land;true;plains
2018;226;7;0;land;true;plains
2019;227;7;0;land;false;plains
2020;228;7;0;land;false;plains
2021;229;7;0;land;false;plains
2022;230;7;0;land;false;hills
2023;231;7;0;land;false;hills
2024;232;7;0;land;false;hills
2025;233;7;0;land;false;plains
2026;234;7;0;land;false;hills
2027;235;7;0;land;false;hills
2028;236;7;0;land;false;forest
2029;237;7;0;land;false;hills
2030;238;7;0;land;false;forest
2031;239;7;0;land;false;hills
2032;240;7;0;land;false;mountain
2033;241;7;0;land;false;hills
2034;242;7;0;land;true;hills
2035;243;7;0;land;false;hills
2036;244;7;0;land;false;hills
2037;245;7;0;land;false;hills
2038;246;7;0;land;false;forest
2039;247;7;0;land;true;forest
2040;248;7;0;land;false;plains
2041;249;7;0;land;false;plains
2042;250;7;0;land;false;plains
2043;251;7;0;land;false;plains
2044;252;7;0;land;false;plains
2045;253;7;0;land;false;plains
2046;254;7;0;land;false;plains
2047;255;7;0;land;false;plains
2048;0;8;0;land;false;plains
2049;1;8;0;land;true;marsh
2050;2;8;0;land;false;plains
2051;3;8;0;land;true;plains
2052;4;8;0;land;false;plains
2053;5;8;0;land;true;plains
2054;6;8;0;land;false;plains
2055;7;8;0;land;false;plains
2056;8;8;0;land;true;forest
2057;9;8;0;land;false;plains
2058;10;8;0;land;false;hills
2059;11;8;0;land;false;plains
2060;12;8;0;land;false;plains
2061;13;8;0;land;false;plains
2062;14;8;0;land;false;plains
2063;15;8;0;land;false;hills
2064;16;8;0;land;false;hills
2065;17;8;0;land;false;hills
2066;18;8;0;land;false;hills
2067;19;8;0;land;true;hills
2068;20;8;0;land;false;hills
2069;21;8;0;land;true;hills
2070;22;8;0;land;false;hills
2071;23;8;0;land;false;hills
2072;24;8;0;land;false;mountain
2073;25;8;0;land;false;mountain
2074;26;8;0;land;false;hills
2075;27;8;0;land;true;hills
2076;28;8;0;land;false;hills
2077;29;8;0;land;false;hills
2078;30;8;0;land;false;forest
2079;31;8;0;land;false;hills
2080;32;8;0;land;false;hills
2081;33;8;0;land;false;hills
2082;34;8;0;land;false;mountain
2083;35;8;0;land;false;mountain
2084;36;8;0;land;false;hills
2085;37;8;0;land;false;hills
2086;38;8;0;land;false;mountain
2087;39;8;0;land;false;hills
2088;40;8;0;land;false;hills
2089;41;8;0;land;false;plains
2090;42;8;0;land;false;mountain
2091;43;8;0;land;false;hills
2092;44;8;0;land;false;plains
2093;45;8;0;land;false;hills
2094;46;8;0;land;false;mountain
2095;47;8;0;land;false;mountain
2096;48;8;0;land;false;plains
2097;49;8;0;land;false;hills
2098;50;8;0;land;false;hills
2099;51;8;0;land;false;plains
2100;52;8;0;land;false;forest
2101;53;8;0;land;false;forest
2102;54;8;0;land;false;forest
2103;55;8;0;land;false;forest
2104;56;8;0;land;false;forest
2105;57;8;0;land;false;forest
2106;58;8;0;land;false;forest
2107;59;8;0;land;false;forest
2108;60;8;0;land;false;forest
2109;61;8;0;land;false;forest
2110;62;8;0;land;false;forest
2111;63;8;0;land;false;forest
2112;64;8;0;land;false;forest
2113;65;8;0;land;false;forest
2114;66;8;0;land;false;forest
2115;67;8;0;land;false;forest
2116;68;8;0;land;false;forest
2117;69;8;0;land;false;plains
2118;70;8;0;land;false;plains
2119;71;8;0;land;false;plains
2120;72;8;0;land;false;plains
2121;73;8;0;land;false;plains
2122;74;8;0;land;false;plains
2123;75;8;0;land;false;plains
2124;76;8;0;land;false;plains
2125;77;8;0;land;false;plains
2126;78;8;0;land;false;plains
2127;79;8;0;land;false;plains
2128;80;8;0;land;false;forest
2129;81;8;0;land;false;forest
2130;82;8;0;land;false;forest
2131;83;8;0;land;false;plains
2132;84;8;0;land;false;forest
2133;85;8;0;land;false;forest
2134;86;8;0;land;false;plains
2135;87;8;0;land;false;forest
2136;88;8;0;land;false;plains
2137;89;8;0;land;false;forest
2138;90;8;0;land;false;plains
2139;91;8;0;land;false;plains
2140;92;8;0;land;false;plains
2141;93;8;0;land;false;plains
2142;94;8;0;land;false;plains
2143;95;8;0;land;false;plains
2144;96;8;0;land;false;plains
2145;97;8;0;land;false;plains
2146;98;8;0;land;false;plains
2147;99;8;0;land;false;plains
2148;100;8;0;land;false;plains
2149;101;8;0;land;false;plains
2150;102;8;0;land;false;forest
2151;103;8;0;land;false;plains
2152;104;8;0;land;false;forest
2153;105;8;0;land;false;plains
2154;106;8;0;land;false;forest
2155;107;8;0;land;false;forest
2156;108;8;0;land;false;forest
2157;109;8;0;land;false;forest
2158;110;8;0;land;false;forest
2159;111;8;0;land;false;plains
2160;112;8;0;land;false;plains
2161;113;8;0;land;false;plains
2162;114;8;0;land;false;forest
2163;115;8;0;land;false;plains
2164;116;8;0;land;false;forest
2165;117;8;0;land;false;plains
2166;118;8;0;land;false;forest
2167;119;8;0;land;false;forest
2168;120;8;0;land;false;plains
2169;121;8;0;land;false;plains
2170;122;8;0;land;false;plains
2171;123;8;0;land;false;forest
2172;124;8;0;land;false;plains
2173;125;8;0;land;false;forest
2174;126;8;0;land;false;forest
2175;127;8;0;land;false;forest
2176;128;8;0;land;false;plains
2177;129;8;0;land;false;plains
2178;130;8;0;land;false;plains
2179;131;8;0;land;false;plains
2180;132;8;0;land;false;plains
2181;133;8;0;land;false;plains
2182;134;8;0;land;false;forest
2183;135;8;0;land;false;plains
2184;136;8;0;land;false;forest
2185;137;8;0;land;false;forest
2186;138;8;0;land;false;plains
2187;139;8;0;land;false;plains
2188;140;8;0;land;false;forest
2189;141;8;0;land;false;forest
2190;142;8;0;land;false;plains
2191;143;8;0;land;false;plains
2192;144;8;0;land;false;forest
2193;145;8;0;land;false;plains
2194;146;8;0;land;false;forest
2195;147;8;0;land;false;forest
2196;148;8;0;land;false;forest
2197;149;8;0;land;false;forest
2198;150;8;0;land;false;forest
2199;151;8;0;land;false;forest
2200;152;8;0;land;false;forest
2201;153;8;0;land;false;forest
2202;154;8;0;land;false;forest
2203;155;8;0;land;false;forest
2204;156;8;0;land;false;forest
2205;157;8;0;land;false;forest
2206;158;8;0;land;false;forest
2207;159;8;0;land;false;plains
2208;160;8;0;land;false;hills
2209;161;8;0;land;false;forest
2210;162;8;0;land;false;forest
2211;163;8;0;land;false;forest
2212;164;8;0;land;true;plains
2213;165;8;0;land;false;plains
2214;166;8;0;land;false;forest
2215;167;8;0;land;false;forest
2216;168;8;0;land;false;forest
2217;169;8;0;land;false;forest
2218;170;8;0;land;false;hills
2219;171;8;0;land;false;hills
2220;172;8;0;land;false;forest
2221;173;8;0;land;false;hills
2222;174;8;0;land;false;plains
2223;175;8;0;land;true;plains
2224;176;8;0;land;true;plains
2225;177;8;0;land;true;plains
2226;178;8;0;land;false;plains
2227;179;8;0;land;true;plains
2228;180;8;0;land;true;plains
2229;181;8;0;land;false;plains
2230;182;8;0;land;true;plains
2231;183;8;0;land;true;plains
2232;184;8;0;land;false;forest
2233;185;8;0;land;true;forest
2234;186;8;0;land;false;forest
2235;187;8;0;land;false;hills
2236;188;8;0;land;false;forest
2237;189;8;0;land;true;plains
2238;190;8;0;land;true;forest
2239;191;8;0;land;true;forest
2240;192;8;0;land;true;forest
2241;193;8;0;land;false;forest
2242;194;8;0;land;true;forest
2243;195;8;0;land;false;forest
2244;196;8;0;land;false;forest
2245;197;8;0;land;false;forest
2246;198;8;0;land;true;forest
2247;199;8;0;land;false;forest
2248;200;8;0;land;false;forest
2249;201;8;0;land;false;forest
2250;202;8;0;land;false;forest
2251;203;8;0;land;true;forest
2252;204;8;0;land;false;forest
2253;205;8;0;land;false;hills
2254;206;8;0;land;true;forest
2255;207;8;0;land;true;forest
2256;208;8;0;land;false;forest
2257;209;8;0;land;false;forest
2258;210;8;0;land;true;forest
2259;211;8;0;land;false;forest
2260;212;8;0;land;false;forest
2261;213;8;0;land;false;forest
2262;214;8;0;land;true;forest
2263;215;8;0;land;true;forest
2264;216;8;0;land;false;hills
2265;217;8;0;land;false;hills
2266;218;8;0;land;false;hills
2267;219;8;0;land;false;hills
2268;220;8;0;land;false;hills
2269;221;8;0;land;false;hills
2270;222;8;0;land;false;mountain
2271;223;8;0;land;false;mountain
2272;224;8;0;land;false;hills
2273;225;8;0;land;true;hills
2274;226;8;0;land;true;hills
2275;227;8;0;land;false;hills
2276;228;8;0;land;true;hills
2277;229;8;0;land;true;hills
2278;230;8;0;land;true;hills
2279;231;8;0;land;true;hills
2280;232;8;0;land;false;hills
2281;233;8;0;land;true;hills
2282;234;8;0;land;true;hills
2283;235;8;0;land;false;hills
2284;236;8;0;land;true;hills
2285;237;8;0;land;true;hills
2286;238;8;0;land;false;hills
2287;239;8;0;land;true;hills
2288;240;8;0;land;false;hills
2289;241;8;0;land;false;mountain
2290;242;8;0;land;false;hills
2291;243;8;0;land;true;hills
2292;244;8;0;land;false;hills
2293;245;8;0;land;true;hills
2294;246;8;0;land;false;mountain
2295;247;8;0;land;false;mountain
2296;248;8;0;land;false;hills
2297;249;8;0;land;false;mountain
2298;250;8;0;land;false;mountain
2299;251;8;0;land;false;mountain
2300;252;8;0;land;false;hills
2301;253;8;0;land;false;hills
2302;254;8;0;land;false;mountain
2303;255;8;0;land;false;desert
2304;0;9;0;land;false;mountain
2305;1;9;0;land;false;hills
2306;2;9;0;land;false;desert
2307;3;9;0;land;false;mountain
2308;4;9;0;land;false;mountain
2309;5;9;0;land;false;plains
2310;6;9;0;land;false;hills
2311;7;9;0;land;false;desert
2312;8;9;0;land;false;hills
2313;9;9;0;land;false;hills
2314;10;9;0;land;false;hills
2315;11;9;0;land;false;hills
2316;12;9;0;land;true;hills
2317;13;9;0;land;false;plains
2318;14;9;0;land;true;plains
2319;15;9;0;land;false;hills
2320;16;9;0;land;false;hills
2321;17;9;0;land;true;plains
2322;18;9;0;land;false;hills
2323;19;9;0;land;false;mountain
2324;20;9;0;land;false;hills
2325;21;9;0;land;true;hills
2326;22;9;0;land;true;hills
2327;23;9;0;land;false;forest
2328;24;9;0;land;false;hills
2329;25;9;0;land;true;hills
2330;26;9;0;land;true;forest
2331;27;9;0;land;true;forest
2332;28;9;0;land;true;forest
2333;29;9;0;land;true;plains
2334;30;9;0;land;true;forest
2335;31;9;0;land;true;forest
2336;32;9;0;land;true;plains
2337;33;9;0;land;true;forest
2338;34;9;0;land;false;forest
2339;35;9;0;land;false;forest
2340;36;9;0;land;true;forest
2341;37;9;0;land;true;plains
2342;38;9;0;land;false;hills
2343;39;9;0;land;true;hills
2344;40;9;0;land;true;hills
2345;41;9;0;land;true;hills
2346;42;9;0;land;true;hills
2347;43;9;0;land;true;hills
2348;44;9;0;land;false;forest
2349;45;9;0;land;false;hills
2350;46;9;0;land;false;forest
2351;47;9;0;land;false;hills
2352;48;9;0;land;false;forest
2353;49;9;0;land;false;hills
2354;50;9;0;land;false;hills
2355;51;9;0;land;false;forest
2356;52;9;0;land;false;hills
2357;53;9;0;land;false;forest
2358;54;9;0;land;false;forest
2359;55;9;0;land;false;forest
2360;56;9;0;land;false;forest
2361;57;9;0;land;false;forest
2362;58;9;0;land;false;forest
2363;59;9;0;land;false;forest
2364;60;9;0;land;false;forest
2365;61;9;0;land;false;forest
2366;62;9;0;land;false;forest
2367;63;9;0;land;false;forest
2368;64;9;0;land;false;forest
2369;65;9;0;land;false;forest
2370;66;9;0;land;false;forest
2371;67;9;0;land;false;forest
2372;68;9;0;land;false;forest
2373;69;9;0;land;false;forest
2374;70;9;0;land;false;forest
2375;71;9;0;land;false;forest
2376;72;9;0;land;false;forest
2377;73;9;0;land;false;forest
2378;74;9;0;land;false;forest
2379;75;9;0;land;false;forest
2380;76;9;0;land;false;forest
2381;77;9;0;land;false;forest
2382;78;9;0;land;false;forest
2383;79;9;0;land;false;hills
2384;80;9;0;land;false;forest
2385;81;9;0;land;false;hills
2386;82;9;0;land;false;hills
2387;83;9;0;land;false;forest
2388;84;9;0;land;false;hills
2389;85;9;0;land;false;forest
2390;86;9;0;land;false;forest
2391;87;9;0;land;false;hills
2392;88;9;0;land;true;hills
2393;89;9;0;land;false;mountain
2394;90;9;0;land;true;mountain
2395;91;9;0;land;true;plains
2396;92;9;0;land;false;mountain
2397;93;9;0;land;false;forest
2398;94;9;0;land;false;hills
2399;95;9;0;land;false;mountain
2400;96;9;0;land;true;hills
2401;97;9;0;land;true;mountain
2402;98;9;0;land;true;hills
2403;99;9;0;land;false;hills
2404;100;9;0;land;false;hills
2405;101;9;0;land;false;hills
2406;102;9;0;land;false;hills
2407;103;9;0;land;false;hills
2408;104;9;0;land;false;hills
2409;105;9;0;land;false;hills
2410;106;9;0;land;false;hills
2411;107;9;0;land;false;hills
2412;108;9;0;land;false;forest
2413;109;9;0;land;false;mountain
2414;110;9;0;land;false;hills
2415;111;9;0;land;false;hills
2416;112;9;0;land;false;forest
2417;113;9;0;land;false;forest
2418;114;9;0;land;false;forest
2419;115;9;0;land;false;hills
2420;116;9;0;land;false;forest
2421;117;9;0;land;false;hills
2422;118;9;0;land;false;forest
2423;119;9;0;land;false;forest
2424;120;9;0;land;false;forest
2425;121;9;0;land;false;forest
2426;122;9;0;land;false;forest
2427;123;9;0;land;false;forest
2428;124;9;0;land;false;forest
2429;125;9;0;land;false;forest
2430;126;9;0;land;false;forest
2431;127;9;0;land;false;forest
2432;128;9;0;land;false;forest
2433;129;9;0;land;false;forest
2434;130;9;0;land;false;forest
2435;131;9;0;land;false;forest
2436;132;9;0;land;false;forest
2437;133;9;0;land;false;forest
2438;134;9;0;land;false;forest
2439;135;9;0;land;false;forest
2440;136;9;0;land;false;forest
2441;137;9;0;land;false;forest
2442;138;9;0;land;false;forest
2443;139;9;0;land;false;forest
2444;140;9;0;land;false;forest
2445;141;9;0;land;false;forest
2446;142;9;0;land;false;forest
2447;143;9;0;land;false;plains
2448;144;9;0;land;false;forest
2449;145;9;0;land;false;forest
2450;146;9;0;land;false;hills
2451;147;9;0;land;false;forest
2452;148;9;0;land;false;forest
2453;149;9;0;land;false;forest
2454;150;9;0;land;false;forest
2455;151;9;0;land;false;forest
2456;152;9;0;land;false;marsh
2457;153;9;0;land;false;plains
2458;154;9;0;land;false;marsh
2459;155;9;0;land;false;plains
2460;156;9;0;land;false;plains
2461;157;9;0;land;false;plains
2462;158;9;0;land;false;plains
2463;159;9;0;land;false;plains
2464;160;9;0;land;false;marsh
2465;161;9;0;land;false;hills
2466;162;9;0;land;false;mountain
2467;163;9;0;land;false;mountain
2468;164;9;0;land;false;mountain
2469;165;9;0;land;false;hills
2470;166;9;0;land;false;mountain
2471;167;9;0;land;true;mountain
2472;168;9;0;land;true;mountain
2473;169;9;0;land;false;hills
2474;170;9;0;land;false;mountain
2475;171;9;0;land;false;mountain
2476;172;9;0;land;false;mountain
2477;173;9;0;land;true;mountain
2478;174;9;0;land;false;mountain
2479;175;9;0;land;false;hills
2480;176;9;0;land;false;mountain
2481;177;9;0;land;true;hills
2482;178;9;0;land;true;hills
2483;179;9;0;land;false;hills
2484;180;9;0;land;false;hills
2485;181;9;0;land;false;hills
2486;182;9;0;land;true;hills
2487;183;9;0;land;true;hills
2488;184;9;0;land;true;hills
2489;185;9;0;land;true;plains
2490;186;9;0;land;false;hills
2491;187;9;0;land;true;plains
2492;188;9;0;land;false;hills
2493;189;9;0;land;false;hills
2494;190;9;0;land;false;desert
2495;191;9;0;land;false;hills
2496;192;9;0;land;true;hills
2497;193;9;0;land;true;plains
2498;194;9;0;land;false;hills
2499;195;9;0;land;true;hills
2500;196;9;0;land;true;mountain
2501;197;9;0;land;true;hills
2502;198;9;0;land;true;hills
2503;199;9;0;land;true;hills
2504;200;9;0;land;true;hills
2505;201;9;0;land;false;hills
2506;202;9;0;land;false;hills
2507;203;9;0;land;true;hills
2508;204;9;0;land;false;hills
2509;205;9;0;land;true;plains
2510;206;9;0;land;true;plains
2511;207;9;0;land;true;hills
2512;208;9;0;land;true;plains
2513;209;9;0;land;true;hills
2514;210;9;0;land;true;hills
2515;211;9;0;land;true;hills
2516;212;9;0;land;true;plains
2517;213;9;0;land;true;hills
2518;214;9;0;land;true;forest
2519;215;9;0;land;true;hills
2520;216;9;0;land;true;hills
2521;217;9;0;land;true;hills
2522;218;9;0;land;true;hills
2523;219;9;0;land;true;hills
2524;220;9;0;land;true;hills
2525;221;9;0;land;true;hills
2526;222;9;0;land;true;hills
2527;223;9;0;land;false;hills
2528;224;9;0;land;true;plains
2529;225;9;0;land;false;plains
2530;226;9;0;land;false;plains
2531;227;9;0;land;false;hills
2532;228;9;0;land;false;plains
2533;229;9;0;land;false;plains
2534;230;9;0;land;false;plains
2535;231;9;0;land;false;plains
2536;232;9;0;land;false;hills
2537;233;9;0;land;false;plains
2538;234;9;0;land;false;forest
2539;235;9;0;land;false;forest
2540;236;9;0;land;false;forest
2541;237;9;0;land;false;forest
2542;238;9;0;land;false;plains
2543;239;9;0;land;false;plains
2544;240;9;0;land;false;forest
2545;241;9;0;land;true;plains
2546;242;9;0;land;true;forest
2547;243;9;0;land;false;forest
2548;244;9;0;land;false;plains
2549;245;9;0;land;true;plains
2550;246;9;0;land;false;mountain
2551;247;9;0;land;true;hills
2552;248;9;0;land;true;hills
2553;249;9;0;land;false;forest
2554;250;9;0;land;false;hills
2555;251;9;0;land;false;mountain
2556;252;9;0;land;true;forest
2557;253;9;0;land;false;hills
2558;254;9;0;land;true;forest
2559;255;9;0;land;true;hills
2560;0;10;0;land;false;mountain
2561;1;10;0;land;true;hills
2562;2;10;0;land;true;forest
2563;3;10;0;land;false;hills
2564;4;10;0;land;false;forest
2565;5;10;0;land;true;forest
2566;6;10;0;land;true;forest
2567;7;10;0;land;false;forest
2568;8;10;0;land;false;forest
2569;9;10;0;land;false;forest
2570;10;10;0;land;true;forest
2571;11;10;0;land;false;hills
2572;12;10;0;land;false;forest
2573;13;10;0;land;true;desert
2574;14;10;0;land;false;desert
2575;15;10;0;land;false;hills
2576;16;10;0;land;true;desert
2577;17;10;0;land;true;desert
2578;18;10;0;land;true;desert
2579;19;10;0;land;false;hills
2580;20;10;0;land;true;desert
2581;21;10;0;land;false;plains
2582;22;10;0;land;true;plains
2583;23;10;0;land;false;plains
2584;24;10;0;land;false;plains
2585;25;10;0;land;false;plains
2586;26;10;0;land;false;plains
2587;27;10;0;land;true;plains
2588;28;10;0;land;true;plains
2589;29;10;0;land;false;plains
2590;30;10;0;land;false;plains
2591;31;10;0;land;false;plains
2592;32;10;0;land;true;plains
2593;33;10;0;land;true;plains
2594;34;10;0;land;false;plains
2595;35;10;0;land;false;plains
2596;36;10;0;land;false;plains
2597;37;10;0;land;false;plains
2598;38;10;0;land;false;plains
2599;39;10;0;land;false;plains
2600;40;10;0;land;false;plains
2601;41;10;0;land;false;plains
2602;42;10;0;land;false;plains
2603;43;10;0;land;false;plains
2604;44;10;0;land;false;plains
2605;45;10;0;land;false;plains
2606;46;10;0;land;false;plains
2607;47;10;0;land;false;desert
2608;48;10;0;land;false;plains
2609;49;10;0;land;false;plains
2610;50;10;0;land;false;plains
2611;51;10;0;land;false;plains
2612;52;10;0;land;false;plains
2613;53;10;0;land;false;plains
2614;54;10;0;land;false;plains
2615;55;10;0;land;false;plains
2616;56;10;0;land;false;plains
2617;57;10;0;land;false;plains
2618;58;10;0;land;false;plains
2619;59;10;0;land;false;desert
2620;60;10;0;land;false;plains
2621;61;10;0;land;false;desert
2622;62;10;0;land;false;desert
2623;63;10;0;land;false;desert
2624;64;10;0;land;false;plains
2625;65;10;0;land;false;desert
2626;66;10;0;land;false;hills
2627;67;10;0;land;false;hills
2628;68;10;0;land;true;hills
2629;69;10;0;land;false;hills
2630;70;10;0;land;false;mountain
2631;71;10;0;land;false;hills
2632;72;10;0;land;false;hills
2633;73;10;0;land;false;desert
2634;74;10;0;land;false;hills
2635;75;10;0;land;false;hills
2636;76;10;0;land;false;hills
2637;77;10;0;land;false;mountain
2638;78;10;0;land;false;hills
2639;79;10;0;land;false;mountain
2640;80;10;0;land;false;hills
2641;81;10;0;land;false;hills
2642;82;10;0;land;false;hills
2643;83;10;0;land;false;hills
2644;84;10;0;land;false;hills
2645;85;10;0;land;false;hills
2646;86;10;0;land;false;hills
2647;87;10;0;land;false;hills
2648;88;10;0;land;true;hills
2649;89;10;0;land;false;hills
2650;90;10;0;land;true;hills
2651;91;10;0;land;false;hills
2652;92;10;0;land;false;desert
2653;93;10;0;land;false;hills
2654;94;10;0;land;false;hills
2655;95;10;0;land;false;mountain
2656;96;10;0;land;false;hills
2657;97;10;0;land;false;mountain
2658;98;10;0;land;false;mountain
2659;99;10;0;land;false;mountain
2660;100;10;0;land;false;hills
2661;101;10;0;land;false;hills
2662;102;10;0;land;false;mountain
2663;103;10;0;land;false;hills
2664;104;10;0;land;true;hills
2665;105;10;0;land;true;hills
2666;106;10;0;land;false;hills
2667;107;10;0;land;false;mountain
2668;108;10;0;land;false;mountain
2669;109;10;0;land;false;hills
2670;110;10;0;land;false;mountain
2671;111;10;0;land;false;mountain
2672;112;10;0;land;false;hills
2673;113;10;0;land;false;hills
2674;114;10;0;land;false;hills
2675;115;10;0;land;false;plains
2676;116;10;0;land;false;plains
2677;117;10;0;land;false;plains
2678;118;10;0;land;false;plains
2679;119;10;0;land;false;plains
2680;120;10;0;land;false;plains
2681;121;10;0;land;false;forest
2682;122;10;0;land;false;plains
2683;123;10;0;land;false;forest
2684;124;10;0;land;false;forest
2685;125;10;0;land;false;forest
2686;126;10;0;land;false;plains
2687;127;10;0;land;false;forest
2688;128;10;0;land;false;forest
2689;129;10;0;land;false;forest
2690;130;10;0;land;false;forest
2691;131;10;0;land;false;plains
2692;132;10;0;land;false;plains
2693;133;10;0;land;false;plains
2694;134;10;0;land;false;plains
2695;135;10;0;land;false;plains
2696;136;10;0;land;false;plains
2697;137;10;0;land;false;plains
2698;138;10;0;land;false;plains
2699;139;10;0;land;false;forest
2700;140;10;0;land;false;forest
2701;141;10;0;land;false;plains
2702;142;10;0;land;false;plains
2703;143;10;0;land;false;forest
2704;144;10;0;land;false;plains
2705;145;10;0;land;false;plains
2706;146;10;0;land;false;plains
2707;147;10;0;land;false;plains
2708;148;10;0;land;false;plains
2709;149;10;0;land;false;plains
2710;150;10;0;land;false;plains
2711;151;10;0;land;false;plains
2712;152;10;0;land;false;plains
2713;153;10;0;land;false;plains
2714;154;10;0;land;false;plains
2715;155;10;0;land;false;plains
2716;156;10;0;land;false;plains
2717;157;10;0;land;false;plains
2718;158;10;0;land;false;plains
2719;159;10;0;land;false;plains
2720;160;10;0;land;false;plains
2721;161;10;0;land;false;plains
2722;162;10;0;land;false;plains
2723;163;10;0;land;false;plains
2724;164;10;0;land;false;plains
2725;165;10;0;land;false;plains
2726;166;10;0;land;false;forest
2727;167;10;0;land;false;plains
2728;168;10;0;land;false;plains
2729;169;10;0;land;false;plains
2730;170;10;0;land;false;plains
2731;171;10;0;land;false;plains
2732;172;10;0;land;false;plains
2733;173;10;0;land;false;plains
2734;174;10;0;land;false;plains
2735;175;10;0;land;false;plains
2736;176;10;0;land;false;plains
2737;177;10;0;land;false;forest
2738;178;10;0;land;false;forest
2739;179;10;0;land;false;forest
2740;180;10;0;land;false;forest
2741;181;10;0;land;false;forest
2742;182;10;0;land;false;plains
2743;183;10;0;land;false;forest
2744;184;10;0;land;false;plains
2745;185;10;0;land;false;hills
2746;186;10;0;land;false;plains
2747;187;10;0;land;false;plains
2748;188;10;0;land;false;plains
2749;189;10;0;land;false;plains
2750;190;10;0;land;false;hills
2751;191;10;0;land;false;plains
2752;192;10;0;land;false;plains
2753;193;10;0;land;false;plains
2754;194;10;0;land;false;plains
2755;195;10;0;land;false;plains
2756;196;10;0;land;false;plains
2757;197;10;0;land;false;plains
2758;198;10;0;land;false;plains
2759;199;10;0;land;false;plains
2760;200;10;0;land;false;plains
2761;201;10;0;land;false;plains
2762;202;10;0;land;false;plains
2763;203;10;0;land;false;plains
2764;204;10;0;land;false;plains
2765;205;10;0;land;false;plains
2766;206;10;0;land;false;plains
2767;207;10;0;land;false;plains
2768;208;10;0;land;false;plains
2769;209;10;0;land;false;plains
2770;210;10;0;land;false;plains
2771;211;10;0;land;false;plains
2772;212;10;0;land;false;plains
2773;213;10;0;land;false;plains
2774;214;10;0;land;false;plains
2775;215;10;0;land;false;plains
2776;216;10;0;land;true;plains
2777;217;10;0;land;true;plains
2778;218;10;0;land;false;plains
2779;219;10;0;land;false;plains
2780;220;10;0;land;false;plains
2781;221;10;0;land;false;plains
2782;222;10;0;land;false;plains
2783;223;10;0;land;false;plains
2784;224;10;0;land;false;plains
2785;225;10;0;land;false;plains
2786;226;10;0;land;false;plains
2787;227;10;0;land;false;plains
2788;228;10;0;land;false;plains
2789;229;10;0;land;false;plains
2790;230;10;0;land;false;plains
2791;231;10;0;land;false;plains
2792;232;10;0;land;false;plains
2793;233;10;0;land;false;plains
2794;234;10;0;land;false;plains
2795;235;10;0;land;true;plains
2796;236;10;0;land;false;plains
2797;237;10;0;land;false;plains
2798;238;10;0;land;true;plains
2799;239;10;0;land;false;hills
2800;240;10;0;land;false;desert
2801;241;10;0;land;true;hills
2802;242;10;0;land;true;hills
2803;243;10;0;land;false;desert
2804;244;10;0;land;false;desert
2805;245;10;0;land;false;desert
2806;246;10;0;land;false;desert
2807;247;10;0;land;false;desert
2808;248;10;0;land;false;desert
2809;249;10;0;land;false;desert
2810;250;10;0;land;false;desert
2811;251;10;0;land;false;desert
2812;252;10;0;land;false;desert
2813;253;10;0;land;false;desert
2814;254;10;0;land;false;desert
2815;255;10;0;land;false;desert
2816;0;11;0;land;false;desert
2817;1;11;0;land;false;desert
2818;2;11;0;land;false;desert
2819;3;11;0;land;false;desert
2820;4;11;0;land;false;desert
2821;5;11;0;land;false;desert
2822;6;11;0;land;true;hills
2823;7;11;0;land;false;desert
2824;8;11;0;land;false;desert
2825;9;11;0;land;false;desert
2826;10;11;0;land;false;desert
2827;11;11;0;land;false;desert
2828;12;11;0;land;false;desert
2829;13;11;0;land;false;desert
2830;14;11;0;land;false;desert
2831;15;11;0;land;true;hills
2832;16;11;0;land;false;desert
2833;17;11;0;land;false;hills
2834;18;11;0;land;false;desert
2835;19;11;0;land;false;hills
2836;20;11;0;land;false;desert
2837;21;11;0;land;false;desert
2838;22;11;0;land;false;desert
2839;23;11;0;land;false;desert
2840;24;11;0;land;false;desert
2841;25;11;0;land;true;hills
2842;26;11;0;land;true;hills
2843;27;11;0;land;false;hills
2844;28;11;0;land;true;hills
2845;29;11;0;land;true;desert
2846;30;11;0;land;true;desert
2847;31;11;0;land;true;hills
2848;32;11;0;land;true;desert
2849;33;11;0;land;false;desert
2850;34;11;0;land;false;desert
2851;35;11;0;land;true;desert
2852;36;11;0;land;false;desert
2853;37;11;0;land;false;desert
2854;38;11;0;land;false;hills
2855;39;11;0;land;true;mountain
2856;40;11;0;land;false;hills
2857;41;11;0;land;false;hills
2858;42;11;0;land;false;hills
2859;43;11;0;land;true;hills
2860;44;11;0;land;false;desert
2861;45;11;0;land;false;desert
2862;46;11;0;land;false;desert
2863;47;11;0;land;false;desert
2864;48;11;0;land;false;desert
2865;49;11;0;land;false;desert
2866;50;11;0;land;false;desert
2867;51;11;0;land;false;desert
2868;52;11;0;land;false;desert
2869;53;11;0;land;false;desert
2870;54;11;0;land;false;desert
2871;55;11;0;land;false;desert
2872;56;11;0;land;false;hills
2873;57;11;0;land;false;desert
2874;58;11;0;land;false;desert
2875;59;11;0;land;false;desert
2876;60;11;0;land;false;desert
2877;61;11;0;land;false;plains
2878;62;11;0;land;false;hills
2879;63;11;0;land;false;desert
2880;64;11;0;land;false;desert
2881;65;11;0;land;false;desert
2882;66;11;0;land;false;desert
2883;67;11;0;land;false;desert
2884;68;11;0;land;false;desert
2885;69;11;0;land;false;desert
2886;70;11;0;land;false;desert
2887;71;11;0;land;false;desert
2888;72;11;0;land;false;desert
2889;73;11;0;land;false;desert
2890;74;11;0;land;false;desert
2891;75;11;0;land;false;hills
2892;76;11;0;land;false;hills
2893;77;11;0;land;false;hills
2894;78;11;0;land;false;hills
2895;79;11;0;land;false;desert
2896;80;11;0;land;false;desert
2897;81;11;0;land;false;desert
2898;82;11;0;land;false;desert
2899;83;11;0;land;false;desert
2900;84;11;0;land;false;desert
2901;85;11;0;land;false;desert
2902;86;11;0;land;false;desert
2903;87;11;0;land;false;desert
2904;88;11;0;land;false;desert
2905;89;11;0;land;false;desert
2906;90;11;0;land;false;desert
2907;91;11;0;land;false;desert
2908;92;11;0;land;false;hills
2909;93;11;0;land;false;desert
2910;94;11;0;land;false;desert
2911;95;11;0;land;false;desert
2912;96;11;0;land;false;desert
2913;97;11;0;land;false;desert
2914;98;11;0;land;false;desert
2915;99;11;0;land;false;desert
2916;100;11;0;land;false;hills
2917;101;11;0;land;false;hills
2918;102;11;0;land;false;desert
2919;103;11;0;land;false;desert
2920;104;11;0;land;false;desert
2921;105;11;0;land;false;desert
2922;106;11;0;land;false;desert
2923;107;11;0;land;false;desert
2924;108;11;0;land;false;desert
2925;109;11;0;land;false;desert
2926;110;11;0;land;false;desert
2927;111;11;0;land;false;desert
2928;112;11;0;land;false;desert
2929;113;11;0;land;false;desert
2930;114;11;0;land;false;desert
2931;115;11;0;land;false;desert
2932;116;11;0;land;false;desert
2933;117;11;0;land;false;desert
2934;118;11;0;land;false;desert
2935;119;11;0;land;false;desert
2936;120;11;0;land;false;desert
2937;121;11;0;land;false;plains
2938;122;11;0;land;false;plains
2939;123;11;0;land;false;desert
2940;124;11;0;land;false;desert
2941;125;11;0;land;false;desert
2942;126;11;0;land;false;desert
2943;127;11;0;land;false;desert
2944;128;11;0;land;false;desert
2945;129;11;0;land;false;desert
2946;130;11;0;land;false;desert
2947;131;11;0;land;true;hills
2948;132;11;0;land;true;hills
2949;133;11;0;land;false;desert
2950;134;11;0;land;true;hills
2951;135;11;0;land;true;hills
2952;136;11;0;land;false;desert
2953;137;11;0;land;false;desert
2954;138;11;0;land;false;desert
2955;139;11;0;land;true;hills
2956;140;11;0;land;false;desert
2957;141;11;0;land;true;desert
2958;142;11;0;land;false;desert
2959;143;11;0;land;true;hills
2960;144;11;0;land;false;desert
2961;145;11;0;land;false;desert
2962;146;11;0;land;false;desert
2963;147;11;0;land;false;plains
2964;148;11;0;land;false;hills
2965;149;11;0;land;false;mountain
2966;150;11;0;land;false;hills
2967;151;11;0;land;false;hills
2968;152;11;0;land;false;plains
2969;153;11;0;land;false;plains
2970;154;11;0;land;false;plains
2971;155;11;0;land;false;plains
2972;156;11;0;land;false;plains
2973;157;11;0;land;false;plains
2974;158;11;0;land;false;desert
2975;159;11;0;land;false;desert
2976;160;11;0;land;false;desert
2977;161;11;0;land;false;desert
2978;162;11;0;land;false;desert
2979;163;11;0;land;false;desert
2980;164;11;0;land;false;desert
2981;165;11;0;land;false;desert
2982;166;11;0;land;false;desert
2983;167;11;0;land;false;desert
2984;168;11;0;land;false;desert
2985;169;11;0;land;false;desert
2986;170;11;0;land;false;hills
2987;171;11;0;land;false;desert
2988;172;11;0;land;false;hills
2989;173;11;0;land;false;mountain
2990;174;11;0;land;false;mountain
2991;175;11;0;land;false;hills
2992;176;11;0;land;false;mountain
2993;177;11;0;land;false;hills
2994;178;11;0;land;true;hills
2995;179;11;0;land;false;desert
2996;180;11;0;land;false;desert
2997;181;11;0;land;false;desert
2998;182;11;0;land;false;desert
2999;183;11;0;land;false;desert
3000;184;11;0;land;false;desert
3001;185;11;0;land;false;desert
3002;186;11;0;land;false;desert
3003;187;11;0;land;false;desert
3004;188;11;0;land;false;desert
3005;189;11;0;land;false;desert
3006;190;11;0;land;false;desert
3007;191;11;0;land;false;desert
3008;192;11;0;land;false;desert
3009;193;11;0;land;false;hills
3010;194;11;0;land;false;hills
3011;195;11;0;land;false;desert
3012;196;11;0;land;false;hills
3013;197;11;0;land;true;hills
3014;198;11;0;land;false;desert
3015;199;11;0;land;false;desert
3016;200;11;0;land;false;desert
3017;201;11;0;land;false;desert
3018;202;11;0;land;false;desert
3019;203;11;0;land;false;desert
3020;204;11;0;land;false;desert
3021;205;11;0;land;false;desert
3022;206;11;0;land;false;desert
3023;207;11;0;land;false;desert
3024;208;11;0;land;false;desert
3025;209;11;0;land;false;desert
3026;210;11;0;land;false;desert
3027;211;11;0;land;false;desert
3028;212;11;0;land;false;desert
3029;213;11;0;land;false;desert
3030;214;11;0;land;false;desert
3031;215;11;0;land;false;hills
3032;216;11;0;land;false;desert
3033;217;11;0;land;false;hills
3034;218;11;0;land;false;desert
3035;219;11;0;land;true;plains
3036;220;11;0;land;false;desert
3037;221;11;0;land;false;desert
3038;222;11;0;land;false;desert
3039;223;11;0;land;true;plains
3040;224;11;0;land;true;desert
3041;225;11;0;land;true;desert
3042;226;11;0;land;false;desert
3043;227;11;0;land;false;desert
3044;228;11;0;land;true;desert
3045;229;11;0;land;false;desert
3046;230;11;0;land;true;desert
3047;231;11;0;land;false;desert
3048;232;11;0;land;false;desert
3049;233;11;0;land;false;desert
3050;234;11;0;land;false;desert
3051;235;11;0;land;false;desert
3052;236;11;0;land;false;desert
3053;237;11;0;land;false;desert
3054;238;11;0;land;false;desert
3055;239;11;0;land;true;desert
3056;240;11;0;land;false;desert
3057;241;11;0;land;true;desert
3058;242;11;0;land;false;desert
3059;243;11;0;land;false;desert
3060;244;11;0;land;false;desert
3061;245;11;0;land;false;desert
3062;246;11;0;land;true;plains
3063;247;11;0;land;false;desert
3064;248;11;0;land;false;desert
3065;249;11;0;land;false;desert
3066;250;11;0;land;false;desert
3067;251;11;0;land;false;desert
3068;252;11;0;land;false;desert
3069;253;11;0;land;false;desert
3070;254;11;0;land;false;desert
3071;255;11;0;land;false;desert
3072;0;12;0;land;false;desert
3073;1;12;0;land;false;desert
3074;2;12;0;land;false;forest
3075;3;12;0;land;true;plains
3076;4;12;0;land;true;hills
3077;5;12;0;land;false;plains
3078;6;12;0;land;true;plains
3079;7;12;0;land;true;plains
3080;8;12;0;land;true;plains
3081;9;12;0;land;true;hills
3082;10;12;0;land;true;hills
3083;11;12;0;land;true;plains
3084;12;12;0;land;false;hills
3085;13;12;0;land;false;forest
3086;14;12;0;land;true;hills
3087;15;12;0;land;true;forest
3088;16;12;0;land;true;forest
3089;17;12;0;land;false;forest
3090;18;12;0;land;false;forest
3091;19;12;0;land;false;forest
3092;20;12;0;land;true;hills
3093;21;12;0;land;true;forest
3094;22;12;0;land;false;hills
3095;23;12;0;land;true;plains
3096;24;12;0;land;false;plains
3097;25;12;0;land;false;desert
3098;26;12;0;land;false;plains
3099;27;12;0;land;false;plains
3100;28;12;0;land;false;desert
3101;29;12;0;land;false;plains
3102;30;12;0;land;false;plains
3103;31;12;0;land;false;plains
3104;32;12;0;land;false;desert
3105;33;12;0;land;false;desert
3106;34;12;0;land;false;desert
3107;35;12;0;land;false;desert
3108;36;12;0;land;false;desert
3109;37;12;0;land;false;desert
3110;38;12;0;land;false;desert
3111;39;12;0;land;false;desert
3112;40;12;0;land;false;desert
3113;41;12;0;land;false;desert
3114;42;12;0;land;false;desert
3115;43;12;0;land;false;desert
3116;44;12;0;land;true;hills
3117;45;12;0;land;true;hills
3118;46;12;0;land;true;hills
3119;47;12;0;land;false;desert
3120;48;12;0;land;false;desert
3121;49;12;0;land;false;desert
3122;50;12;0;land;false;desert
3123;51;12;0;land;false;plains
3124;52;12;0;land;false;plains
3125;53;12;0;land;false;hills
3126;54;12;0;land;false;hills
3127;55;12;0;land;false;hills
3128;56;12;0;land;false;hills
3129;57;12;0;land;false;hills
3130;58;12;0;land;false;hills
3131;59;12;0;land;false;plains
3132;60;12;0;land;false;hills
3133;61;12;0;land;false;hills
3134;62;12;0;land;false;plains
3135;63;12;0;land;true;plains
3136;64;12;0;land;true;plains
3137;65;12;0;land;false;plains
3138;66;12;0;land;false;plains
3139;67;12;0;land;false;plains
3140;68;12;0;land;true;plains
3141;69;12;0;land;false;hills
3142;70;12;0;land;true;plains
3143;71;12;0;land;false;hills
3144;72;12;0;land;false;hills
3145;73;12;0;land;false;forest
3146;74;12;0;land;false;forest
3147;75;12;0;land;false;forest
3148;76;12;0;land;false;forest
3149;77;12;0;land;false;forest
3150;78;12;0;land;false;forest
3151;79;12;0;land;false;forest
3152;80;12;0;land;false;forest
3153;81;12;0;land;false;forest
3154;82;12;0;land;false;desert
3155;83;12;0;land;false;forest
3156;84;12;0;land;false;hills
3157;85;12;0;land;false;desert
3158;86;12;0;land;false;desert
3159;87;12;0;land;false;desert
3160;88;12;0;land;false;desert
3161;89;12;0;land;true;hills
3162;90;12;0;land;false;desert
3163;91;12;0;land;false;desert
3164;92;12;0;land;false;desert
3165;93;12;0;land;false;desert
3166;94;12;0;land;false;desert
3167;95;12;0;land;false;desert
3168;96;12;0;land;false;desert
3169;97;12;0;land;true;plains
3170;98;12;0;land;false;desert
3171;99;12;0;land;false;desert
3172;100;12;0;land;false;hills
3173;101;12;0;land;false;hills
3174;102;12;0;land;false;hills
3175;103;12;0;land;false;desert
3176;104;12;0;land;false;hills
3177;105;12;0;land;false;hills
3178;106;12;0;land;false;desert
3179;107;12;0;land;false;desert
3180;108;12;0;land;false;desert
3181;109;12;0;land;false;desert
3182;110;12;0;land;false;desert
3183;111;12;0;land;false;desert
3184;112;12;0;land;false;desert
3185;113;12;0;land;false;desert
3186;114;12;0;land;false;desert
3187;115;12;0;land;false;desert
3188;116;12;0;land;false;desert
3189;117;12;0;land;false;desert
3190;118;12;0;land;false;desert
3191;119;12;0;land;false;desert
3192;120;12;0;land;false;plains
3193;121;12;0;land;false;plains
3194;122;12;0;land;false;plains
3195;123;12;0;land;false;plains
3196;124;12;0;land;false;forest
3197;125;12;0;land;false;forest
3198;126;12;0;land;false;forest
3199;127;12;0;land;false;forest
3200;128;12;0;land;false;forest
3201;129;12;0;land;false;desert
3202;130;12;0;land;false;forest
3203;131;12;0;land;false;forest
3204;132;12;0;land;false;forest
3205;133;12;0;land;false;forest
3206;134;12;0;land;false;hills
3207;135;12;0;land;false;desert
3208;136;12;0;land;false;hills
3209;137;12;0;land;false;desert
3210;138;12;0;land;false;desert
3211;139;12;0;land;false;plains
3212;140;12;0;land;false;plains
3213;141;12;0;land;false;plains
3214;142;12;0;land;true;plains
3215;143;12;0;land;true;forest
3216;144;12;0;land;false;forest
3217;145;12;0;land;false;forest
3218;146;12;0;land;true;forest
3219;147;12;0;land;false;forest
3220;148;12;0;land;false;hills
3221;149;12;0;land;true;hills
3222;150;12;0;land;true;hills
3223;151;12;0;land;true;hills
3224;152;12;0;land;false;desert
3225;153;12;0;land;true;hills
3226;154;12;0;land;false;desert
3227;155;12;0;land;true;hills
3228;156;12;0;land;false;forest
3229;157;12;0;land;true;forest
3230;158;12;0;land;false;forest
3231;159;12;0;land;true;forest
3232;160;12;0;land;true;forest
3233;161;12;0;land;false;forest
3234;162;12;0;land;false;forest
3235;163;12;0;land;false;forest
3236;164;12;0;land;false;plains
3237;165;12;0;land;false;plains
3238;166;12;0;land;false;hills
3239;167;12;0;land;false;hills
3240;168;12;0;land;false;plains
3241;169;12;0;land;false;plains
3242;170;12;0;land;false;plains
3243;171;12;0;land;false;plains
3244;172;12;0;land;false;plains
3245;173;12;0;land;false;plains
3246;174;12;0;land;false;plains
3247;175;12;0;land;false;plains
3248;176;12;0;land;false;plains
3249;177;12;0;land;false;plains
3250;178;12;0;land;false;plains
3251;179;12;0;land;false;plains
3252;180;12;0;land;false;plains
3253;181;12;0;land;false;plains
3254;182;12;0;land;false;hills
3255;183;12;0;land;true;plains
3256;184;12;0;land;false;plains
3257;185;12;0;land;false;hills
3258;186;12;0;land;false;plains
3259;187;12;0;land;false;plains
3260;188;12;0;land;true;plains
3261;189;12;0;land;true;plains
3262;190;12;0;land;true;plains
3263;191;12;0;land;true;plains
3264;192;12;0;land;true;plains
3265;193;12;0;land;false;plains
3266;194;12;0;land;false;plains
3267;195;12;0;land;false;plains
3268;196;12;0;land;false;plains
3269;197;12;0;land;true;mountain
3270;198;12;0;land;false;hills
3271;199;12;0;land;false;hills
3272;200;12;0;land;true;hills
3273;201;12;0;land;false;hills
3274;202;12;0;land;false;hills
3275;203;12;0;land;false;hills
3276;204;12;0;land;true;hills
3277;205;12;0;land;false;hills
3278;206;12;0;land;false;hills
3279;207;12;0;land;false;hills
3280;208;12;0;land;false;desert
3281;209;12;0;land;false;desert
3282;210;12;0;land;false;desert
3283;211;12;0;land;false;desert
3284;212;12;0;land;false;plains
3285;213;12;0;land;false;plains
3286;214;12;0;land;false;plains
3287;215;12;0;land;false;plains
3288;216;12;0;land;false;plains
3289;217;12;0;land;false;plains
3290;218;12;0;land;true;plains
3291;219;12;0;land;false;plains
3292;220;12;0;land;true;plains
3293;221;12;0;land;false;hills
3294;222;12;0;land;false;forest
3295;223;12;0;land;true;plains
3296;224;12;0;land;true;plains
3297;225;12;0;land;true;plains
3298;226;12;0;land;false;plains
3299;227;12;0;land;false;plains
3300;228;12;0;land;false;desert
3301;229;12;0;land;true;hills
3302;230;12;0;land;false;hills
3303;231;12;0;land;false;mountain
3304;232;12;0;land;false;mountain
3305;233;12;0;land;false;mountain
3306;234;12;0;land;true;plains
3307;235;12;0;land;true;hills
3308;236;12;0;land;false;mountain
3309;237;12;0;land;false;plains
3310;238;12;0;land;true;hills
3311;239;12;0;land;true;mountain
3312;240;12;0;land;false;mountain
3313;241;12;0;land;false;mountain
3314;242;12;0;land;false;mountain
3315;243;12;0;land;false;mountain
3316;244;12;0;land;true;plains
3317;245;12;0;land;true;plains
3318;246;12;0;land;true;hills
3319;247;12;0;land;true;plains
3320;248;12;0;land;true;plains
3321;249;12;0;land;true;plains
3322;250;12;0;land;true;hills
3323;251;12;0;land;false;plains
3324;252;12;0;land;false;plains
3325;253;12;0;land;true;plains
3326;254;12;0;land;true;plains
3327;255;12;0;land;true;plains
3328;0;13;0;land;false;plains
3329;1;13;0;land;true;plains
3330;2;13;0;land;false;plains
3331;3;13;0;land;false;plains
3332;4;13;0;land;false;plains
3333;5;13;0;land;false;plains
3334;6;13;0;land;false;plains
3335;7;13;0;land;false;plains
3336;8;13;0;land;false;plains
3337;9;13;0;land;false;plains
3338;10;13;0;land;false;plains
3339;11;13;0;land;false;plains
3340;12;13;0;land;false;plains
3341;13;13;0;land;false;plains
3342;14;13;0;land;false;plains
3343;15;13;0;land;false;plains
3344;16;13;0;land;false;mountain
3345;17;13;0;land;false;hills
3346;18;13;0;land;false;mountain
3347;19;13;0;land;false;plains
3348;20;13;0;land;false;plains
3349;21;13;0;land;false;plains
3350;22;13;0;land;false;plains
3351;23;13;0;land;false;plains
3352;24;13;0;land;false;plains
3353;25;13;0;land;false;plains
3354;26;13;0;land;false;plains
3355;27;13;0;land;false;plains
3356;28;13;0;land;false;plains
3357;29;13;0;land;false;plains
3358;30;13;0;land;true;plains
3359;31;13;0;land;true;plains
3360;32;13;0;land;false;plains
3361;33;13;0;land;true;plains
3362;34;13;0;land;false;plains
3363;35;13;0;land;true;plains
3364;36;13;0;land;true;plains
3365;37;13;0;land;false;plains
3366;38;13;0;land;false;forest
3367;39;13;0;land;true;hills
3368;40;13;0;land;false;forest
3369;41;13;0;land;false;forest
3370;42;13;0;land;true;hills
3371;43;13;0;land;false;hills
3372;44;13;0;land;false;hills
3373;45;13;0;land;true;hills
3374;46;13;0;land;false;hills
3375;47;13;0;land;false;plains
3376;48;13;0;land;false;plains
3377;49;13;0;land;false;plains
3378;50;13;0;land;false;plains
3379;51;13;0;land;false;plains
3380;52;13;0;land;false;plains
3381;53;13;0;land;false;plains
3382;54;13;0;land;false;hills
3383;55;13;0;land;false;hills
3384;56;13;0;land;false;hills
3385;57;13;0;land;false;plains
3386;58;13;0;land;false;plains
3387;59;13;0;land;false;hills
3388;60;13;0;land;false;plains
3389;61;13;0;land;false;plains
3390;62;13;0;land;true;plains
3391;63;13;0;land;false;plains
3392;64;13;0;land;false;plains
3393;65;13;0;land;true;plains
3394;66;13;0;land;false;plains
3395;67;13;0;land;true;plains
3396;68;13;0;land;true;plains
3397;69;13;0;land;true;plains
3398;70;13;0;land;true;plains
3399;71;13;0;land;true;plains
3400;72;13;0;land;true;plains
3401;73;13;0;land;true;plains
3402;74;13;0;land;false;plains
3403;75;13;0;land;false;plains
3404;76;13;0;land;true;plains
3405;77;13;0;land;true;plains
3406;78;13;0;land;false;plains
3407;79;13;0;land;true;plains
3408;80;13;0;land;true;plains
3409;81;13;0;land;false;plains
3410;82;13;0;land;true;plains
3411;83;13;0;land;true;plains
3412;84;13;0;land;true;plains
3413;85;13;0;land;false;plains
3414;86;13;0;land;true;hills
3415;87;13;0;land;false;mountain
3416;88;13;0;land;false;hills
3417;89;13;0;land;false;hills
3418;90;13;0;land;false;desert
3419;91;13;0;land;false;desert
3420;92;13;0;land;false;desert
3421;93;13;0;land;true;mountain
3422;94;13;0;land;false;plains
3423;95;13;0;land;true;plains
3424;96;13;0;land;false;plains
3425;97;13;0;land;true;plains
3426;98;13;0;land;true;plains
3427;99;13;0;land;false;plains
3428;100;13;0;land;false;plains
3429;101;13;0;land;false;plains
3430;102;13;0;land;false;plains
3431;103;13;0;land;true;plains
3432;104;13;0;land;true;plains
3433;105;13;0;land;true;plains
3434;106;13;0;land;false;forest
3435;107;13;0;land;false;plains
3436;108;13;0;land;false;forest
3437;109;13;0;land;false;plains
3438;110;13;0;land;false;forest
3439;111;13;0;land;false;plains
3440;112;13;0;land;false;plains
3441;113;13;0;land;false;plains
3442;114;13;0;land;false;plains
3443;115;13;0;land;false;plains
3444;116;13;0;land;false;plains
3445;117;13;0;land;false;plains
3446;118;13;0;land;false;plains
3447;119;13;0;land;true;plains
3448;120;13;0;land;false;plains
3449;121;13;0;land;false;plains
3450;122;13;0;land;false;plains
3451;123;13;0;land;false;plains
3452;124;13;0;land;false;plains
3453;125;13;0;land;false;plains
3454;126;13;0;land;false;forest
3455;127;13;0;land;false;forest
3456;128;13;0;land;false;plains
3457;129;13;0;land;false;hills
3458;130;13;0;land;true;plains
3459;131;13;0;land;false;hills
3460;132;13;0;land;false;plains
3461;133;13;0;land;true;hills
3462;134;13;0;land;false;plains
3463;135;13;0;land;false;plains
3464;136;13;0;land;true;plains
3465;137;13;0;land;true;plains
3466;138;13;0;land;false;plains
3467;139;13;0;land;true;mountain
3468;140;13;0;land;true;plains
3469;141;13;0;land;false;plains
3470;142;13;0;land;true;plains
3471;143;13;0;land;false;plains
3472;144;13;0;land;true;plains
3473;145;13;0;land;true;plains
3474;146;13;0;land;false;plains
3475;147;13;0;land;false;plains
3476;148;13;0;land;false;plains
3477;149;13;0;land;true;plains
3478;150;13;0;land;true;hills
3479;151;13;0;land;false;hills
3480;152;13;0;land;true;plains
3481;153;13;0;land;false;plains
3482;154;13;0;land;false;plains
3483;155;13;0;land;false;plains
3484;156;13;0;land;false;plains
3485;157;13;0;land;false;plains
3486;158;13;0;land;true;plains
3487;159;13;0;land;false;plains
3488;160;13;0;land;false;plains
3489;161;13;0;land;true;hills
3490;162;13;0;land;true;hills
3491;163;13;0;land;true;hills
3492;164;13;0;land;true;hills
3493;165;13;0;land;true;plains
3494;166;13;0;land;false;plains
3495;167;13;0;land;true;hills
3496;168;13;0;land;false;plains
3497;169;13;0;land;false;plains
3498;170;13;0;land;false;plains
3499;171;13;0;land;false;plains
3500;172;13;0;land;true;hills
3501;173;13;0;land;false;plains
3502;174;13;0;land;false;plains
3503;175;13;0;land;true;hills
3504;176;13;0;land;true;hills
3505;177;13;0;land;false;plains
3506;178;13;0;land;false;plains
3507;179;13;0;land;true;hills
3508;180;13;0;land;false;desert
3509;181;13;0;land;false;desert
3510;182;13;0;land;true;plains
3511;183;13;0;land;true;plains
3512;184;13;0;land;false;desert
3513;185;13;0;land;false;plains
3514;186;13;0;land;false;desert
3515;187;13;0;land;false;plains
3516;188;13;0;land;true;plains
3517;189;13;0;land;true;plains
3518;190;13;0;land;false;plains
3519;191;13;0;land;false;desert
3520;192;13;0;land;false;plains
3521;193;13;0;land;true;plains
3522;194;13;0;land;false;plains
3523;195;13;0;land;false;desert
3524;196;13;0;land;false;desert
3525;197;13;0;land;false;desert
3526;198;13;0;land;false;desert
3527;199;13;0;land;false;desert
3528;200;13;0;land;false;desert
3529;201;13;0;land;false;desert
3530;202;13;0;land;false;desert
3531;203;13;0;land;false;desert
3532;204;13;0;land;false;desert
3533;205;13;0;land;true;hills
3534;206;13;0;land;true;hills
3535;207;13;0;land;false;hills
3536;208;13;0;land;true;hills
3537;209;13;0;land;true;hills
3538;210;13;0;land;true;hills
3539;211;13;0;land;true;hills
3540;212;13;0;land;true;hills
3541;213;13;0;land;true;hills
3542;214;13;0;land;false;hills
3543;215;13;0;land;true;plains
3544;216;13;0;land;true;plains
3545;217;13;0;land;true;hills
3546;218;13;0;land;false;hills
3547;219;13;0;land;true;hills
3548;220;13;0;land;true;hills
3549;221;13;0;land;true;plains
3550;222;13;0;land;true;hills
3551;223;13;0;land;true;plains
3552;224;13;0;land;false;hills
3553;225;13;0;land;true;plains
3554;226;13;0;land;true;hills
3555;227;13;0;land;true;hills
3556;228;13;0;land;true;plains
3557;229;13;0;land;true;plains
3558;230;13;0;land;true;plains
3559;231;13;0;land;false;desert
3560;232;13;0;land;false;desert
3561;233;13;0;land;true;desert
3562;234;13;0;land;false;desert
3563;235;13;0;land;false;desert
3564;236;13;0;land;false;desert
3565;237;13;0;land;false;desert
3566;238;13;0;land;false;desert
3567;239;13;0;land;true;desert
3568;240;13;0;land;true;forest
3569;241;13;0;land;false;plains
3570;242;13;0;land;true;plains
3571;243;13;0;land;true;plains
3572;244;13;0;land;true;plains
3573;245;13;0;land;true;plains
3574;246;13;0;land;true;plains
3575;247;13;0;land;true;plains
3576;248;13;0;land;true;plains
3577;249;13;0;land;false;desert
3578;250;13;0;land;false;desert
3579;251;13;0;land;false;desert
3580;252;13;0;land;true;hills
3581;253;13;0;land;true;plains
3582;254;13;0;land;false;hills
3583;255;13;0;land;false;plains
3584;0;14;0;land;false;plains
3585;1;14;0;land;false;plains
3586;2;14;0;land;false;plains
3587;3;14;0;land;true;hills
3588;4;14;0;land;true;plains
3589;5;14;0;land;true;plains
3590;6;14;0;land;false;hills
3591;7;14;0;land;true;plains
3592;8;14;0;land;true;hills
3593;9;14;0;land;false;hills
3594;10;14;0;land;true;hills
3595;11;14;0;land;false;desert
3596;12;14;0;land;true;hills
3597;13;14;0;land;false;hills
3598;14;14;0;land;true;hills
3599;15;14;0;land;true;mountain
3600;16;14;0;land;true;hills
3601;17;14;0;land;true;hills
3602;18;14;0;land;true;plains
3603;19;14;0;land;true;plains
3604;20;14;0;land;false;plains
3605;21;14;0;land;true;plains
3606;22;14;0;land;false;plains
3607;23;14;0;land;true;plains
3608;24;14;0;land;false;plains
3609;25;14;0;land;true;plains
3610;26;14;0;land;false;hills
3611;27;14;0;land;true;forest
3612;28;14;0;land;false;plains
3613;29;14;0;land;true;plains
3614;30;14;0;land;true;plains
3615;31;14;0;land;false;plains
3616;32;14;0;land;false;plains
3617;33;14;0;land;false;plains
3618;34;14;0;land;false;plains
3619;35;14;0;land;true;plains
3620;36;14;0;land;true;plains
3621;37;14;0;land;true;hills
3622;38;14;0;land;true;hills
3623;39;14;0;land;true;hills
3624;40;14;0;land;true;hills
3625;41;14;0;land;true;hills
3626;42;14;0;land;true;mountain
3627;43;14;0;land;true;plains
3628;44;14;0;land;true;hills
3629;45;14;0;land;true;plains
3630;46;14;0;land;true;mountain
3631;47;14;0;land;true;hills
3632;48;14;0;land;true;hills
3633;49;14;0;land;true;hills
3634;50;14;0;land;true;hills
3635;51;14;0;land;true;hills
3636;52;14;0;land;true;hills
3637;53;14;0;land;true;hills
3638;54;14;0;land;true;hills
3639;55;14;0;land;true;hills
3640;56;14;0;land;true;hills
3641;57;14;0;land;true;hills
3642;58;14;0;land;true;hills
3643;59;14;0;land;true;hills
3644;60;14;0;land;true;hills
3645;61;14;0;land;true;hills
3646;62;14;0;land;true;hills
3647;63;14;0;land;true;forest
3648;64;14;0;land;true;hills
3649;65;14;0;land;true;hills
3650;66;14;0;land;true;plains
3651;67;14;0;land;true;hills
3652;68;14;0;land;true;hills
3653;69;14;0;land;true;hills
3654;70;14;0;land;true;hills
3655;71;14;0;land;true;forest
3656;72;14;0;land;true;plains
3657;73;14;0;land;true;forest
3658;74;14;0;land;true;hills
3659;75;14;0;land;true;hills
3660;76;14;0;land;true;hills
3661;77;14;0;land;true;hills
3662;78;14;0;land;true;hills
3663;79;14;0;land;true;hills
3664;80;14;0;land;true;hills
3665;81;14;0;land;true;mountain
3666;82;14;0;land;true;hills
3667;83;14;0;land;true;hills
3668;84;14;0;land;true;hills
3669;85;14;0;land;true;hills
3670;86;14;0;land;true;hills
3671;87;14;0;land;true;mountain
3672;88;14;0;land;false;hills
3673;89;14;0;land;false;hills
3674;90;14;0;land;true;forest
3675;91;14;0;land;true;forest
3676;92;14;0;land;true;hills
3677;93;14;0;land;false;mountain
3678;94;14;0;land;true;hills
3679;95;14;0;land;true;mountain
3680;96;14;0;land;true;hills
3681;97;14;0;land;true;mountain
3682;98;14;0;land;true;hills
3683;99;14;0;land;true;hills
3684;100;14;0;land;true;hills
3685;101;14;0;land;true;hills
3686;102;14;0;land;false;mountain
3687;103;14;0;land;true;hills
3688;104;14;0;land;true;hills
3689;105;14;0;land;true;hills
3690;106;14;0;land;true;plains
3691;107;14;0;land;true;forest
3692;108;14;0;land;false;forest
3693;109;14;0;land;true;forest
3694;110;14;0;land;false;forest
3695;111;14;0;land;true;forest
3696;112;14;0;land;true;forest
3697;113;14;0;land;false;forest
3698;114;14;0;land;false;forest
3699;115;14;0;land;true;forest
3700;116;14;0;land;false;forest
3701;117;14;0;land;true;hills
3702;118;14;0;land;true;hills
3703;119;14;0;land;false;forest
3704;120;14;0;land;true;mountain
3705;121;14;0;land;true;mountain
3706;122;14;0;land;false;mountain
3707;123;14;0;land;true;mountain
3708;124;14;0;land;true;plains
3709;125;14;0;land;false;hills
3710;126;14;0;land;true;forest
3711;127;14;0;land;true;forest
3712;128;14;0;land;false;forest
3713;129;14;0;land;false;forest
3714;130;14;0;land;false;forest
3715;131;14;0;land;false;hills
3716;132;14;0;land;true;forest
3717;133;14;0;land;false;hills
3718;134;14;0;land;false;hills
3719;135;14;0;land;true;plains
3720;136;14;0;land;false;forest
3721;137;14;0;land;true;forest
3722;138;14;0;land;false;forest
3723;139;14;0;land;true;hills
3724;140;14;0;land;true;hills
3725;141;14;0;land;true;hills
3726;142;14;0;land;true;hills
3727;143;14;0;land;true;plains
3728;144;14;0;land;true;hills
3729;145;14;0;land;true;hills
3730;146;14;0;land;true;forest
3731;147;14;0;land;true;hills
3732;148;14;0;land;true;hills
3733;149;14;0;land;true;hills
3734;150;14;0;land;true;hills
3735;151;14;0;land;true;hills
3736;152;14;0;land;true;forest
3737;153;14;0;land;true;hills
3738;154;14;0;land;true;hills
3739;155;14;0;land;true;hills
3740;156;14;0;land;true;hills
3741;157;14;0;land;true;hills
3742;158;14;0;land;true;hills
3743;159;14;0;land;false;forest
3744;160;14;0;land;true;forest
3745;161;14;0;land;false;forest
3746;162;14;0;land;false;forest
3747;163;14;0;land;false;forest
3748;164;14;0;land;false;hills
3749;165;14;0;land;true;forest
3750;166;14;0;land;false;forest
3751;167;14;0;land;false;forest
3752;168;14;0;land;false;forest
3753;169;14;0;land;false;forest
3754;170;14;0;land;false;forest
3755;171;14;0;land;false;forest
3756;172;14;0;land;false;hills
3757;173;14;0;land;true;forest
3758;174;14;0;land;true;forest
3759;175;14;0;land;false;hills
3760;176;14;0;land;true;forest
3761;177;14;0;land;true;forest
3762;178;14;0;land;true;hills
3763;179;14;0;land;true;forest
3764;180;14;0;land;true;hills
3765;181;14;0;land;true;hills
3766;182;14;0;land;true;hills
3767;183;14;0;land;true;hills
3768;184;14;0;land;true;hills
3769;185;14;0;land;true;plains
3770;186;14;0;land;true;hills
3771;187;14;0;land;true;hills
3772;188;14;0;land;true;hills
3773;189;14;0;land;true;hills
3774;190;14;0;land;true;hills
3775;191;14;0;land;true;forest
3776;192;14;0;land;true;plains
3777;193;14;0;land;true;hills
3778;194;14;0;land;true;hills
3779;195;14;0;land;false;hills
3780;196;14;0;land;true;hills
3781;197;14;0;land;true;hills
3782;198;14;0;land;true;hills
3783;199;14;0;land;false;hills
3784;200;14;0;land;false;plains
3785;201;14;0;land;false;plains
3786;202;14;0;land;false;plains
3787;203;14;0;land;false;plains
3788;204;14;0;land;false;plains
3789;205;14;0;land;true;plains
3790;206;14;0;land;false;plains
3791;207;14;0;land;true;plains
3792;208;14;0;land;true;plains
3793;209;14;0;land;false;hills
3794;210;14;0;land;false;plains
3795;211;14;0;land;false;plains
3796;212;14;0;land;false;plains
3797;213;14;0;land;false;plains
3798;214;14;0;land;true;hills
3799;215;14;0;land;true;hills
3800;216;14;0;land;true;desert
3801;217;14;0;land;true;desert
3802;218;14;0;land;false;desert
3803;219;14;0;land;true;desert
3804;220;14;0;land;false;desert
3805;221;14;0;land;true;desert
3806;222;14;0;land;true;desert
3807;223;14;0;land;true;desert
3808;224;14;0;land;true;hills
3809;225;14;0;land;true;hills
3810;226;14;0;land;true;hills
3811;227;14;0;land;true;hills
3812;228;14;0;land;true;hills
3813;229;14;0;land;true;plains
3814;230;14;0;land;true;hills
3815;231;14;0;land;false;hills
3816;232;14;0;land;false;hills
3817;233;14;0;land;true;hills
3818;234;14;0;land;true;hills
3819;235;14;0;land;true;plains
3820;236;14;0;land;false;hills
3821;237;14;0;land;false;hills
3822;238;14;0;land;true;hills
3823;239;14;0;land;true;hills
3824;240;14;0;land;false;hills
3825;241;14;0;land;false;hills
3826;242;14;0;land;true;plains
3827;243;14;0;land;true;plains
3828;244;14;0;land;false;desert
3829;245;14;0;land;false;desert
3830;246;14;0;land;true;desert
3831;247;14;0;land;false;desert
3832;248;14;0;land;false;plains
3833;249;14;0;land;true;plains
3834;250;14;0;land;true;plains
3835;251;14;0;land;true;hills
3836;252;14;0;land;false;hills
3837;253;14;0;land;true;hills
3838;254;14;0;land;true;hills
3839;255;14;0;land;true;hills
3840;0;15;0;land;true;hills
3841;1;15;0;land;true;plains
3842;2;15;0;land;true;hills
3843;3;15;0;land;true;plains
3844;4;15;0;land;true;plains
3845;5;15;0;land;true;hills
3846;6;15;0;land;true;plains
3847;7;15;0;land;true;plains
3848;8;15;0;land;true;hills
3849;9;15;0;land;true;hills
3850;10;15;0;land;true;plains
3851;11;15;0;land;true;hills
3852;12;15;0;land;false;hills
3853;13;15;0;land;false;forest
3854;14;15;0;land;false;hills
3855;15;15;0;land;false;hills
3856;16;15;0;land;false;hills
3857;17;15;0;land;true;hills
3858;18;15;0;land;true;plains
3859;19;15;0;land;true;hills
3860;20;15;0;land;true;hills
3861;21;15;0;land;true;hills
3862;22;15;0;land;true;plains
3863;23;15;0;land;true;plains
3864;24;15;0;land;true;plains
3865;25;15;0;land;true;hills
3866;26;15;0;land;true;desert
3867;27;15;0;land;true;desert
3868;28;15;0;land;true;hills
3869;29;15;0;land;true;hills
3870;30;15;0;land;true;hills
3871;31;15;0;land;false;desert
3872;32;15;0;land;true;hills
3873;33;15;0;land;false;hills
3874;34;15;0;land;true;hills
3875;35;15;0;land;false;desert
3876;36;15;0;land;true;hills
3877;37;15;0;land;false;hills
3878;38;15;0;land;false;hills
3879;39;15;0;land;false;desert
3880;40;15;0;land;true;hills
3881;41;15;0;land;false;desert
3882;42;15;0;land;true;hills
3883;43;15;0;land;false;hills
3884;44;15;0;land;false;desert
3885;45;15;0;land;false;hills
3886;46;15;0;land;false;desert
3887;47;15;0;land;false;desert
3888;48;15;0;land;false;desert
3889;49;15;0;land;true;hills
3890;50;15;0;land;false;desert
3891;51;15;0;land;true;hills
3892;52;15;0;land;true;hills
3893;53;15;0;land;true;hills
3894;54;15;0;land;true;desert
3895;55;15;0;land;false;desert
3896;56;15;0;land;true;hills
3897;57;15;0;land;true;hills
3898;58;15;0;land;true;desert
3899;59;15;0;land;true;hills
3900;60;15;0;land;true;hills
3901;61;15;0;land;true;mountain
3902;62;15;0;land;true;hills
3903;63;15;0;land;true;plains
3904;64;15;0;land;true;hills
3905;65;15;0;land;true;hills
3906;66;15;0;land;true;hills
3907;67;15;0;land;true;hills
3908;68;15;0;land;true;plains
3909;69;15;0;land;false;plains
3910;70;15;0;land;true;forest
3911;71;15;0;land;false;forest
3912;72;15;0;land;false;forest
3913;73;15;0;land;false;forest
3914;74;15;0;land;false;forest
3915;75;15;0;land;true;forest
3916;76;15;0;land;false;forest
3917;77;15;0;land;true;forest
3918;78;15;0;land;false;forest
3919;79;15;0;land;true;forest
3920;80;15;0;land;false;forest
3921;81;15;0;land;false;forest
3922;82;15;0;land;false;plains
3923;83;15;0;land;true;plains
3924;84;15;0;land;false;forest
3925;85;15;0;land;false;plains
3926;86;15;0;land;false;forest
3927;87;15;0;land;false;forest
3928;88;15;0;land;false;forest
3929;89;15;0;land;false;forest
3930;90;15;0;land;false;forest
3931;91;15;0;land;false;plains
3932;92;15;0;land;false;forest
3933;93;15;0;land;false;forest
3934;94;15;0;land;false;forest
3935;95;15;0;land;true;forest
3936;96;15;0;land;false;plains
3937;97;15;0;land;false;forest
3938;98;15;0;land;false;forest
3939;99;15;0;land;false;forest
3940;100;15;0;land;false;forest
3941;101;15;0;land;true;forest
3942;102;15;0;land;false;forest
3943;103;15;0;land;false;forest
3944;104;15;0;land;false;forest
3945;105;15;0;land;false;plains
3946;106;15;0;land;false;forest
3947;107;15;0;land;false;forest
3948;108;15;0;land;false;forest
3949;109;15;0;land;false;forest
3950;110;15;0;land;false;forest
3951;111;15;0;land;false;forest
3952;112;15;0;land;false;forest
3953;113;15;0;land;false;forest
3954;114;15;0;land;false;forest
3955;115;15;0;land;false;forest
3956;116;15;0;land;true;forest
3957;117;15;0;land;true;forest
3958;118;15;0;land;false;forest
3959;119;15;0;land;true;forest
3960;120;15;0;land;true;forest
3961;121;15;0;land;false;forest
3962;122;15;0;land;true;forest
3963;123;15;0;land;true;forest
3964;124;15;0;land;false;forest
3965;125;15;0;land;true;forest
3966;126;15;0;land;false;plains
3967;127;15;0;land;false;forest
3968;128;15;0;land;true;forest
3969;129;15;0;land;false;forest
3970;130;15;0;land;false;forest
3971;131;15;0;land;false;forest
3972;132;15;0;land;false;forest
3973;133;15;0;land;false;forest
3974;134;15;0;land;false;plains
3975;135;15;0;land;false;plains
3976;136;15;0;land;false;forest
3977;137;15;0;land;true;forest
3978;138;15;0;land;false;forest
3979;139;15;0;land;true;forest
3980;140;15;0;land;true;forest
3981;141;15;0;land;false;forest
3982;142;15;0;land;false;forest
3983;143;15;0;land;true;forest
3984;144;15;0;land;false;forest
3985;145;15;0;land;false;forest
3986;146;15;0;land;false;forest
3987;147;15;0;land;true;forest
3988;148;15;0;land;false;hills
3989;149;15;0;land;true;plains
3990;150;15;0;land;false;plains
3991;151;15;0;land;false;forest
3992;152;15;0;land;false;forest
3993;153;15;0;land;false;hills
3994;154;15;0;land;false;forest
3995;155;15;0;land;false;hills
3996;156;15;0;land;false;forest
3997;157;15;0;land;true;forest
3998;158;15;0;land;true;forest
3999;159;15;0;land;false;forest
4000;160;15;0;land;false;forest
4001;161;15;0;land;false;forest
4002;162;15;0;land;true;forest
4003;163;15;0;land;false;forest
4004;164;15;0;land;true;plains
4005;165;15;0;land;false;forest
4006;166;15;0;land;false;forest
4007;167;15;0;land;false;forest
4008;168;15;0;land;false;forest
4009;169;15;0;land;false;forest
4010;170;15;0;land;false;hills
4011;171;15;0;land;true;forest
4012;172;15;0;land;false;hills
4013;173;15;0;land;false;forest
4014;174;15;0;land;true;forest
4015;175;15;0;land;true;plains
4016;176;15;0;land;false;forest
4017;177;15;0;land;true;plains
4018;178;15;0;land;true;forest
4019;179;15;0;land;false;hills
4020;180;15;0;land;true;forest
4021;181;15;0;land;true;plains
4022;182;15;0;land;false;hills
4023;183;15;0;land;true;plains
4024;184;15;0;land;true;forest
4025;185;15;0;land;true;hills
4026;186;15;0;land;true;forest
4027;187;15;0;land;true;forest
4028;188;15;0;land;true;forest
4029;189;15;0;land;false;hills
4030;190;15;0;land;true;hills
4031;191;15;0;land;true;plains
4032;192;15;0;land;true;hills
4033;193;15;0;land;true;plains
4034;194;15;0;land;true;hills
4035;195;15;0;land;false;mountain
4036;196;15;0;land;true;hills
4037;197;15;0;land;false;mountain
4038;198;15;0;land;true;mountain
4039;199;15;0;land;false;mountain
4040;200;15;0;land;true;hills
4041;201;15;0;land;true;hills
4042;202;15;0;land;true;hills
4043;203;15;0;land;false;mountain
4044;204;15;0;land;true;hills
4045;205;15;0;land;false;hills
4046;206;15;0;land;false;hills
4047;207;15;0;land;false;forest
4048;208;15;0;land;true;hills
4049;209;15;0;land;true;plains
4050;210;15;0;land;true;plains
4051;211;15;0;land;true;hills
4052;212;15;0;land;false;hills
4053;213;15;0;land;false;plains
4054;214;15;0;land;false;hills
4055;215;15;0;land;true;plains
4056;216;15;0;land;false;forest
4057;217;15;0;land;true;hills
4058;218;15;0;land;false;plains
4059;219;15;0;land;true;plains
4060;220;15;0;land;false;hills
4061;221;15;0;land;true;hills
4062;222;15;0;land;true;hills
4063;223;15;0;land;true;hills
4064;224;15;0;land;true;hills
4065;225;15;0;land;true;plains
4066;226;15;0;land;false;plains
4067;227;15;0;land;false;plains
4068;228;15;0;land;true;plains
4069;229;15;0;land;false;plains
4070;230;15;0;land;true;plains
4071;231;15;0;land;true;plains
4072;232;15;0;land;true;plains
4073;233;15;0;land;false;plains
4074;234;15;0;land;false;plains
4075;235;15;0;land;true;plains
4076;236;15;0;land;true;plains
4077;237;15;0;land;false;plains
4078;238;15;0;land;true;plains
4079;239;15;0;land;true;plains
4080;240;15;0;land;true;plains
4081;241;15;0;land;false;plains
4082;242;15;0;land;true;hills
4083;243;15;0;land;true;hills
4084;244;15;0;land;true;hills
4085;245;15;0;land;true;hills
4086;246;15;0;land;false;hills
4087;247;15;0;land;true;hills
4088;248;15;0;land;true;hills
4089;249;15;0;land;true;plains
4090;250;15;0;land;false;plains
4091;251;15;0;land;false;plains
4092;252;15;0;land;true;plains
4093;253;15;0;land;false;forest
4094;254;15;0;land;true;plains
4095;255;15;0;land;true;forest
4096;0;16;0;land;false;forest
4097;1;16;0;land;true;plains
4098;2;16;0;land;true;hills
4099;3;16;0;land;true;plains
4100;4;16;0;land;true;hills
4101;5;16;0;land;true;hills
4102;6;16;0;land;true;plains
4103;7;16;0;land;true;forest
4104;8;16;0;land;true;hills
4105;9;16;0;land;true;hills
4106;10;16;0;land;true;hills
4107;11;16;0;land;true;forest
4108;12;16;0;land;true;hills
4109;13;16;0;land;true;hills
4110;14;16;0;land;true;hills
4111;15;16;0;land;true;hills
4112;16;16;0;land;true;hills
4113;17;16;0;land;true;hills
4114;18;16;0;land;true;hills
4115;19;16;0;land;true;hills
4116;20;16;0;land;true;hills
4117;21;16;0;land;true;hills
4118;22;16;0;land;true;hills
4119;23;16;0;land;true;hills
4120;24;16;0;land;true;hills
4121;25;16;0;land;true;hills
4122;26;16;0;land;true;hills
4123;27;16;0;land;true;hills
4124;28;16;0;land;true;hills
4125;29;16;0;land;false;hills
4126;30;16;0;land;false;hills
4127;31;16;0;land;false;hills
4128;32;16;0;land;true;hills
4129;33;16;0;land;false;hills
4130;34;16;0;land;false;hills
4131;35;16;0;land;true;hills
4132;36;16;0;land;true;forest
4133;37;16;0;land;true;hills
4134;38;16;0;land;true;plains
4135;39;16;0;land;true;hills
4136;40;16;0;land;true;plains
4137;41;16;0;land;false;forest
4138;42;16;0;land;false;plains
4139;43;16;0;land;true;hills
4140;44;16;0;land;false;plains
4141;45;16;0;land;false;forest
4142;46;16;0;land;false;forest
4143;47;16;0;land;true;plains
4144;48;16;0;land;true;forest
4145;49;16;0;land;true;forest
4146;50;16;0;land;true;forest
4147;51;16;0;land;true;forest
4148;52;16;0;land;true;hills
4149;53;16;0;land;true;plains
4150;54;16;0;land;true;hills
4151;55;16;0;land;true;hills
4152;56;16;0;land;true;hills
4153;57;16;0;land;false;hills
4154;58;16;0;land;true;hills
4155;59;16;0;land;true;forest
4156;60;16;0;land;true;forest
4157;61;16;0;land;true;hills
4158;62;16;0;land;true;hills
4159;63;16;0;land;true;hills
4160;64;16;0;land;true;plains
4161;65;16;0;land;false;hills
4162;66;16;0;land;false;plains
4163;67;16;0;land;false;hills
4164;68;16;0;land;false;plains
4165;69;16;0;land;true;hills
4166;70;16;0;land;false;plains
4167;71;16;0;land;false;hills
4168;72;16;0;land;false;hills
4169;73;16;0;land;true;plains
4170;74;16;0;land;true;plains
4171;75;16;0;land;false;plains
4172;76;16;0;land;true;plains
4173;77;16;0;land;true;plains
4174;78;16;0;land;true;plains
4175;79;16;0;land;false;plains
4176;80;16;0;land;false;hills
4177;81;16;0;land;false;forest
4178;82;16;0;land;false;forest
4179;83;16;0;land;false;plains
4180;84;16;0;land;false;hills
4181;85;16;0;land;true;hills
4182;86;16;0;land;true;forest
4183;87;16;0;land;true;forest
4184;88;16;0;land;false;hills
4185;89;16;0;land;true;forest
4186;90;16;0;land;true;forest
4187;91;16;0;land;true;hills
4188;92;16;0;land;true;forest
4189;93;16;0;land;true;hills
4190;94;16;0;land;true;plains
4191;95;16;0;land;true;plains
4192;96;16;0;land;true;plains
4193;97;16;0;land;true;plains
4194;98;16;0;land;true;plains
4195;99;16;0;land;true;plains
4196;100;16;0;land;true;plains
4197;101;16;0;land;false;hills
4198;102;16;0;land;false;hills
4199;103;16;0;land;true;plains
4200;104;16;0;land;false;hills
4201;105;16;0;land;true;plains
4202;106;16;0;land;false;hills
4203;107;16;0;land;true;plains
4204;108;16;0;land;true;plains
4205;109;16;0;land;true;plains
4206;110;16;0;land;true;hills
4207;111;16;0;land;true;plains
4208;112;16;0;land;true;plains
4209;113;16;0;land;true;hills
4210;114;16;0;land;true;hills
4211;115;16;0;land;false;forest
4212;116;16;0;land;true;hills
4213;117;16;0;land;true;forest
4214;118;16;0;land;false;forest
4215;119;16;0;land;true;hills
4216;120;16;0;land;true;hills
4217;121;16;0;land;true;hills
4218;122;16;0;land;true;hills
4219;123;16;0;land;true;hills
4220;124;16;0;land;false;hills
4221;125;16;0;land;false;plains
4222;126;16;0;land;false;hills
4223;127;16;0;land;false;plains
4224;128;16;0;land;false;plains
4225;129;16;0;land;false;hills
4226;130;16;0;land;true;plains
4227;131;16;0;land;false;plains
4228;132;16;0;land;false;plains
4229;133;16;0;land;false;plains
4230;134;16;0;land;false;plains
4231;135;16;0;land;false;plains
4232;136;16;0;land;false;plains
4233;137;16;0;land;true;hills
4234;138;16;0;land;true;hills
4235;139;16;0;land;true;plains
4236;140;16;0;land;true;hills
4237;141;16;0;land;true;plains
4238;142;16;0;land;true;plains
4239;143;16;0;land;false;hills
4240;144;16;0;land;false;hills
4241;145;16;0;land;false;hills
4242;146;16;0;land;true;plains
4243;147;16;0;land;true;hills
4244;148;16;0;land;false;hills
4245;149;16;0;land;false;hills
4246;150;16;0;land;true;plains
4247;151;16;0;land;true;plains
4248;152;16;0;land;false;plains
4249;153;16;0;land;true;plains
4250;154;16;0;land;false;plains
4251;155;16;0;land;true;plains
4252;156;16;0;land;false;hills
4253;157;16;0;land;false;hills
4254;158;16;0;land;true;forest
4255;159;16;0;land;true;mountain
4256;160;16;0;land;true;forest
4257;161;16;0;land;true;hills
4258;162;16;0;land;true;hills
4259;163;16;0;land;true;hills
4260;164;16;0;land;true;forest
4261;165;16;0;land;true;hills
4262;166;16;0;land;true;plains
4263;167;16;0;land;true;forest
4264;168;16;0;land;true;forest
4265;169;16;0;land;true;hills
4266;170;16;0;land;true;hills
4267;171;16;0;land;true;plains
4268;172;16;0;land;false;plains
4269;173;16;0;land;true;plains
4270;174;16;0;land;true;plains
4271;175;16;0;land;true;plains
4272;176;16;0;land;true;plains
4273;177;16;0;land;true;plains
4274;178;16;0;land;true;plains
4275;179;16;0;land;false;plains
4276;180;16;0;land;false;plains
4277;181;16;0;land;true;plains
4278;182;16;0;land;false;plains
4279;183;16;0;land;false;plains
4280;184;16;0;land;true;plains
4281;185;16;0;land;true;plains
4282;186;16;0;land;true;plains
4283;187;16;0;land;false;plains
4284;188;16;0;land;false;plains
4285;189;16;0;land;false;plains
4286;190;16;0;land;false;plains
4287;191;16;0;land;true;plains
4288;192;16;0;land;true;plains
4289;193;16;0;land;false;plains
4290;194;16;0;land;true;plains
4291;195;16;0;land;false;plains
4292;196;16;0;land;false;plains
4293;197;16;0;land;true;plains
4294;198;16;0;land;true;plains
4295;199;16;0;land;false;plains
4296;200;16;0;land;false;plains
4297;201;16;0;land;false;plains
4298;202;16;0;land;false;plains
4299;203;16;0;land;true;plains
4300;204;16;0;land;true;plains
4301;205;16;0;land;true;forest
4302;206;16;0;land;true;plains
4303;207;16;0;land;false;plains
4304;208;16;0;land;false;plains
4305;209;16;0;land;true;plains
4306;210;16;0;land;false;plains
4307;211;16;0;land;true;plains
4308;212;16;0;land;true;plains
4309;213;16;0;land;false;plains
4310;214;16;0;land;true;plains
4311;215;16;0;land;true;plains
4312;216;16;0;land;false;plains
4313;217;16;0;land;true;plains
4314;218;16;0;land;true;plains
4315;219;16;0;land;true;plains
4316;220;16;0;land;false;plains
4317;221;16;0;land;true;plains
4318;222;16;0;land;true;plains
4319;223;16;0;land;false;plains
4320;224;16;0;land;false;plains
4321;225;16;0;land;false;plains
4322;226;16;0;land;false;plains
4323;227;16;0;land;false;plains
4324;228;16;0;land;true;plains
4325;229;16;0;land;true;plains
4326;230;16;0;land;true;plains
4327;231;16;0;land;true;plains
4328;232;16;0;land;true;hills
4329;233;16;0;land;true;plains
4330;234;16;0;land;true;hills
4331;235;16;0;land;true;hills
4332;236;16;0;land;true;plains
4333;237;16;0;land;true;plains
4334;238;16;0;land;true;hills
4335;239;16;0;land;true;hills
4336;240;16;0;land;true;plains
4337;241;16;0;land;true;hills
4338;242;16;0;land;true;hills
4339;243;16;0;land;false;hills
4340;244;16;0;land;true;hills
4341;245;16;0;land;true;hills
4342;246;16;0;land;true;plains
4343;247;16;0;land;true;hills
4344;248;16;0;land;true;plains
4345;249;16;0;land;true;plains
4346;250;16;0;land;false;hills
4347;251;16;0;land;true;plains
4348;252;16;0;land;true;hills
4349;253;16;0;land;true;plains
4350;254;16;0;land;true;hills
4351;255;16;0;land;false;hills
4352;0;17;0;land;true;hills
4353;1;17;0;land;true;hills
4354;2;17;0;land;true;hills
4355;3;17;0;land;true;hills
4356;4;17;0;land;true;hills
4357;5;17;0;land;true;plains
4358;6;17;0;land;true;plains
4359;7;17;0;land;true;plains
4360;8;17;0;land;true;plains
4361;9;17;0;land;true;plains
4362;10;17;0;land;false;plains
4363;11;17;0;land;false;forest
4364;12;17;0;land;false;plains
4365;13;17;0;land;false;plains
4366;14;17;0;land;true;plains
4367;15;17;0;land;true;plains
4368;16;17;0;land;true;plains
4369;17;17;0;land;true;plains
4370;18;17;0;land;true;plains
4371;19;17;0;land;true;plains
4372;20;17;0;land;true;plains
4373;21;17;0;land;true;plains
4374;22;17;0;land;true;plains
4375;23;17;0;land;true;plains
4376;24;17;0;land;true;plains
4377;25;17;0;land;true;plains
4378;26;17;0;land;false;plains
4379;27;17;0;land;true;plains
4380;28;17;0;land;false;plains
4381;29;17;0;land;true;plains
4382;30;17;0;land;true;forest
4383;31;17;0;land;true;forest
4384;32;17;0;land;true;forest
4385;33;17;0;land;false;forest
4386;34;17;0;land;true;forest
4387;35;17;0;land;false;forest
4388;36;17;0;land;true;forest
4389;37;17;0;land;true;forest
4390;38;17;0;land;true;forest
4391;39;17;0;land;false;forest
4392;40;17;0;land;false;forest
4393;41;17;0;land;true;forest
4394;42;17;0;land;false;forest
4395;43;17;0;land;true;forest
4396;44;17;0;land;true;forest
4397;45;17;0;land;true;plains
4398;46;17;0;land;true;forest
4399;47;17;0;land;true;forest
4400;48;17;0;land;false;forest
4401;49;17;0;land;true;forest
4402;50;17;0;land;true;forest
4403;51;17;0;land;true;forest
4404;52;17;0;land;true;forest
4405;53;17;0;land;false;forest
4406;54;17;0;land;false;forest
4407;55;17;0;land;true;forest
4408;56;17;0;land;false;forest
4409;57;17;0;land;false;forest
4410;58;17;0;land;true;forest
4411;59;17;0;land;true;plains
4412;60;17;0;land;true;forest
4413;61;17;0;land;true;forest
4414;62;17;0;land;true;forest
4415;63;17;0;land;false;forest
4416;64;17;0;land;false;forest
4417;65;17;0;land;false;forest
4418;66;17;0;land;false;forest
4419;67;17;0;land;false;forest
4420;68;17;0;land;false;forest
4421;69;17;0;land;true;forest
4422;70;17;0;land;true;forest
4423;71;17;0;land;true;forest
4424;72;17;0;land;true;forest
4425;73;17;0;land;true;plains
4426;74;17;0;land;true;forest
4427;75;17;0;land;true;forest
4428;76;17;0;land;true;plains
4429;77;17;0;land;false;forest
4430;78;17;0;land;false;hills
4431;79;17;0;land;true;forest
4432;80;17;0;land;true;forest
4433;81;17;0;land;false;hills
4434;82;17;0;land;false;hills
4435;83;17;0;land;true;hills
4436;84;17;0;land;true;hills
4437;85;17;0;land;true;hills
4438;86;17;0;land;false;hills
4439;87;17;0;land;false;hills
4440;88;17;0;land;false;hills
4441;89;17;0;land;true;mountain
4442;90;17;0;land;true;forest
4443;91;17;0;land;true;forest
4444;92;17;0;land;true;mountain
4445;93;17;0;land;true;hills
4446;94;17;0;land;false;mountain
4447;95;17;0;land;true;mountain
4448;96;17;0;land;false;mountain
4449;97;17;0;land;true;mountain
4450;98;17;0;land;true;hills
4451;99;17;0;land;true;hills
4452;100;17;0;land;false;hills
4453;101;17;0;land;true;hills
4454;102;17;0;land;true;hills
4455;103;17;0;land;true;hills
4456;104;17;0;land;true;hills
4457;105;17;0;land;true;hills
4458;106;17;0;land;false;plains
4459;107;17;0;land;true;hills
4460;108;17;0;land;false;hills
4461;109;17;0;land;true;plains
4462;110;17;0;land;true;plains
4463;111;17;0;land;true;hills
4464;112;17;0;land;true;hills
4465;113;17;0;land;true;hills
4466;114;17;0;land;true;hills
4467;115;17;0;land;true;mountain
4468;116;17;0;land;true;hills
4469;117;17;0;land;true;mountain
4470;118;17;0;land;true;mountain
4471;119;17;0;land;true;hills
4472;120;17;0;land;true;hills
4473;121;17;0;land;true;hills
4474;122;17;0;land;true;hills
4475;123;17;0;land;false;mountain
4476;124;17;0;land;true;hills
4477;125;17;0;land;true;plains
4478;126;17;0;land;false;hills
4479;127;17;0;land;false;plains
4480;128;17;0;land;false;plains
4481;129;17;0;land;false;forest
4482;130;17;0;land;false;plains
4483;131;17;0;land;true;plains
4484;132;17;0;land;false;hills
4485;133;17;0;land;true;hills
4486;134;17;0;land;true;hills
4487;135;17;0;land;true;hills
4488;136;17;0;land;false;hills
4489;137;17;0;land;true;mountain
4490;138;17;0;land;true;hills
4491;139;17;0;land;true;hills
4492;140;17;0;land;true;hills
4493;141;17;0;land;true;mountain
4494;142;17;0;land;true;hills
4495;143;17;0;land;true;hills
4496;144;17;0;land;true;hills
4497;145;17;0;land;false;hills
4498;146;17;0;land;true;hills
4499;147;17;0;land;true;plains
4500;148;17;0;land;true;hills
4501;149;17;0;land;true;plains
4502;150;17;0;land;true;hills
4503;151;17;0;land;true;plains
4504;152;17;0;land;true;plains
4505;153;17;0;land;true;hills
4506;154;17;0;land;true;plains
4507;155;17;0;land;true;hills
4508;156;17;0;land;true;hills
4509;157;17;0;land;false;hills
4510;158;17;0;land;true;hills
4511;159;17;0;land;true;hills
4512;160;17;0;land;true;mountain
4513;161;17;0;land;true;hills
4514;162;17;0;land;true;hills
4515;163;17;0;land;true;mountain
4516;164;17;0;land;true;hills
4517;165;17;0;land;true;hills
4518;166;17;0;land;true;hills
4519;167;17;0;land;false;mountain
4520;168;17;0;land;true;plains
4521;169;17;0;land;false;hills
4522;170;17;0;land;true;plains
4523;171;17;0;land;true;hills
4524;172;17;0;land;true;mountain
4525;173;17;0;land;false;hills
4526;174;17;0;land;false;hills
4527;175;17;0;land;true;hills
4528;176;17;0;land;false;hills
4529;177;17;0;land;true;hills
4530;178;17;0;land;false;plains
4531;179;17;0;land;false;mountain
4532;180;17;0;land;true;hills
4533;181;17;0;land;false;hills
4534;182;17;0;land;true;hills
4535;183;17;0;land;true;hills
4536;184;17;0;land;false;hills
4537;185;17;0;land;true;hills
4538;186;17;0;land;true;hills
4539;187;17;0;land;true;hills
4540;188;17;0;land;true;hills
4541;189;17;0;land;true;hills
4542;190;17;0;land;false;hills
4543;191;17;0;land;false;hills
4544;192;17;0;land;true;hills
4545;193;17;0;land;true;hills
4546;194;17;0;land;true;hills
4547;195;17;0;land;true;hills
4548;196;17;0;land;true;hills
4549;197;17;0;land;true;hills
4550;198;17;0;land;true;plains
4551;199;17;0;land;false;plains
4552;200;17;0;land;false;plains
4553;201;17;0;land;false;plains
4554;202;17;0;land;false;plains
4555;203;17;0;land;false;plains
4556;204;17;0;land;true;plains
4557;205;17;0;land;true;plains
4558;206;17;0;land;true;plains
4559;207;17;0;land;false;plains
4560;208;17;0;land;false;plains
4561;209;17;0;land;true;plains
4562;210;17;0;land;false;hills
4563;211;17;0;land;true;forest
4564;212;17;0;land;true;forest
4565;213;17;0;land;true;hills
4566;214;17;0;land;false;plains
4567;215;17;0;land;false;mountain
4568;216;17;0;land;false;plains
4569;217;17;0;land;true;forest
4570;218;17;0;land;true;hills
4571;219;17;0;land;false;plains
4572;220;17;0;land;false;forest
4573;221;17;0;land;true;plains
4574;222;17;0;land;false;forest
4575;223;17;0;land;false;plains
4576;224;17;0;land;true;plains
4577;225;17;0;land;true;plains
4578;226;17;0;land;true;plains
4579;227;17;0;land;true;plains
4580;228;17;0;land;true;plains
4581;229;17;0;land;true;plains
4582;230;17;0;land;false;plains
4583;231;17;0;land;true;plains
4584;232;17;0;land;false;plains
4585;233;17;0;land;false;plains
4586;234;17;0;land;true;plains
4587;235;17;0;land;true;plains
4588;236;17;0;land;true;plains
4589;237;17;0;land;true;plains
4590;238;17;0;land;true;plains
4591;239;17;0;land;true;plains
4592;240;17;0;land;true;plains
4593;241;17;0;land;true;plains
4594;242;17;0;land;true;plains
4595;243;17;0;land;false;plains
4596;244;17;0;land;true;plains
4597;245;17;0;land;true;plains
4598;246;17;0;land;true;plains
4599;247;17;0;land;true;plains
4600;248;17;0;land;true;plains
4601;249;17;0;land;true;plains
4602;250;17;0;land;false;plains
4603;251;17;0;land;true;plains
4604;252;17;0;land;false;plains
4605;253;17;0;land;true;plains
4606;254;17;0;land;false;plains
4607;255;17;0;land;false;plains
4608;0;18;0;land;true;plains
4609;1;18;0;land;false;plains
4610;2;18;0;land;false;plains
4611;3;18;0;land;true;plains
4612;4;18;0;land;false;plains
4613;5;18;0;land;true;plains
4614;6;18;0;land;true;plains
4615;7;18;0;land;true;plains
4616;8;18;0;land;true;plains
4617;9;18;0;land;true;plains
4618;10;18;0;land;false;plains
4619;11;18;0;land;true;hills
4620;12;18;0;land;true;hills
4621;13;18;0;land;true;hills
4622;14;18;0;land;true;hills
4623;15;18;0;land;true;hills
4624;16;18;0;land;true;mountain
4625;17;18;0;land;false;hills
4626;18;18;0;land;false;hills
4627;19;18;0;land;true;hills
4628;20;18;0;land;true;mountain
4629;21;18;0;land;true;hills
4630;22;18;0;land;true;hills
4631;23;18;0;land;true;hills
4632;24;18;0;land;true;hills
4633;25;18;0;land;false;hills
4634;26;18;0;land;true;hills
4635;27;18;0;land;false;plains
4636;28;18;0;land;true;hills
4637;29;18;0;land;true;hills
4638;30;18;0;land;true;mountain
4639;31;18;0;land;true;mountain
4640;32;18;0;land;true;mountain
4641;33;18;0;land;true;mountain
4642;34;18;0;land;true;mountain
4643;35;18;0;land;true;mountain
4644;36;18;0;land;true;mountain
4645;37;18;0;land;true;plains
4646;38;18;0;land;true;forest
4647;39;18;0;land;true;hills
4648;40;18;0;land;true;plains
4649;41;18;0;land;true;hills
4650;42;18;0;land;true;plains
4651;43;18;0;land;true;hills
4652;44;18;0;land;true;hills
4653;45;18;0;land;true;mountain
4654;46;18;0;land;true;hills
4655;47;18;0;land;true;hills
4656;48;18;0;land;true;mountain
4657;49;18;0;land;true;hills
4658;50;18;0;land;true;hills
4659;51;18;0;land;true;hills
4660;52;18;0;land;true;plains
4661;53;18;0;land;true;plains
4662;54;18;0;land;true;mountain
4663;55;18;0;land;true;hills
4664;56;18;0;land;true;plains
4665;57;18;0;land;true;hills
4666;58;18;0;land;true;mountain
4667;59;18;0;land;true;plains
4668;60;18;0;land;true;hills
4669;61;18;0;land;true;plains
4670;62;18;0;land;true;plains
4671;63;18;0;land;true;hills
4672;64;18;0;land;true;plains
4673;65;18;0;land;true;plains
4674;66;18;0;land;true;plains
4675;67;18;0;land;true;plains
4676;68;18;0;land;true;hills
4677;69;18;0;land;true;plains
4678;70;18;0;land;true;plains
4679;71;18;0;land;true;plains
4680;72;18;0;land;true;plains
4681;73;18;0;land;true;plains
4682;74;18;0;land;true;plains
4683;75;18;0;land;true;plains
4684;76;18;0;land;false;plains
4685;77;18;0;land;false;plains
4686;78;18;0;land;false;plains
4687;79;18;0;land;true;plains
4688;80;18;0;land;false;plains
4689;81;18;0;land;false;plains
4690;82;18;0;land;false;plains
4691;83;18;0;land;false;plains
4692;84;18;0;land;false;plains
4693;85;18;0;land;false;plains
4694;86;18;0;land;false;plains
4695;87;18;0;land;false;plains
4696;88;18;0;land;false;plains
4697;89;18;0;land;true;mountain
4698;90;18;0;land;true;hills
4699;91;18;0;land;true;mountain
4700;92;18;0;land;true;hills
4701;93;18;0;land;true;mountain
4702;94;18;0;land;true;mountain
4703;95;18;0;land;true;hills
4704;96;18;0;land;true;plains
4705;97;18;0;land;true;plains
4706;98;18;0;land;true;mountain
4707;99;18;0;land;true;mountain
4708;100;18;0;land;true;plains
4709;101;18;0;land;true;plains
4710;102;18;0;land;true;hills
4711;103;18;0;land;true;hills
4712;104;18;0;land;true;plains
4713;105;18;0;land;true;mountain
4714;106;18;0;land;true;mountain
4715;107;18;0;land;true;mountain
4716;108;18;0;land;true;plains
4717;109;18;0;land;true;plains
4718;110;18;0;land;true;mountain
4719;111;18;0;land;true;plains
4720;112;18;0;land;true;hills
4721;113;18;0;land;true;mountain
4722;114;18;0;land;true;mountain
4723;115;18;0;land;true;plains
4724;116;18;0;land;true;mountain
4725;117;18;0;land;true;mountain
4726;118;18;0;land;true;mountain
4727;119;18;0;land;true;hills
4728;120;18;0;land;true;hills
4729;121;18;0;land;true;plains
4730;122;18;0;land;true;mountain
4731;123;18;0;land;true;hills
4732;124;18;0;land;true;hills
4733;125;18;0;land;true;hills
4734;126;18;0;land;true;hills
4735;127;18;0;land;true;mountain
4736;128;18;0;land;true;plains
4737;129;18;0;land;true;plains
4738;130;18;0;land;true;hills
4739;131;18;0;land;true;hills
4740;132;18;0;land;true;hills
4741;133;18;0;land;true;hills
4742;134;18;0;land;true;hills
4743;135;18;0;land;true;plains
4744;136;18;0;land;true;mountain
4745;137;18;0;land;true;mountain
4746;138;18;0;land;true;plains
4747;139;18;0;land;true;plains
4748;140;18;0;land;true;plains
4749;141;18;0;land;true;plains
4750;142;18;0;land;true;plains
4751;143;18;0;land;true;plains
4752;144;18;0;land;true;plains
4753;145;18;0;land;true;plains
4754;146;18;0;land;true;plains
4755;147;18;0;land;true;hills
4756;148;18;0;land;true;hills
4757;149;18;0;land;true;hills
4758;150;18;0;land;true;hills
4759;151;18;0;land;true;hills
4760;152;18;0;land;true;mountain
4761;153;18;0;land;true;plains
4762;154;18;0;land;true;mountain
4763;155;18;0;land;true;hills
4764;156;18;0;land;true;hills
4765;157;18;0;land;false;hills
4766;158;18;0;land;true;hills
4767;159;18;0;land;true;plains
4768;160;18;0;land;true;hills
4769;161;18;0;land;true;forest
4770;162;18;0;land;true;forest
4771;163;18;0;land;true;mountain
4772;164;18;0;land;true;plains
4773;165;18;0;land;true;hills
4774;166;18;0;land;true;mountain
4775;167;18;0;land;true;hills
4776;168;18;0;land;true;mountain
4777;169;18;0;land;true;hills
4778;170;18;0;land;true;mountain
4779;171;18;0;land;true;hills
4780;172;18;0;land;true;hills
4781;173;18;0;land;true;plains
4782;174;18;0;land;true;hills
4783;175;18;0;land;true;plains
4784;176;18;0;land;true;hills
4785;177;18;0;land;true;hills
4786;178;18;0;land;true;mountain
4787;179;18;0;land;true;hills
4788;180;18;0;land;true;mountain
4789;181;18;0;land;true;mountain
4790;182;18;0;land;true;forest
4791;183;18;0;land;true;forest
4792;184;18;0;land;true;plains
4793;185;18;0;land;true;plains
4794;186;18;0;land;true;hills
4795;187;18;0;land;true;mountain
4796;188;18;0;land;true;hills
4797;189;18;0;land;true;mountain
4798;190;18;0;land;true;hills
4799;191;18;0;land;true;plains
4800;192;18;0;land;true;hills
4801;193;18;0;land;true;hills
4802;194;18;0;land;true;hills
4803;195;18;0;land;true;hills
4804;196;18;0;land;true;plains
4805;197;18;0;land;true;hills
4806;198;18;0;land;true;plains
4807;199;18;0;land;true;plains
4808;200;18;0;land;true;hills
4809;201;18;0;land;true;mountain
4810;202;18;0;land;true;plains
4811;203;18;0;land;true;mountain
4812;204;18;0;land;true;hills
4813;205;18;0;land;true;hills
4814;206;18;0;land;true;mountain
4815;207;18;0;land;true;hills
4816;208;18;0;land;true;plains
4817;209;18;0;land;true;hills
4818;210;18;0;land;true;hills
4819;211;18;0;land;true;hills
4820;212;18;0;land;true;mountain
4821;213;18;0;land;true;mountain
4822;214;18;0;land;true;plains
4823;215;18;0;land;true;mountain
4824;216;18;0;land;true;mountain
4825;217;18;0;land;true;mountain
4826;218;18;0;land;true;plains
4827;219;18;0;land;true;plains
4828;220;18;0;land;true;plains
4829;221;18;0;land;true;hills
4830;222;18;0;land;true;mountain
4831;223;18;0;land;true;hills
4832;224;18;0;land;true;hills
4833;225;18;0;land;true;hills
4834;226;18;0;land;true;hills
4835;227;18;0;land;true;hills
4836;228;18;0;land;true;hills
4837;229;18;0;land;true;plains
4838;230;18;0;land;true;hills
4839;231;18;0;land;true;plains
4840;232;18;0;land;true;hills
4841;233;18;0;land;true;mountain
4842;234;18;0;land;false;hills
4843;235;18;0;land;false;plains
4844;236;18;0;land;false;hills
4845;237;18;0;land;false;hills
4846;238;18;0;land;false;plains
4847;239;18;0;land;false;plains
4848;240;18;0;land;false;plains
4849;241;18;0;land;false;plains
4850;242;18;0;land;false;plains
4851;243;18;0;land;true;forest
4852;244;18;0;land;false;plains
4853;245;18;0;land;true;hills
4854;246;18;0;land;true;plains
4855;247;18;0;land;false;plains
4856;248;18;0;land;false;plains
4857;249;18;0;land;false;plains
4858;250;18;0;land;false;plains
4859;251;18;0;land;false;plains
4860;252;18;0;land;true;hills
4861;253;18;0;land;true;hills
4862;254;18;0;land;false;plains
4863;255;18;0;land;true;hills
4864;0;19;0;land;false;hills
4865;1;19;0;land;false;plains
4866;2;19;0;land;false;plains
4867;3;19;0;land;false;plains
4868;4;19;0;land;false;plains
4869;5;19;0;land;false;plains
4870;6;19;0;land;false;plains
4871;7;19;0;land;false;plains
4872;8;19;0;land;false;plains
4873;9;19;0;land;false;plains
4874;10;19;0;land;false;plains
4875;11;19;0;land;false;plains
4876;12;19;0;land;false;plains
4877;13;19;0;land;false;plains
4878;14;19;0;land;false;plains
4879;15;19;0;land;false;plains
4880;16;19;0;land;false;plains
4881;17;19;0;land;false;plains
4882;18;19;0;land;false;plains
4883;19;19;0;land;false;plains
4884;20;19;0;land;false;plains
4885;21;19;0;land;false;plains
4886;22;19;0;land;false;plains
4887;23;19;0;land;false;plains
4888;24;19;0;land;false;plains
4889;25;19;0;land;false;plains
4890;26;19;0;land;false;plains
4891;27;19;0;land;false;plains
4892;28;19;0;land;false;plains
4893;29;19;0;land;false;plains
4894;30;19;0;land;false;plains
4895;31;19;0;land;false;plains
4896;32;19;0;land;false;forest
4897;33;19;0;land;false;plains
4898;34;19;0;land;false;plains
4899;35;19;0;land;false;plains
4900;36;19;0;land;false;plains
4901;37;19;0;land;false;plains
4902;38;19;0;land;false;plains
4903;39;19;0;land;false;plains
4904;40;19;0;land;false;plains
4905;41;19;0;land;false;plains
4906;42;19;0;land;false;plains
4907;43;19;0;land;false;plains
4908;44;19;0;land;false;plains
4909;45;19;0;land;false;plains
4910;46;19;0;land;false;plains
4911;47;19;0;land;false;plains
4912;48;19;0;land;true;plains
4913;49;19;0;land;true;plains
4914;50;19;0;land;true;plains
4915;51;19;0;land;true;plains
4916;52;19;0;land;true;plains
4917;53;19;0;land;false;mountain
4918;54;19;0;land;false;hills
4919;55;19;0;land;false;hills
4920;56;19;0;land;false;hills
4921;57;19;0;land;false;hills
4922;58;19;0;land;false;desert
4923;59;19;0;land;false;hills
4924;60;19;0;land;false;hills
4925;61;19;0;land;true;hills
4926;62;19;0;land;false;plains
4927;63;19;0;land;false;plains
4928;64;19;0;land;false;plains
4929;65;19;0;land;false;plains
4930;66;19;0;land;false;plains
4931;67;19;0;land;false;plains
4932;68;19;0;land;false;plains
4933;69;19;0;land;false;plains
4934;70;19;0;land;false;plains
4935;71;19;0;land;false;plains
4936;72;19;0;land;false;plains
4937;73;19;0;land;false;plains
4938;74;19;0;land;false;plains
4939;75;19;0;land;false;plains
4940;76;19;0;land;false;plains
4941;77;19;0;land;false;plains
4942;78;19;0;land;false;plains
4943;79;19;0;land;false;plains
4944;80;19;0;land;false;plains
4945;81;19;0;land;false;mountain
4946;82;19;0;land;false;mountain
4947;83;19;0;land;false;mountain
4948;84;19;0;land;false;hills
4949;85;19;0;land;false;mountain
4950;86;19;0;land;false;mountain
4951;87;19;0;land;false;hills
4952;88;19;0;land;false;plains
4953;89;19;0;land;false;mountain
4954;90;19;0;land;false;mountain
4955;91;19;0;land;false;mountain
4956;92;19;0;land;false;mountain
4957;93;19;0;land;false;mountain
4958;94;19;0;land;false;mountain
4959;95;19;0;land;false;mountain
4960;96;19;0;land;false;mountain
4961;97;19;0;land;false;mountain
4962;98;19;0;land;false;mountain
4963;99;19;0;land;false;mountain
4964;100;19;0;land;false;mountain
4965;101;19;0;land;false;hills
4966;102;19;0;land;false;desert
4967;103;19;0;land;false;mountain
4968;104;19;0;land;false;hills
4969;105;19;0;land;false;mountain
4970;106;19;0;land;false;mountain
4971;107;19;0;land;false;mountain
4972;108;19;0;land;false;mountain
4973;109;19;0;land;false;plains
4974;110;19;0;land;false;hills
4975;111;19;0;land;false;plains
4976;112;19;0;land;false;plains
4977;113;19;0;land;false;desert
4978;114;19;0;land;false;plains
4979;115;19;0;land;false;plains
4980;116;19;0;land;false;plains
4981;117;19;0;land;false;desert
4982;118;19;0;land;false;plains
4983;119;19;0;land;false;plains
4984;120;19;0;land;false;plains
4985;121;19;0;land;false;desert
4986;122;19;0;land;false;desert
4987;123;19;0;land;false;plains
4988;124;19;0;land;false;plains
4989;125;19;0;land;false;plains
4990;126;19;0;land;false;plains
4991;127;19;0;land;false;plains
4992;128;19;0;land;false;plains
4993;129;19;0;land;false;plains
4994;130;19;0;land;false;desert
4995;131;19;0;land;false;plains
4996;132;19;0;land;false;plains
4997;133;19;0;land;false;plains
4998;134;19;0;land;false;plains
4999;135;19;0;land;false;plains
5000;136;19;0;land;false;plains
5001;137;19;0;land;false;plains
5002;138;19;0;land;false;plains
5003;139;19;0;land;false;plains
5004;140;19;0;land;false;plains
5005;141;19;0;land;false;plains
5006;142;19;0;land;false;plains
5007;143;19;0;land;false;plains
5008;144;19;0;land;false;forest
5009;145;19;0;land;false;plains
5010;146;19;0;land;false;plains
5011;147;19;0;land;false;plains
5012;148;19;0;land;false;forest
5013;149;19;0;land;false;plains
5014;150;19;0;land;false;forest
5015;151;19;0;land;false;forest
5016;152;19;0;land;false;forest
5017;153;19;0;land;false;plains
5018;154;19;0;land;false;forest
5019;155;19;0;land;false;plains
5020;156;19;0;land;false;hills
5021;157;19;0;land;false;plains
5022;158;19;0;land;false;plains
5023;159;19;0;land;false;plains
5024;160;19;0;land;false;plains
5025;161;19;0;land;false;plains
5026;162;19;0;land;false;plains
5027;163;19;0;land;false;plains
5028;164;19;0;land;false;plains
5029;165;19;0;land;false;plains
5030;166;19;0;land;false;plains
5031;167;19;0;land;false;plains
5032;168;19;0;land;false;plains
5033;169;19;0;land;false;plains
5034;170;19;0;land;false;plains
5035;171;19;0;land;false;hills
5036;172;19;0;land;false;plains
5037;173;19;0;land;false;plains
5038;174;19;0;land;false;plains
5039;175;19;0;land;false;hills
5040;176;19;0;land;false;hills
5041;177;19;0;land;false;hills
5042;178;19;0;land;false;hills
5043;179;19;0;land;false;hills
5044;180;19;0;land;false;plains
5045;181;19;0;land;false;forest
5046;182;19;0;land;false;mountain
5047;183;19;0;land;false;mountain
5048;184;19;0;land;false;desert
5049;185;19;0;land;false;hills
5050;186;19;0;land;true;hills
5051;187;19;0;land;false;hills
5052;188;19;0;land;false;hills
5053;189;19;0;land;false;plains
5054;190;19;0;land;false;hills
5055;191;19;0;land;false;hills
5056;192;19;0;land;false;hills
5057;193;19;0;land;false;hills
5058;194;19;0;land;false;hills
5059;195;19;0;land;false;hills
5060;196;19;0;land;false;desert
5061;197;19;0;land;false;hills
5062;198;19;0;land;false;hills
5063;199;19;0;land;false;mountain
5064;200;19;0;land;false;mountain
5065;201;19;0;land;true;mountain
5066;202;19;0;land;false;desert
5067;203;19;0;land;true;hills
5068;204;19;0;land;true;hills
5069;205;19;0;land;true;forest
5070;206;19;0;land;false;forest
5071;207;19;0;land;false;forest
5072;208;19;0;land;true;forest
5073;209;19;0;land;false;forest
5074;210;19;0;land;true;forest
5075;211;19;0;land;true;forest
5076;212;19;0;land;false;forest
5077;213;19;0;land;true;forest
5078;214;19;0;land;false;forest
5079;215;19;0;land;false;desert
5080;216;19;0;land;false;desert
5081;217;19;0;land;false;plains
5082;218;19;0;land;false;desert
5083;219;19;0;land;false;desert
5084;220;19;0;land;false;desert
5085;221;19;0;land;false;plains
5086;222;19;0;land;false;hills
5087;223;19;0;land;false;hills
5088;224;19;0;land;false;hills
5089;225;19;0;land;true;hills
5090;226;19;0;land;false;hills
5091;227;19;0;land;true;hills
5092;228;19;0;land;false;plains
5093;229;19;0;land;false;hills
5094;230;19;0;land;false;hills
5095;231;19;0;land;false;hills
5096;232;19;0;land;false;hills
5097;233;19;0;land;false;plains
5098;234;19;0;land;false;plains
5099;235;19;0;land;false;hills
5100;236;19;0;land;false;plains
5101;237;19;0;land;true;hills
5102;238;19;0;land;false;plains
5103;239;19;0;land;true;hills
5104;240;19;0;land;false;hills
5105;241;19;0;land;false;desert
5106;242;19;0;land;false;desert
5107;243;19;0;land;false;plains
5108;244;19;0;land;false;hills
5109;245;19;0;land;false;hills
5110;246;19;0;land;false;hills
5111;247;19;0;land;false;hills
5112;248;19;0;land;false;hills
5113;249;19;0;land;false;plains
5114;250;19;0;land;false;desert
5115;251;19;0;land;false;desert
5116;252;19;0;land;false;desert
5117;253;19;0;land;false;desert
5118;254;19;0;land;false;desert
5119;255;19;0;land;false;desert
5120;0;20;0;land;false;desert
5121;1;20;0;land;false;desert
5122;2;20;0;land;false;desert
5123;3;20;0;land;false;desert
5124;4;20;0;land;false;desert
5125;5;20;0;land;false;desert
5126;6;20;0;land;false;desert
5127;7;20;0;land;false;desert
5128;8;20;0;land;false;desert
5129;9;20;0;land;false;desert
5130;10;20;0;land;false;desert
5131;11;20;0;land;false;desert
5132;12;20;0;land;false;desert
5133;13;20;0;land;false;desert
5134;14;20;0;land;false;desert
5135;15;20;0;land;false;desert
5136;16;20;0;land;false;mountain
5137;17;20;0;land;false;hills
5138;18;20;0;land;false;plains
5139;19;20;0;land;false;hills
5140;20;20;0;land;false;hills
5141;21;20;0;land;false;plains
5142;22;20;0;land;false;plains
5143;23;20;0;land;false;plains
5144;24;20;0;land;false;hills
5145;25;20;0;land;false;hills
5146;26;20;0;land;false;plains
5147;27;20;0;land;false;plains
5148;28;20;0;land;false;plains
5149;29;20;0;land;false;plains
5150;30;20;0;land;false;hills
5151;31;20;0;land;false;plains
5152;32;20;0;land;false;mountain
5153;33;20;0;land;false;plains
5154;34;20;0;land;false;hills
5155;35;20;0;land;false;hills
5156;36;20;0;land;false;hills
5157;37;20;0;land;false;hills
5158;38;20;0;land;false;plains
5159;39;20;0;land;false;hills
5160;40;20;0;land;false;plains
5161;41;20;0;land;false;plains
5162;42;20;0;land;false;plains
5163;43;20;0;land;false;hills
5164;44;20;0;land;false;plains
5165;45;20;0;land;false;hills
5166;46;20;0;land;false;hills
5167;47;20;0;land;false;plains
5168;48;20;0;land;false;hills
5169;49;20;0;land;false;plains
5170;50;20;0;land;false;hills
5171;51;20;0;land;false;hills
5172;52;20;0;land;false;forest
5173;53;20;0;land;false;hills
5174;54;20;0;land;false;mountain
5175;55;20;0;land;false;hills
5176;56;20;0;land;true;hills
5177;57;20;0;land;true;hills
5178;58;20;0;land;true;hills
5179;59;20;0;land;false;plains
5180;60;20;0;land;false;plains
5181;61;20;0;land;false;plains
5182;62;20;0;land;false;plains
5183;63;20;0;land;false;plains
5184;64;20;0;land;false;plains
5185;65;20;0;land;false;hills
5186;66;20;0;land;false;hills
5187;67;20;0;land;true;plains
5188;68;20;0;land;true;plains
5189;69;20;0;land;false;hills
5190;70;20;0;land;true;hills
5191;71;20;0;land;true;plains
5192;72;20;0;land;true;hills
5193;73;20;0;land;true;hills
5194;74;20;0;land;true;hills
5195;75;20;0;land;true;hills
5196;76;20;0;land;true;hills
5197;77;20;0;land;false;mountain
5198;78;20;0;land;false;mountain
5199;79;20;0;land;false;mountain
5200;80;20;0;land;true;mountain
5201;81;20;0;land;false;mountain
5202;82;20;0;land;false;mountain
5203;83;20;0;land;false;mountain
5204;84;20;0;land;true;mountain
5205;85;20;0;land;false;hills
5206;86;20;0;land;false;hills
5207;87;20;0;land;false;plains
5208;88;20;0;land;false;plains
5209;89;20;0;land;false;plains
5210;90;20;0;land;false;plains
5211;91;20;0;land;false;plains
5212;92;20;0;land;false;plains
5213;93;20;0;land;false;hills
5214;94;20;0;land;true;hills
5215;95;20;0;land;false;hills
5216;96;20;0;land;true;forest
5217;97;20;0;land;false;forest
5218;98;20;0;land;false;forest
5219;99;20;0;land;false;forest
5220;100;20;0;land;false;forest
5221;101;20;0;land;true;forest
5222;102;20;0;land;false;hills
5223;103;20;0;land;false;hills
5224;104;20;0;land;false;hills
5225;105;20;0;land;true;hills
5226;106;20;0;land;true;plains
5227;107;20;0;land;true;hills
5228;108;20;0;land;true;hills
5229;109;20;0;land;true;hills
5230;110;20;0;land;false;hills
5231;111;20;0;land;true;hills
5232;112;20;0;land;false;forest
5233;113;20;0;land;true;plains
5234;114;20;0;land;false;plains
5235;115;20;0;land;true;plains
5236;116;20;0;land;true;plains
5237;117;20;0;land;true;plains
5238;118;20;0;land;true;plains
5239;119;20;0;land;true;plains
5240;120;20;0;land;true;plains
5241;121;20;0;land;false;plains
5242;122;20;0;land;false;plains
5243;123;20;0;land;false;forest
5244;124;20;0;land;false;forest
5245;125;20;0;land;false;plains
5246;126;20;0;land;false;hills
5247;127;20;0;land;false;plains
5248;128;20;0;land;false;hills
5249;129;20;0;land;false;plains
5250;130;20;0;land;true;plains
5251;131;20;0;land;true;forest
5252;132;20;0;land;false;plains
5253;133;20;0;land;false;plains
5254;134;20;0;land;true;mountain
5255;135;20;0;land;false;forest
5256;136;20;0;land;false;forest
5257;137;20;0;land;false;forest
5258;138;20;0;land;false;forest
5259;139;20;0;land;false;forest
5260;140;20;0;land;false;forest
5261;141;20;0;land;false;forest
5262;142;20;0;land;false;forest
5263;143;20;0;land;false;forest
5264;144;20;0;land;false;plains
5265;145;20;0;land;false;forest
5266;146;20;0;land;false;plains
5267;147;20;0;land;false;plains
5268;148;20;0;land;false;plains
5269;149;20;0;land;false;plains
5270;150;20;0;land;false;plains
5271;151;20;0;land;false;plains
5272;152;20;0;land;false;plains
5273;153;20;0;land;false;plains
5274;154;20;0;land;false;plains
5275;155;20;0;land;true;forest
5276;156;20;0;land;true;forest
5277;157;20;0;land;true;forest
5278;158;20;0;land;false;forest
5279;159;20;0;land;false;forest
5280;160;20;0;land;true;forest
5281;161;20;0;land;false;desert
5282;162;20;0;land;false;desert
5283;163;20;0;land;true;desert
5284;164;20;0;land;false;hills
5285;165;20;0;land;false;desert
5286;166;20;0;land;false;desert
5287;167;20;0;land;false;desert
5288;168;20;0;land;false;forest
5289;169;20;0;land;true;hills
5290;170;20;0;land;false;mountain
5291;171;20;0;land;false;mountain
5292;172;20;0;land;false;plains
5293;173;20;0;land;false;plains
5294;174;20;0;land;false;forest
5295;175;20;0;land;false;forest
5296;176;20;0;land;false;forest
5297;177;20;0;land;false;plains
5298;178;20;0;land;false;hills
5299;179;20;0;land;false;forest
5300;180;20;0;land;false;hills
5301;181;20;0;land;false;forest
5302;182;20;0;land;false;forest
5303;183;20;0;land;false;forest
5304;184;20;0;land;false;forest
5305;185;20;0;land;false;forest
5306;186;20;0;land;false;forest
5307;187;20;0;land;false;forest
5308;188;20;0;land;false;forest
5309;189;20;0;land;false;forest
5310;190;20;0;land;false;forest
5311;191;20;0;land;false;hills
5312;192;20;0;land;false;plains
5313;193;20;0;land;false;mountain
5314;194;20;0;land;false;hills
5315;195;20;0;land;false;mountain
5316;196;20;0;land;false;hills
5317;197;20;0;land;false;hills
5318;198;20;0;land;false;forest
5319;199;20;0;land;false;plains
5320;200;20;0;land;false;forest
5321;201;20;0;land;false;hills
5322;202;20;0;land;true;hills
5323;203;20;0;land;true;plains
5324;204;20;0;land;false;hills
5325;205;20;0;land;false;hills
5326;206;20;0;land;true;mountain
5327;207;20;0;land;false;mountain
5328;208;20;0;land;true;mountain
5329;209;20;0;land;false;plains
5330;210;20;0;land;true;plains
5331;211;20;0;land;false;hills
5332;212;20;0;land;false;hills
5333;213;20;0;land;false;forest
5334;214;20;0;land;false;plains
5335;215;20;0;land;false;forest
5336;216;20;0;land;false;plains
5337;217;20;0;land;false;forest
5338;218;20;0;land;false;forest
5339;219;20;0;land;false;forest
5340;220;20;0;land;false;plains
5341;221;20;0;land;false;plains
5342;222;20;0;land;false;forest
5343;223;20;0;land;false;forest
5344;224;20;0;land;false;forest
5345;225;20;0;land;false;forest
5346;226;20;0;land;false;forest
5347;227;20;0;land;false;forest
5348;228;20;0;land;false;forest
5349;229;20;0;land;false;forest
5350;230;20;0;land;false;forest
5351;231;20;0;land;false;mountain
5352;232;20;0;land;false;mountain
5353;233;20;0;land;false;mountain
5354;234;20;0;land;false;mountain
5355;235;20;0;land;false;mountain
5356;236;20;0;land;false;hills
5357;237;20;0;land;false;hills
5358;238;20;0;land;false;hills
5359;239;20;0;land;false;hills
5360;240;20;0;land;false;hills
5361;241;20;0;land;false;hills
5362;242;20;0;land;false;hills
5363;243;20;0;land;false;plains
5364;244;20;0;land;false;desert
5365;245;20;0;land;false;hills
5366;246;20;0;land;false;hills
5367;247;20;0;land;false;hills
5368;248;20;0;land;false;mountain
5369;249;20;0;land;false;hills
5370;250;20;0;land;false;hills
5371;251;20;0;land;false;hills
5372;252;20;0;land;false;forest
5373;253;20;0;land;false;hills
5374;254;20;0;land;false;hills
5375;255;20;0;land;false;plains
5376;0;21;0;land;false;hills
5377;1;21;0;land;false;hills
5378;2;21;0;land;false;forest
5379;3;21;0;land;false;forest
5380;4;21;0;land;false;forest
5381;5;21;0;land;false;plains
5382;6;21;0;land;false;hills
5383;7;21;0;land;false;plains
5384;8;21;0;land;false;hills
5385;9;21;0;land;false;mountain
5386;10;21;0;land;false;hills
5387;11;21;0;land;false;desert
5388;12;21;0;land;false;hills
5389;13;21;0;land;false;hills
5390;14;21;0;land;false;hills
5391;15;21;0;land;false;desert
5392;16;21;0;land;false;hills
5393;17;21;0;land;false;hills
5394;18;21;0;land;false;desert
5395;19;21;0;land;false;hills
5396;20;21;0;land;false;hills
5397;21;21;0;land;false;hills
5398;22;21;0;land;false;mountain
5399;23;21;0;land;false;hills
5400;24;21;0;land;false;mountain
5401;25;21;0;land;false;mountain
5402;26;21;0;land;false;mountain
5403;27;21;0;land;false;mountain
5404;28;21;0;land;false;mountain
5405;29;21;0;land;false;plains
5406;30;21;0;land;false;hills
5407;31;21;0;land;false;mountain
5408;32;21;0;land;false;mountain
5409;33;21;0;land;false;mountain
5410;34;21;0;land;false;hills
5411;35;21;0;land;false;hills
5412;36;21;0;land;false;hills
5413;37;21;0;land;false;hills
5414;38;21;0;land;false;hills
5415;39;21;0;land;false;hills
5416;40;21;0;land;false;hills
5417;41;21;0;land;false;hills
5418;42;21;0;land;false;hills
5419;43;21;0;land;false;forest
5420;44;21;0;land;false;forest
5421;45;21;0;land;false;forest
5422;46;21;0;land;false;hills
5423;47;21;0;land;false;plains
5424;48;21;0;land;false;forest
5425;49;21;0;land;false;forest
5426;50;21;0;land;false;forest
5427;51;21;0;land;false;plains
5428;52;21;0;land;false;plains
5429;53;21;0;land;false;plains
5430;54;21;0;land;false;plains
5431;55;21;0;land;false;plains
5432;56;21;0;land;false;plains
5433;57;21;0;land;false;plains
5434;58;21;0;land;false;plains
5435;59;21;0;land;false;hills
5436;60;21;0;land;false;hills
5437;61;21;0;land;false;hills
5438;62;21;0;land;false;plains
5439;63;21;0;land;false;hills
5440;64;21;0;land;false;hills
5441;65;21;0;land;false;hills
5442;66;21;0;land;false;plains
5443;67;21;0;land;false;plains
5444;68;21;0;land;false;plains
5445;69;21;0;land;false;plains
5446;70;21;0;land;false;plains
5447;71;21;0;land;false;plains
5448;72;21;0;land;false;plains
5449;73;21;0;land;false;plains
5450;74;21;0;land;false;plains
5451;75;21;0;land;false;plains
5452;76;21;0;land;false;plains
5453;77;21;0;land;false;plains
5454;78;21;0;land;false;plains
5455;79;21;0;land;false;plains
5456;80;21;0;land;false;plains
5457;81;21;0;land;false;plains
5458;82;21;0;land;false;plains
5459;83;21;0;land;false;plains
5460;84;21;0;land;false;plains
5461;85;21;0;land;false;plains
5462;86;21;0;land;false;plains
5463;87;21;0;land;false;forest
5464;88;21;0;land;true;hills
5465;89;21;0;land;false;forest
5466;90;21;0;land;false;forest
5467;91;21;0;land;false;forest
5468;92;21;0;land;false;hills
5469;93;21;0;land;false;plains
5470;94;21;0;land;false;forest
5471;95;21;0;land;false;plains
5472;96;21;0;land;false;hills
5473;97;21;0;land;false;plains
5474;98;21;0;land;false;forest
5475;99;21;0;land;false;plains
5476;100;21;0;land;true;hills
5477;101;21;0;land;false;plains
5478;102;21;0;land;false;plains
5479;103;21;0;land;false;plains
5480;104;21;0;land;false;hills
5481;105;21;0;land;false;plains
5482;106;21;0;land;false;plains
5483;107;21;0;land;false;desert
5484;108;21;0;land;false;plains
5485;109;21;0;land;false;hills
5486;110;21;0;land;false;plains
5487;111;21;0;land;false;hills
5488;112;21;0;land;false;hills
5489;113;21;0;land;false;hills
5490;114;21;0;land;false;hills
5491;115;21;0;land;false;plains
5492;116;21;0;land;false;plains
5493;117;21;0;land;false;plains
5494;118;21;0;land;false;plains
5495;119;21;0;land;false;plains
5496;120;21;0;land;false;plains
5497;121;21;0;land;false;plains
5498;122;21;0;land;false;mountain
5499;123;21;0;land;false;mountain
5500;124;21;0;land;false;mountain
5501;125;21;0;land;false;forest
5502;126;21;0;land;false;forest
5503;127;21;0;land;false;forest
5504;128;21;0;land;false;forest
5505;129;21;0;land;false;forest
5506;130;21;0;land;false;plains
5507;131;21;0;land;false;forest
5508;132;21;0;land;false;plains
5509;133;21;0;land;false;plains
5510;134;21;0;land;false;forest
5511;135;21;0;land;false;forest
5512;136;21;0;land;false;marsh
5513;137;21;0;land;false;marsh
5514;138;21;0;land;false;forest
5515;139;21;0;land;false;forest
5516;140;21;0;land;false;forest
5517;141;21;0;land;false;forest
5518;142;21;0;land;false;plains
5519;143;21;0;land;false;plains
5520;144;21;0;land;false;plains
5521;145;21;0;land;false;plains
5522;146;21;0;land;false;plains
5523;147;21;0;land;false;plains
5524;148;21;0;land;false;plains
5525;149;21;0;land;false;plains
5526;150;21;0;land;false;plains
5527;151;21;0;land;false;forest
5528;152;21;0;land;false;plains
5529;153;21;0;land;false;plains
5530;154;21;0;land;false;plains
5531;155;21;0;land;false;plains
5532;156;21;0;land;false;plains
5533;157;21;0;land;false;hills
5534;158;21;0;land;false;plains
5535;159;21;0;land;false;plains
5536;160;21;0;land;false;plains
5537;161;21;0;land;false;plains
5538;162;21;0;land;false;hills
5539;163;21;0;land;false;plains
5540;164;21;0;land;false;plains
5541;165;21;0;land;false;hills
5542;166;21;0;land;false;hills
5543;167;21;0;land;false;plains
5544;168;21;0;land;false;plains
5545;169;21;0;land;false;hills
5546;170;21;0;land;false;desert
5547;171;21;0;land;false;hills
5548;172;21;0;land;true;hills
5549;173;21;0;land;false;desert
5550;174;21;0;land;false;desert
5551;175;21;0;land;false;desert
5552;176;21;0;land;false;desert
5553;177;21;0;land;false;desert
5554;178;21;0;land;false;desert
5555;179;21;0;land;false;hills
5556;180;21;0;land;false;desert
5557;181;21;0;land;false;hills
5558;182;21;0;land;false;hills
5559;183;21;0;land;false;hills
5560;184;21;0;land;false;desert
5561;185;21;0;land;false;desert
5562;186;21;0;land;false;desert
5563;187;21;0;land;false;desert
5564;188;21;0;land;false;desert
5565;189;21;0;land;false;hills
5566;190;21;0;land;false;desert
5567;191;21;0;land;false;desert
5568;192;21;0;land;false;desert
5569;193;21;0;land;false;hills
5570;194;21;0;land;false;desert
5571;195;21;0;land;false;desert
5572;196;21;0;land;false;hills
5573;197;21;0;land;false;hills
5574;198;21;0;land;false;desert
5575;199;21;0;land;false;hills
5576;200;21;0;land;false;desert
5577;201;21;0;land;false;desert
5578;202;21;0;land;false;hills
5579;203;21;0;land;false;desert
5580;204;21;0;land;false;mountain
5581;205;21;0;land;false;mountain
5582;206;21;0;land;false;hills
5583;207;21;0;land;false;hills
5584;208;21;0;land;false;hills
5585;209;21;0;land;false;plains
5586;210;21;0;land;false;plains
5587;211;21;0;land;false;plains
5588;212;21;0;land;false;plains
5589;213;21;0;land;true;plains
5590;214;21;0;land;true;plains
5591;215;21;0;land;true;plains
5592;216;21;0;land;true;plains
5593;217;21;0;land;true;plains
5594;218;21;0;land;true;plains
5595;219;21;0;land;false;plains
5596;220;21;0;land;true;plains
5597;221;21;0;land;false;hills
5598;222;21;0;land;true;hills
5599;223;21;0;land;false;hills
5600;224;21;0;land;true;hills
5601;225;21;0;land;false;desert
5602;226;21;0;land;false;hills
5603;227;21;0;land;false;hills
5604;228;21;0;land;false;hills
5605;229;21;0;land;false;hills
5606;230;21;0;land;false;hills
5607;231;21;0;land;false;mountain
5608;232;21;0;land;false;hills
5609;233;21;0;land;false;hills
5610;234;21;0;land;false;mountain
5611;235;21;0;land;false;hills
5612;236;21;0;land;false;hills
5613;237;21;0;land;true;hills
5614;238;21;0;land;false;hills
5615;239;21;0;land;false;hills
5616;240;21;0;land;false;hills
5617;241;21;0;land;false;hills
5618;242;21;0;land;false;hills
5619;243;21;0;land;false;mountain
5620;244;21;0;land;false;mountain
5621;245;21;0;land;false;hills
5622;246;21;0;land;false;mountain
5623;247;21;0;land;false;hills
5624;248;21;0;land;false;hills
5625;249;21;0;land;false;mountain
5626;250;21;0;land;false;mountain
5627;251;21;0;land;false;mountain
5628;252;21;0;land;false;mountain
5629;253;21;0;land;false;hills
5630;254;21;0;land;false;hills
5631;255;21;0;land;false;hills
5632;0;22;0;land;false;mountain
5633;1;22;0;land;false;plains
5634;2;22;0;land;false;plains
5635;3;22;0;land;true;forest
5636;4;22;0;land;false;plains
5637;5;22;0;land;false;plains
5638;6;22;0;land;false;plains
5639;7;22;0;land;false;plains
5640;8;22;0;land;false;plains
5641;9;22;0;land;false;hills
5642;10;22;0;land;false;hills
5643;11;22;0;land;false;hills
5644;12;22;0;land;true;mountain
5645;13;22;0;land;true;mountain
5646;14;22;0;land;false;hills
5647;15;22;0;land;false;desert
5648;16;22;0;land;false;desert
5649;17;22;0;land;false;desert
5650;18;22;0;land;false;hills
5651;19;22;0;land;false;desert
5652;20;22;0;land;true;plains
5653;21;22;0;land;true;hills
5654;22;22;0;land;true;hills
5655;23;22;0;land;true;plains
5656;24;22;0;land;true;hills
5657;25;22;0;land;true;plains
5658;26;22;0;land;false;plains
5659;27;22;0;land;true;hills
5660;28;22;0;land;true;plains
5661;29;22;0;land;false;forest
5662;30;22;0;land;false;forest
5663;31;22;0;land;false;forest
5664;32;22;0;land;false;plains
5665;33;22;0;land;false;hills
5666;34;22;0;land;false;forest
5667;35;22;0;land;false;plains
5668;36;22;0;land;false;plains
5669;37;22;0;land;false;forest
5670;38;22;0;land;false;plains
5671;39;22;0;land;false;forest
5672;40;22;0;land;false;forest
5673;41;22;0;land;false;forest
5674;42;22;0;land;false;forest
5675;43;22;0;land;false;forest
5676;44;22;0;land;false;forest
5677;45;22;0;land;false;forest
5678;46;22;0;land;false;forest
5679;47;22;0;land;false;forest
5680;48;22;0;land;false;forest
5681;49;22;0;land;false;plains
5682;50;22;0;land;false;forest
5683;51;22;0;land;false;forest
5684;52;22;0;land;false;forest
5685;53;22;0;land;false;plains
5686;54;22;0;land;false;forest
5687;55;22;0;land;false;plains
5688;56;22;0;land;false;plains
5689;57;22;0;land;false;plains
5690;58;22;0;land;false;plains
5691;59;22;0;land;false;plains
5692;60;22;0;land;false;plains
5693;61;22;0;land;false;plains
5694;62;22;0;land;false;plains
5695;63;22;0;land;false;plains
5696;64;22;0;land;false;plains
5697;65;22;0;land;false;plains
5698;66;22;0;land;false;plains
5699;67;22;0;land;false;plains
5700;68;22;0;land;false;plains
5701;69;22;0;land;false;plains
5702;70;22;0;land;false;plains
5703;71;22;0;land;false;plains
5704;72;22;0;land;false;plains
5705;73;22;0;land;false;plains
5706;74;22;0;land;false;plains
5707;75;22;0;land;false;forest
5708;76;22;0;land;false;forest
5709;77;22;0;land;false;forest
5710;78;22;0;land;false;forest
5711;79;22;0;land;false;forest
5712;80;22;0;land;false;forest
5713;81;22;0;land;false;forest
5714;82;22;0;land;false;forest
5715;83;22;0;land;false;forest
5716;84;22;0;land;false;forest
5717;85;22;0;land;false;forest
5718;86;22;0;land;false;plains
5719;87;22;0;land;false;plains
5720;88;22;0;land;false;plains
5721;89;22;0;land;false;plains
5722;90;22;0;land;false;plains
5723;91;22;0;land;false;plains
5724;92;22;0;land;false;plains
5725;93;22;0;land;false;plains
5726;94;22;0;land;false;plains
5727;95;22;0;land;false;plains
5728;96;22;0;land;false;plains
5729;97;22;0;land;false;plains
5730;98;22;0;land;false;plains
5731;99;22;0;land;false;plains
5732;100;22;0;land;false;plains
5733;101;22;0;land;false;plains
5734;102;22;0;land;false;plains
5735;103;22;0;land;false;plains
5736;104;22;0;land;false;forest
5737;105;22;0;land;false;plains
5738;106;22;0;land;false;plains
5739;107;22;0;land;false;forest
5740;108;22;0;land;false;plains
5741;109;22;0;land;false;plains
5742;110;22;0;land;false;forest
5743;111;22;0;land;false;plains
5744;112;22;0;land;false;plains
5745;113;22;0;land;false;plains
5746;114;22;0;land;false;plains
5747;115;22;0;land;false;forest
5748;116;22;0;land;false;plains
5749;117;22;0;land;false;plains
5750;118;22;0;land;false;plains
5751;119;22;0;land;false;plains
5752;120;22;0;land;false;forest
5753;121;22;0;land;false;plains
5754;122;22;0;land;false;hills
5755;123;22;0;land;false;plains
5756;124;22;0;land;false;forest
5757;125;22;0;land;false;hills
5758;126;22;0;land;false;forest
5759;127;22;0;land;false;plains
5760;128;22;0;land;false;plains
5761;129;22;0;land;false;plains
5762;130;22;0;land;false;plains
5763;131;22;0;land;false;plains
5764;132;22;0;land;false;plains
5765;133;22;0;land;false;plains
5766;134;22;0;land;false;plains
5767;135;22;0;land;false;hills
5768;136;22;0;land;false;hills
5769;137;22;0;land;false;hills
5770;138;22;0;land;false;hills
5771;139;22;0;land;false;hills
5772;140;22;0;land;false;hills
5773;141;22;0;land;false;hills
5774;142;22;0;land;false;plains
5775;143;22;0;land;false;plains
5776;144;22;0;land;false;plains
5777;145;22;0;land;false;forest
5778;146;22;0;land;false;plains
5779;147;22;0;land;false;plains
5780;148;22;0;land;false;plains
5781;149;22;0;land;false;forest
5782;150;22;0;land;false;plains
5783;151;22;0;land;false;forest
5784;152;22;0;land;false;forest
5785;153;22;0;land;false;forest
5786;154;22;0;land;false;forest
5787;155;22;0;land;false;forest
5788;156;22;0;land;false;plains
5789;157;22;0;land;false;forest
5790;158;22;0;land;false;forest
5791;159;22;0;land;false;forest
5792;160;22;0;land;false;plains
5793;161;22;0;land;false;forest
5794;162;22;0;land;false;forest
5795;163;22;0;land;false;forest
5796;164;22;0;land;false;forest
5797;165;22;0;land;false;forest
5798;166;22;0;land;false;forest
5799;167;22;0;land;false;forest
5800;168;22;0;land;false;forest
5801;169;22;0;land;false;forest
5802;170;22;0;land;false;plains
5803;171;22;0;land;false;plains
5804;172;22;0;land;false;forest
5805;173;22;0;land;false;forest
5806;174;22;0;land;false;forest
5807;175;22;0;land;false;forest
5808;176;22;0;land;false;forest
5809;177;22;0;land;false;forest
5810;178;22;0;land;false;forest
5811;179;22;0;land;false;forest
5812;180;22;0;land;false;forest
5813;181;22;0;land;false;forest
5814;182;22;0;land;false;forest
5815;183;22;0;land;false;forest
5816;184;22;0;land;false;plains
5817;185;22;0;land;false;forest
5818;186;22;0;land;false;forest
5819;187;22;0;land;false;forest
5820;188;22;0;land;false;forest
5821;189;22;0;land;false;plains
5822;190;22;0;land;false;forest
5823;191;22;0;land;false;plains
5824;192;22;0;land;false;plains
5825;193;22;0;land;false;plains
5826;194;22;0;land;false;forest
5827;195;22;0;land;false;plains
5828;196;22;0;land;false;plains
5829;197;22;0;land;false;plains
5830;198;22;0;land;false;plains
5831;199;22;0;land;false;forest
5832;200;22;0;land;false;plains
5833;201;22;0;land;false;plains
5834;202;22;0;land;false;forest
5835;203;22;0;land;false;forest
5836;204;22;0;land;false;forest
5837;205;22;0;land;false;forest
5838;206;22;0;land;false;forest
5839;207;22;0;land;false;forest
5840;208;22;0;land;false;forest
5841;209;22;0;land;false;plains
5842;210;22;0;land;false;plains
5843;211;22;0;land;false;forest
5844;212;22;0;land;false;forest
5845;213;22;0;land;false;forest
5846;214;22;0;land;false;plains
5847;215;22;0;land;false;forest
5848;216;22;0;land;false;forest
5849;217;22;0;land;false;forest
5850;218;22;0;land;false;plains
5851;219;22;0;land;false;plains
5852;220;22;0;land;false;plains
5853;221;22;0;land;false;plains
5854;222;22;0;land;false;plains
5855;223;22;0;land;false;plains
5856;224;22;0;land;false;plains
5857;225;22;0;land;false;plains
5858;226;22;0;land;false;plains
5859;227;22;0;land;false;plains
5860;228;22;0;land;false;plains
5861;229;22;0;land;false;plains
5862;230;22;0;land;false;plains
5863;231;22;0;land;false;plains
5864;232;22;0;land;false;plains
5865;233;22;0;land;false;plains
5866;234;22;0;land;false;forest
5867;235;22;0;land;false;plains
5868;236;22;0;land;false;plains
5869;237;22;0;land;false;plains
5870;238;22;0;land;false;forest
5871;239;22;0;land;false;forest
5872;240;22;0;land;false;forest
5873;241;22;0;land;false;forest
5874;242;22;0;land;false;forest
5875;243;22;0;land;false;forest
5876;244;22;0;land;false;forest
5877;245;22;0;land;false;forest
5878;246;22;0;land;false;forest
5879;247;22;0;land;false;forest
5880;248;22;0;land;false;forest
5881;249;22;0;land;false;forest
5882;250;22;0;land;false;forest
5883;251;22;0;land;false;forest
5884;252;22;0;land;false;forest
5885;253;22;0;land;false;forest
5886;254;22;0;land;false;forest
5887;255;22;0;land;false;forest
5888;0;23;0;land;false;forest
5889;1;23;0;land;false;forest
5890;2;23;0;land;false;forest
5891;3;23;0;land;false;forest
5892;4;23;0;land;false;forest
5893;5;23;0;land;false;forest
5894;6;23;0;land;false;forest
5895;7;23;0;land;false;forest
5896;8;23;0;land;false;forest
5897;9;23;0;land;false;forest
5898;10;23;0;land;false;forest
5899;11;23;0;land;false;forest
5900;12;23;0;land;false;forest
5901;13;23;0;land;false;forest
5902;14;23;0;land;false;forest
5903;15;23;0;land;false;forest
5904;16;23;0;land;false;forest
5905;17;23;0;land;false;forest
5906;18;23;0;land;false;forest
5907;19;23;0;land;false;forest
5908;20;23;0;land;false;forest
5909;21;23;0;land;false;plains
5910;22;23;0;land;false;forest
5911;23;23;0;land;false;forest
5912;24;23;0;land;false;plains
5913;25;23;0;land;false;forest
5914;26;23;0;land;false;forest
5915;27;23;0;land;false;forest
5916;28;23;0;land;false;forest
5917;29;23;0;land;false;forest
5918;30;23;0;land;false;forest
5919;31;23;0;land;false;forest
5920;32;23;0;land;false;forest
5921;33;23;0;land;false;forest
5922;34;23;0;land;false;forest
5923;35;23;0;land;false;forest
5924;36;23;0;land;false;plains
5925;37;23;0;land;false;forest
5926;38;23;0;land;false;forest
5927;39;23;0;land;false;plains
5928;40;23;0;land;false;forest
5929;41;23;0;land;false;forest
5930;42;23;0;land;false;forest
5931;43;23;0;land;false;forest
5932;44;23;0;land;false;forest
5933;45;23;0;land;false;forest
5934;46;23;0;land;false;forest
5935;47;23;0;land;false;forest
5936;48;23;0;land;false;forest
5937;49;23;0;land;false;forest
5938;50;23;0;land;false;plains
5939;51;23;0;land;false;forest
5940;52;23;0;land;false;plains
5941;53;23;0;land;false;forest
5942;54;23;0;land;false;forest
5943;55;23;0;land;false;forest
5944;56;23;0;land;false;plains
5945;57;23;0;land;false;plains
5946;58;23;0;land;false;forest
5947;59;23;0;land;false;forest
5948;60;23;0;land;false;forest
5949;61;23;0;land;false;forest
5950;62;23;0;land;false;forest
5951;63;23;0;land;false;forest
5952;64;23;0;land;false;forest
5953;65;23;0;land;false;forest
5954;66;23;0;land;false;forest
5955;67;23;0;land;false;forest
5956;68;23;0;land;false;forest
5957;69;23;0;land;false;forest
5958;70;23;0;land;false;forest
5959;71;23;0;land;false;forest
5960;72;23;0;land;false;forest
5961;73;23;0;land;false;forest
5962;74;23;0;land;false;forest
5963;75;23;0;land;false;forest
5964;76;23;0;land;false;plains
5965;77;23;0;land;false;plains
5966;78;23;0;land;false;forest
5967;79;23;0;land;false;forest
5968;80;23;0;land;false;forest
5969;81;23;0;land;false;forest
5970;82;23;0;land;false;plains
5971;83;23;0;land;false;plains
5972;84;23;0;land;false;plains
5973;85;23;0;land;false;plains
5974;86;23;0;land;false;plains
5975;87;23;0;land;false;plains
5976;88;23;0;land;false;plains
5977;89;23;0;land;false;plains
5978;90;23;0;land;false;plains
5979;91;23;0;land;false;plains
5980;92;23;0;land;false;plains
5981;93;23;0;land;false;plains
5982;94;23;0;land;false;plains
5983;95;23;0;land;false;plains
5984;96;23;0;land;false;plains
5985;97;23;0;land;false;plains
5986;98;23;0;land;false;plains
5987;99;23;0;land;false;plains
5988;100;23;0;land;false;plains
5989;101;23;0;land;false;plains
5990;102;23;0;land;false;plains
5991;103;23;0;land;false;plains
5992;104;23;0;land;false;plains
5993;105;23;0;land;false;plains
5994;106;23;0;land;false;plains
5995;107;23;0;land;false;plains
5996;108;23;0;land;false;plains
5997;109;23;0;land;false;plains
5998;110;23;0;land;false;plains
5999;111;23;0;land;false;plains
6000;112;23;0;land;false;plains
6001;113;23;0;land;false;plains
6002;114;23;0;land;false;plains
6003;115;23;0;land;false;plains
6004;116;23;0;land;false;plains
6005;117;23;0;land;false;plains
6006;118;23;0;land;false;plains
6007;119;23;0;land;false;plains
6008;120;23;0;land;false;plains
6009;121;23;0;land;false;plains
6010;122;23;0;land;false;plains
6011;123;23;0;land;false;plains
6012;124;23;0;land;false;plains
6013;125;23;0;land;false;plains
6014;126;23;0;land;false;plains
6015;127;23;0;land;false;plains
6016;128;23;0;land;false;plains
6017;129;23;0;land;false;plains
6018;130;23;0;land;false;forest
6019;131;23;0;land;false;plains
6020;132;23;0;land;false;plains
6021;133;23;0;land;false;plains
6022;134;23;0;land;false;plains
6023;135;23;0;land;false;plains
6024;136;23;0;land;false;plains
6025;137;23;0;land;false;plains
6026;138;23;0;land;false;plains
6027;139;23;0;land;true;hills
6028;140;23;0;land;true;plains
6029;141;23;0;land;true;plains
6030;142;23;0;land;true;hills
6031;143;23;0;land;true;hills
6032;144;23;0;land;true;hills
6033;145;23;0;land;false;hills
6034;146;23;0;land;false;desert
6035;147;23;0;land;false;plains
6036;148;23;0;land;false;hills
6037;149;23;0;land;false;hills
6038;150;23;0;land;false;plains
6039;151;23;0;land;false;mountain
6040;152;23;0;land;false;plains
6041;153;23;0;land;false;plains
6042;154;23;0;land;false;mountain
6043;155;23;0;land;false;mountain
6044;156;23;0;land;false;hills
6045;157;23;0;land;false;plains
6046;158;23;0;land;false;plains
6047;159;23;0;land;false;plains
6048;160;23;0;land;false;plains
6049;161;23;0;land;false;mountain
6050;162;23;0;land;false;mountain
6051;163;23;0;land;false;mountain
6052;164;23;0;land;false;hills
6053;165;23;0;land;false;hills
6054;166;23;0;land;false;mountain
6055;167;23;0;land;false;mountain
6056;168;23;0;land;false;mountain
6057;169;23;0;land;false;mountain
6058;170;23;0;land;false;plains
6059;171;23;0;land;false;desert
6060;172;23;0;land;false;desert
6061;173;23;0;land;false;desert
6062;174;23;0;land;false;hills
6063;175;23;0;land;false;desert
6064;176;23;0;land;false;desert
6065;177;23;0;land;false;desert
6066;178;23;0;land;false;desert
6067;179;23;0;land;false;desert
6068;180;23;0;land;false;desert
6069;181;23;0;land;false;desert
6070;182;23;0;land;false;desert
6071;183;23;0;land;false;desert
6072;184;23;0;land;false;desert
6073;185;23;0;land;false;desert
6074;186;23;0;land;false;desert
6075;187;23;0;land;false;desert
6076;188;23;0;land;false;desert
6077;189;23;0;land;false;desert
6078;190;23;0;land;false;plains
6079;191;23;0;land;false;plains
6080;192;23;0;land;false;plains
6081;193;23;0;land;false;plains
6082;194;23;0;land;false;plains
6083;195;23;0;land;false;plains
6084;196;23;0;land;false;plains
6085;197;23;0;land;false;hills
6086;198;23;0;land;false;plains
6087;199;23;0;land;false;hills
6088;200;23;0;land;false;plains
6089;201;23;0;land;false;plains
6090;202;23;0;land;false;plains
6091;203;23;0;land;false;plains
6092;204;23;0;land;false;plains
6093;205;23;0;land;false;plains
6094;206;23;0;land;false;plains
6095;207;23;0;land;false;desert
6096;208;23;0;land;false;desert
6097;209;23;0;land;false;mountain
6098;210;23;0;land;false;mountain
6099;211;23;0;land;false;hills
6100;212;23;0;land;false;mountain
6101;213;23;0;land;false;hills
6102;214;23;0;land;false;mountain
6103;215;23;0;land;false;mountain
6104;216;23;0;land;false;hills
6105;217;23;0;land;false;mountain
6106;218;23;0;land;false;hills
6107;219;23;0;land;false;mountain
6108;220;23;0;land;false;mountain
6109;221;23;0;land;false;mountain
6110;222;23;0;land;false;mountain
6111;223;23;0;land;false;hills
6112;224;23;0;land;false;hills
6113;225;23;0;land;false;mountain
6114;226;23;0;land;false;hills
6115;227;23;0;land;false;hills
6116;228;23;0;land;false;mountain
6117;229;23;0;land;false;mountain
6118;230;23;0;land;false;hills
6119;231;23;0;land;false;hills
6120;232;23;0;land;false;hills
6121;233;23;0;land;false;mountain
6122;234;23;0;land;false;hills
6123;235;23;0;land;false;mountain
6124;236;23;0;land;false;mountain
6125;237;23;0;land;false;mountain
6126;238;23;0;land;false;mountain
6127;239;23;0;land;false;hills
6128;240;23;0;land;false;hills
6129;241;23;0;land;false;mountain
6130;242;23;0;land;false;mountain
6131;243;23;0;land;false;hills
6132;244;23;0;land;false;hills
6133;245;23;0;land;false;hills
6134;246;23;0;land;false;mountain
6135;247;23;0;land;false;hills
6136;248;23;0;land;false;hills
6137;249;23;0;land;false;hills
6138;250;23;0;land;false;hills
6139;251;23;0;land;false;hills
6140;252;23;0;land;false;mountain
6141;253;23;0;land;false;forest
6142;254;23;0;land;false;plains
6143;255;23;0;land;false;hills
6144;0;24;0;land;false;hills
6145;1;24;0;land;false;plains
6146;2;24;0;land;false;plains
6147;3;24;0;land;false;hills
6148;4;24;0;land;false;plains
6149;5;24;0;land;false;plains
6150;6;24;0;land;false;plains
6151;7;24;0;land;false;plains
6152;8;24;0;land;false;plains
6153;9;24;0;land;false;plains
6154;10;24;0;land;false;plains
6155;11;24;0;land;false;forest
6156;12;24;0;land;false;plains
6157;13;24;0;land;false;plains
6158;14;24;0;land;false;plains
6159;15;24;0;land;false;plains
6160;16;24;0;land;false;plains
6161;17;24;0;land;false;plains
6162;18;24;0;land;false;plains
6163;19;24;0;land;false;plains
6164;20;24;0;land;false;plains
6165;21;24;0;land;false;plains
6166;22;24;0;land;false;plains
6167;23;24;0;land;false;plains
6168;24;24;0;land;false;plains
6169;25;24;0;land;false;plains
6170;26;24;0;land;false;plains
6171;27;24;0;land;false;plains
6172;28;24;0;land;false;plains
6173;29;24;0;land;false;plains
6174;30;24;0;land;false;plains
6175;31;24;0;land;false;plains
6176;32;24;0;land;false;plains
6177;33;24;0;land;false;forest
6178;34;24;0;land;false;plains
6179;35;24;0;land;false;plains
6180;36;24;0;land;false;plains
6181;37;24;0;land;false;plains
6182;38;24;0;land;false;plains
6183;39;24;0;land;false;plains
6184;40;24;0;land;false;plains
6185;41;24;0;land;false;plains
6186;42;24;0;land;false;plains
6187;43;24;0;land;false;plains
6188;44;24;0;land;false;forest
6189;45;24;0;land;false;forest
6190;46;24;0;land;false;forest
6191;47;24;0;land;false;forest
6192;48;24;0;land;false;forest
6193;49;24;0;land;false;forest
6194;50;24;0;land;false;forest
6195;51;24;0;land;false;forest
6196;52;24;0;land;false;forest
6197;53;24;0;land;false;forest
6198;54;24;0;land;true;forest
6199;55;24;0;land;false;forest
6200;56;24;0;land;false;forest
6201;57;24;0;land;false;plains
6202;58;24;0;land;false;plains
6203;59;24;0;land;false;plains
6204;60;24;0;land;false;hills
6205;61;24;0;land;false;plains
6206;62;24;0;land;false;hills
6207;63;24;0;land;false;hills
6208;64;24;0;land;false;plains
6209;65;24;0;land;false;hills
6210;66;24;0;land;false;hills
6211;67;24;0;land;false;hills
6212;68;24;0;land;false;hills
6213;69;24;0;land;false;plains
6214;70;24;0;land;false;hills
6215;71;24;0;land;false;hills
6216;72;24;0;land;false;plains
6217;73;24;0;land;false;plains
6218;74;24;0;land;false;plains
6219;75;24;0;land;false;hills
6220;76;24;0;land;false;plains
6221;77;24;0;land;false;hills
6222;78;24;0;land;false;hills
6223;79;24;0;land;false;plains
6224;80;24;0;land;false;plains
6225;81;24;0;land;false;hills
6226;82;24;0;land;false;hills
6227;83;24;0;land;false;plains
6228;84;24;0;land;false;plains
6229;85;24;0;land;false;plains
6230;86;24;0;land;false;forest
6231;87;24;0;land;false;plains
6232;88;24;0;land;false;plains
6233;89;24;0;land;false;forest
6234;90;24;0;land;false;plains
6235;91;24;0;land;false;plains
6236;92;24;0;land;false;forest
6237;93;24;0;land;false;forest
6238;94;24;0;land;false;plains
6239;95;24;0;land;false;plains
6240;96;24;0;land;false;plains
6241;97;24;0;land;false;plains
6242;98;24;0;land;false;plains
6243;99;24;0;land;false;plains
6244;100;24;0;land;false;plains
6245;101;24;0;land;false;plains
6246;102;24;0;land;false;plains
6247;103;24;0;land;false;forest
6248;104;24;0;land;false;plains
6249;105;24;0;land;false;forest
6250;106;24;0;land;false;plains
6251;107;24;0;land;false;forest
6252;108;24;0;land;false;forest
6253;109;24;0;land;false;plains
6254;110;24;0;land;false;plains
6255;111;24;0;land;false;forest
6256;112;24;0;land;false;plains
6257;113;24;0;land;false;forest
6258;114;24;0;land;false;forest
6259;115;24;0;land;false;plains
6260;116;24;0;land;false;plains
6261;117;24;0;land;false;plains
6262;118;24;0;land;false;forest
6263;119;24;0;land;false;forest
6264;120;24;0;land;false;plains
6265;121;24;0;land;false;forest
6266;122;24;0;land;false;forest
6267;123;24;0;land;false;plains
6268;124;24;0;land;false;plains
6269;125;24;0;land;false;forest
6270;126;24;0;land;false;plains
6271;127;24;0;land;false;forest
6272;128;24;0;land;false;forest
6273;129;24;0;land;false;plains
6274;130;24;0;land;false;forest
6275;131;24;0;land;false;forest
6276;132;24;0;land;false;forest
6277;133;24;0;land;false;hills
6278;134;24;0;land;false;plains
6279;135;24;0;land;false;forest
6280;136;24;0;land;false;forest
6281;137;24;0;land;false;forest
6282;138;24;0;land;false;hills
6283;139;24;0;land;false;forest
6284;140;24;0;land;false;forest
6285;141;24;0;land;false;forest
6286;142;24;0;land;false;plains
6287;143;24;0;land;false;forest
6288;144;24;0;land;false;forest
6289;145;24;0;land;false;forest
6290;146;24;0;land;false;forest
6291;147;24;0;land;false;forest
6292;148;24;0;land;false;hills
6293;149;24;0;land;false;forest
6294;150;24;0;land;false;forest
6295;151;24;0;land;false;forest
6296;152;24;0;land;false;hills
6297;153;24;0;land;false;plains
6298;154;24;0;land;false;plains
6299;155;24;0;land;false;plains
6300;156;24;0;land;false;plains
6301;157;24;0;land;false;forest
6302;158;24;0;land;false;plains
6303;159;24;0;land;false;plains
6304;160;24;0;land;false;plains
6305;161;24;0;land;false;plains
6306;162;24;0;land;false;plains
6307;163;24;0;land;false;plains
6308;164;24;0;land;false;plains
6309;165;24;0;land;false;plains
6310;166;24;0;land;false;forest
6311;167;24;0;land;false;plains
6312;168;24;0;land;false;hills
6313;169;24;0;land;false;forest
6314;170;24;0;land;false;plains
6315;171;24;0;land;false;plains
6316;172;24;0;land;true;hills
6317;173;24;0;land;true;hills
6318;174;24;0;land;true;mountain
6319;175;24;0;land;false;mountain
6320;176;24;0;land;false;plains
6321;177;24;0;land;true;plains
6322;178;24;0;land;false;plains
6323;179;24;0;land;true;plains
6324;180;24;0;land;false;hills
6325;181;24;0;land;false;mountain
6326;182;24;0;land;false;plains
6327;183;24;0;land;true;plains
6328;184;24;0;land;true;hills
6329;185;24;0;land;false;hills
6330;186;24;0;land;true;hills
6331;187;24;0;land;true;plains
6332;188;24;0;land;true;plains
6333;189;24;0;land;false;hills
6334;190;24;0;land;false;hills
6335;191;24;0;land;false;mountain
6336;192;24;0;land;false;hills
6337;193;24;0;land;false;mountain
6338;194;24;0;land;false;hills
6339;195;24;0;land;false;hills
6340;196;24;0;land;true;hills
6341;197;24;0;land;false;hills
6342;198;24;0;land;true;hills
6343;199;24;0;land;true;hills
6344;200;24;0;land;false;plains
6345;201;24;0;land;false;plains
6346;202;24;0;land;false;plains
6347;203;24;0;land;false;plains
6348;204;24;0;land;false;plains
6349;205;24;0;land;false;plains
6350;206;24;0;land;false;plains
6351;207;24;0;land;false;forest
6352;208;24;0;land;false;plains
6353;209;24;0;land;false;plains
6354;210;24;0;land;false;hills
6355;211;24;0;land;false;plains
6356;212;24;0;land;true;plains
6357;213;24;0;land;false;hills
6358;214;24;0;land;false;plains
6359;215;24;0;land;false;plains
6360;216;24;0;land;false;forest
6361;217;24;0;land;false;plains
6362;218;24;0;land;false;plains
6363;219;24;0;land;false;plains
6364;220;24;0;land;false;plains
6365;221;24;0;land;false;plains
6366;222;24;0;land;false;plains
6367;223;24;0;land;false;hills
6368;224;24;0;land;false;forest
6369;225;24;0;land;false;forest
6370;226;24;0;land;false;forest
6371;227;24;0;land;false;hills
6372;228;24;0;land;false;hills
6373;229;24;0;land;false;mountain
6374;230;24;0;land;false;plains
6375;231;24;0;land;false;hills
6376;232;24;0;land;false;plains
6377;233;24;0;land;false;hills
6378;234;24;0;land;false;plains
6379;235;24;0;land;false;plains
6380;236;24;0;land;false;plains
6381;237;24;0;land;false;plains
6382;238;24;0;land;false;plains
6383;239;24;0;land;false;plains
6384;240;24;0;land;false;plains
6385;241;24;0;land;false;plains
6386;242;24;0;land;false;plains
6387;243;24;0;land;false;plains
6388;244;24;0;land;false;plains
6389;245;24;0;land;false;plains
6390;246;24;0;land;false;plains
6391;247;24;0;land;false;hills
6392;248;24;0;land;false;hills
6393;249;24;0;land;false;plains
6394;250;24;0;land;false;plains
6395;251;24;0;land;false;plains
6396;252;24;0;land;false;plains
6397;253;24;0;land;false;plains
6398;254;24;0;land;false;plains
6399;255;24;0;land;false;plains
6400;0;25;0;land;false;plains
6401;1;25;0;land;false;plains
6402;2;25;0;land;false;plains
6403;3;25;0;land;false;plains
6404;4;25;0;land;false;plains
6405;5;25;0;land;false;plains
6406;6;25;0;land;false;plains
6407;7;25;0;land;false;plains
6408;8;25;0;land;false;plains
6409;9;25;0;land;false;plains
6410;10;25;0;land;false;plains
6411;11;25;0;land;false;plains
6412;12;25;0;land;false;plains
6413;13;25;0;land;false;plains
6414;14;25;0;land;false;plains
6415;15;25;0;land;false;plains
6416;16;25;0;land;false;plains
6417;17;25;0;land;false;forest
6418;18;25;0;land;false;plains
6419;19;25;0;land;false;plains
6420;20;25;0;land;false;plains
6421;21;25;0;land;true;hills
6422;22;25;0;land;false;plains
6423;23;25;0;land;false;plains
6424;24;25;0;land;false;plains
6425;25;25;0;land;false;hills
6426;26;25;0;land;false;plains
6427;27;25;0;land;false;hills
6428;28;25;0;land;false;hills
6429;29;25;0;land;false;hills
6430;30;25;0;land;false;hills
6431;31;25;0;land;false;hills
6432;32;25;0;land;false;hills
6433;33;25;0;land;true;forest
6434;34;25;0;land;true;forest
6435;35;25;0;land;false;hills
6436;36;25;0;land;false;hills
6437;37;25;0;land;true;forest
6438;38;25;0;land;false;hills
6439;39;25;0;land;true;hills
6440;40;25;0;land;false;hills
6441;41;25;0;land;false;hills
6442;42;25;0;land;false;hills
6443;43;25;0;land;false;hills
6444;44;25;0;land;false;hills
6445;45;25;0;land;false;hills
6446;46;25;0;land;false;hills
6447;47;25;0;land;false;mountain
6448;48;25;0;land;false;mountain
6449;49;25;0;land;false;mountain
6450;50;25;0;land;false;desert
6451;51;25;0;land;false;hills
6452;52;25;0;land;false;mountain
6453;53;25;0;land;false;desert
6454;54;25;0;land;false;mountain
6455;55;25;0;land;false;mountain
6456;56;25;0;land;false;desert
6457;57;25;0;land;false;hills
6458;58;25;0;land;false;hills
6459;59;25;0;land;false;hills
6460;60;25;0;land;false;hills
6461;61;25;0;land;false;hills
6462;62;25;0;land;false;hills
6463;63;25;0;land;false;hills
6464;64;25;0;land;false;hills
6465;65;25;0;land;false;mountain
6466;66;25;0;land;false;mountain
6467;67;25;0;land;false;mountain
6468;68;25;0;land;false;mountain
6469;69;25;0;land;false;mountain
6470;70;25;0;land;false;plains
6471;71;25;0;land;false;plains
6472;72;25;0;land;false;plains
6473;73;25;0;land;false;hills
6474;74;25;0;land;false;hills
6475;75;25;0;land;false;mountain
6476;76;25;0;land;false;mountain
6477;77;25;0;land;false;mountain
6478;78;25;0;land;false;mountain
6479;79;25;0;land;false;mountain
6480;80;25;0;land;false;mountain
6481;81;25;0;land;false;plains
6482;82;25;0;land;false;plains
6483;83;25;0;land;false;plains
6484;84;25;0;land;false;plains
6485;85;25;0;land;false;hills
6486;86;25;0;land;false;mountain
6487;87;25;0;land;false;hills
6488;88;25;0;land;false;mountain
6489;89;25;0;land;false;mountain
6490;90;25;0;land;false;mountain
6491;91;25;0;land;false;mountain
6492;92;25;0;land;false;mountain
6493;93;25;0;land;false;mountain
6494;94;25;0;land;false;mountain
6495;95;25;0;land;false;mountain
6496;96;25;0;land;false;mountain
6497;97;25;0;land;false;mountain
6498;98;25;0;land;false;mountain
6499;99;25;0;land;false;mountain
6500;100;25;0;land;false;mountain
6501;101;25;0;land;false;mountain
6502;102;25;0;land;false;mountain
6503;103;25;0;land;false;mountain
6504;104;25;0;land;false;mountain
6505;105;25;0;land;false;mountain
6506;106;25;0;land;false;mountain
6507;107;25;0;land;false;mountain
6508;108;25;0;land;false;mountain
6509;109;25;0;land;false;hills
6510;110;25;0;land;false;mountain
6511;111;25;0;land;false;mountain
6512;112;25;0;land;false;mountain
6513;113;25;0;land;false;mountain
6514;114;25;0;land;false;mountain
6515;115;25;0;land;false;mountain
6516;116;25;0;land;false;mountain
6517;117;25;0;land;false;mountain
6518;118;25;0;land;false;mountain
6519;119;25;0;land;false;mountain
6520;120;25;0;land;false;mountain
6521;121;25;0;land;false;plains
6522;122;25;0;land;false;hills
6523;123;25;0;land;false;mountain
6524;124;25;0;land;false;hills
6525;125;25;0;land;false;forest
6526;126;25;0;land;false;forest
6527;127;25;0;land;false;forest
6528;128;25;0;land;false;forest
6529;129;25;0;land;false;forest
6530;130;25;0;land;false;forest
6531;131;25;0;land;false;forest
6532;132;25;0;land;false;forest
6533;133;25;0;land;false;forest
6534;134;25;0;land;false;forest
6535;135;25;0;land;false;forest
6536;136;25;0;land;false;forest
6537;137;25;0;land;false;forest
6538;138;25;0;land;false;forest
6539;139;25;0;land;false;forest
6540;140;25;0;land;false;forest
6541;141;25;0;land;false;forest
6542;142;25;0;land;false;forest
6543;143;25;0;land;false;forest
6544;144;25;0;land;false;forest
6545;145;25;0;land;false;forest
6546;146;25;0;land;false;plains
6547;147;25;0;land;false;plains
6548;148;25;0;land;false;forest
6549;149;25;0;land;false;desert
6550;150;25;0;land;false;hills
6551;151;25;0;land;false;hills
6552;152;25;0;land;false;desert
6553;153;25;0;land;false;desert
6554;154;25;0;land;false;hills
6555;155;25;0;land;false;desert
6556;156;25;0;land;false;hills
6557;157;25;0;land;false;hills
6558;158;25;0;land;false;desert
6559;159;25;0;land;false;desert
6560;160;25;0;land;false;hills
6561;161;25;0;land;false;hills
6562;162;25;0;land;false;desert
6563;163;25;0;land;false;desert
6564;164;25;0;land;false;desert
6565;165;25;0;land;false;hills
6566;166;25;0;land;false;desert
6567;167;25;0;land;false;desert
6568;168;25;0;land;false;desert
6569;169;25;0;land;false;plains
6570;170;25;0;land;false;hills
6571;171;25;0;land;false;plains
6572;172;25;0;land;false;hills
6573;173;25;0;land;false;plains
6574;174;25;0;land;false;plains
6575;175;25;0;land;false;plains
6576;176;25;0;land;false;plains
6577;177;25;0;land;false;plains
6578;178;25;0;land;false;plains
6579;179;25;0;land;false;plains
6580;180;25;0;land;false;forest
6581;181;25;0;land;false;forest
6582;182;25;0;land;false;hills
6583;183;25;0;land;false;desert
6584;184;25;0;land;false;plains
6585;185;25;0;land;false;hills
6586;186;25;0;land;false;plains
6587;187;25;0;land;false;plains
6588;188;25;0;land;false;plains
6589;189;25;0;land;false;plains
6590;190;25;0;land;false;plains
6591;191;25;0;land;false;plains
6592;192;25;0;land;false;plains
6593;193;25;0;land;false;desert
6594;194;25;0;land;false;mountain
6595;195;25;0;land;false;mountain
6596;196;25;0;land;false;mountain
6597;197;25;0;land;false;mountain
6598;198;25;0;land;false;mountain
6599;199;25;0;land;false;mountain
6600;200;25;0;land;false;mountain
6601;201;25;0;land;false;mountain
6602;202;25;0;land;false;desert
6603;203;25;0;land;false;mountain
6604;204;25;0;land;false;mountain
6605;205;25;0;land;false;forest
6606;206;25;0;land;false;forest
6607;207;25;0;land;false;forest
6608;208;25;0;land;false;forest
6609;209;25;0;land;false;plains
6610;210;25;0;land;false;forest
6611;211;25;0;land;false;plains
6612;212;25;0;land;false;forest
6613;213;25;0;land;false;forest
6614;214;25;0;land;false;forest
6615;215;25;0;land;true;forest
6616;216;25;0;land;true;forest
6617;217;25;0;land;true;hills
6618;218;25;0;land;false;plains
6619;219;25;0;land;false;hills
6620;220;25;0;land;false;mountain
6621;221;25;0;land;false;hills
6622;222;25;0;land;true;hills
6623;223;25;0;land;false;plains
6624;224;25;0;land;true;forest
6625;225;25;0;land;true;plains
6626;226;25;0;land;true;plains
6627;227;25;0;land;true;plains
6628;228;25;0;land;true;plains
6629;229;25;0;land;true;plains
6630;230;25;0;land;false;plains
6631;231;25;0;land;false;hills
6632;232;25;0;land;false;hills
6633;233;25;0;land;false;mountain
6634;234;25;0;land;false;mountain
6635;235;25;0;land;false;mountain
6636;236;25;0;land;false;mountain
6637;237;25;0;land;false;mountain
6638;238;25;0;land;false;mountain
6639;239;25;0;land;false;mountain
6640;240;25;0;land;false;mountain
6641;241;25;0;land;true;forest
6642;242;25;0;land;false;forest
6643;243;25;0;land;false;forest
6644;244;25;0;land;true;forest
6645;245;25;0;land;true;forest
6646;246;25;0;land;false;forest
6647;247;25;0;land;true;forest
6648;248;25;0;land;true;plains
6649;249;25;0;land;true;plains
6650;250;25;0;land;true;plains
6651;251;25;0;land;true;forest
6652;252;25;0;land;false;forest
6653;253;25;0;land;false;forest
6654;254;25;0;land;false;forest
6655;255;25;0;land;false;forest
6656;0;26;0;land;false;forest
6657;1;26;0;land;false;forest
6658;2;26;0;land;false;forest
6659;3;26;0;land;false;forest
6660;4;26;0;land;false;forest
6661;5;26;0;land;false;forest
6662;6;26;0;land;false;forest
6663;7;26;0;land;false;forest
6664;8;26;0;land;false;forest
6665;9;26;0;land;false;forest
6666;10;26;0;land;false;forest
6667;11;26;0;land;false;forest
6668;12;26;0;land;false;forest
6669;13;26;0;land;false;plains
6670;14;26;0;land;false;forest
6671;15;26;0;land;false;forest
6672;16;26;0;land;false;forest
6673;17;26;0;land;false;forest
6674;18;26;0;land;false;forest
6675;19;26;0;land;false;forest
6676;20;26;0;land;false;forest
6677;21;26;0;land;false;forest
6678;22;26;0;land;false;forest
6679;23;26;0;land;false;forest
6680;24;26;0;land;false;forest
6681;25;26;0;land;false;forest
6682;26;26;0;land;false;plains
6683;27;26;0;land;false;forest
6684;28;26;0;land;false;forest
6685;29;26;0;land;false;forest
6686;30;26;0;land;false;forest
6687;31;26;0;land;false;forest
6688;32;26;0;land;false;plains
6689;33;26;0;land;false;forest
6690;34;26;0;land;false;forest
6691;35;26;0;land;false;forest
6692;36;26;0;land;false;forest
6693;37;26;0;land;false;forest
6694;38;26;0;land;false;forest
6695;39;26;0;land;false;forest
6696;40;26;0;land;false;forest
6697;41;26;0;land;false;forest
6698;42;26;0;land;false;forest
6699;43;26;0;land;false;forest
6700;44;26;0;land;false;forest
6701;45;26;0;land;false;forest
6702;46;26;0;land;false;forest
6703;47;26;0;land;false;forest
6704;48;26;0;land;false;forest
6705;49;26;0;land;true;forest
6706;50;26;0;land;false;forest
6707;51;26;0;land;false;forest
6708;52;26;0;land;false;forest
6709;53;26;0;land;false;forest
6710;54;26;0;land;true;forest
6711;55;26;0;land;false;forest
6712;56;26;0;land;false;forest
6713;57;26;0;land;false;forest
6714;58;26;0;land;false;forest
6715;59;26;0;land;false;forest
6716;60;26;0;land;false;forest
6717;61;26;0;land;false;forest
6718;62;26;0;land;false;forest
6719;63;26;0;land;false;forest
6720;64;26;0;land;false;forest
6721;65;26;0;land;false;forest
6722;66;26;0;land;false;forest
6723;67;26;0;land;false;forest
6724;68;26;0;land;false;forest
6725;69;26;0;land;false;forest
6726;70;26;0;land;false;forest
6727;71;26;0;land;false;forest
6728;72;26;0;land;false;forest
6729;73;26;0;land;false;forest
6730;74;26;0;land;false;forest
6731;75;26;0;land;false;forest
6732;76;26;0;land;true;forest
6733;77;26;0;land;false;forest
6734;78;26;0;land;false;forest
6735;79;26;0;land;false;forest
6736;80;26;0;land;false;forest
6737;81;26;0;land;false;forest
6738;82;26;0;land;false;forest
6739;83;26;0;land;false;forest
6740;84;26;0;land;false;forest
6741;85;26;0;land;false;forest
6742;86;26;0;land;true;forest
6743;87;26;0;land;false;forest
6744;88;26;0;land;false;forest
6745;89;26;0;land;false;forest
6746;90;26;0;land;false;forest
6747;91;26;0;land;false;forest
6748;92;26;0;land;false;forest
6749;93;26;0;land;false;forest
6750;94;26;0;land;false;forest
6751;95;26;0;land;false;forest
6752;96;26;0;land;false;forest
6753;97;26;0;land;false;forest
6754;98;26;0;land;false;forest
6755;99;26;0;land;false;forest
6756;100;26;0;land;false;forest
6757;101;26;0;land;true;desert
6758;102;26;0;land;false;desert
6759;103;26;0;land;false;desert
6760;104;26;0;land;true;desert
6761;105;26;0;land;true;desert
6762;106;26;0;land;false;desert
6763;107;26;0;land;false;desert
6764;108;26;0;land;false;desert
6765;109;26;0;land;false;desert
6766;110;26;0;land;true;desert
6767;111;26;0;land;true;desert
6768;112;26;0;land;false;desert
6769;113;26;0;land;false;desert
6770;114;26;0;land;true;desert
6771;115;26;0;land;false;desert
6772;116;26;0;land;false;desert
6773;117;26;0;land;false;desert
6774;118;26;0;land;false;desert
6775;119;26;0;land;false;desert
6776;120;26;0;land;false;desert
6777;121;26;0;land;false;desert
6778;122;26;0;land;false;desert
6779;123;26;0;land;false;desert
6780;124;26;0;land;false;desert
6781;125;26;0;land;false;desert
6782;126;26;0;land;false;desert
6783;127;26;0;land;false;plains
6784;128;26;0;land;false;plains
6785;129;26;0;land;false;desert
6786;130;26;0;land;false;plains
6787;131;26;0;land;false;desert
6788;132;26;0;land;false;desert
6789;133;26;0;land;false;desert
6790;134;26;0;land;false;desert
6791;135;26;0;land;false;desert
6792;136;26;0;land;false;desert
6793;137;26;0;land;false;desert
6794;138;26;0;land;false;desert
6795;139;26;0;land;false;desert
6796;140;26;0;land;false;desert
6797;141;26;0;land;false;desert
6798;142;26;0;land;false;desert
6799;143;26;0;land;false;desert
6800;144;26;0;land;false;desert
6801;145;26;0;land;false;desert
6802;146;26;0;land;false;desert
6803;147;26;0;land;false;desert
6804;148;26;0;land;false;desert
6805;149;26;0;land;false;desert
6806;150;26;0;land;false;desert
6807;151;26;0;land;false;desert
6808;152;26;0;land;false;desert
6809;153;26;0;land;false;desert
6810;154;26;0;land;false;desert
6811;155;26;0;land;false;desert
6812;156;26;0;land;false;desert
6813;157;26;0;land;false;desert
6814;158;26;0;land;false;desert
6815;159;26;0;land;false;desert
6816;160;26;0;land;false;desert
6817;161;26;0;land;false;desert
6818;162;26;0;land;false;desert
6819;163;26;0;land;false;desert
6820;164;26;0;land;false;forest
6821;165;26;0;land;false;hills
6822;166;26;0;land;false;forest
6823;167;26;0;land;false;forest
6824;168;26;0;land;false;forest
6825;169;26;0;land;false;forest
6826;170;26;0;land;false;forest
6827;171;26;0;land;false;forest
6828;172;26;0;land;false;forest
6829;173;26;0;land;false;hills
6830;174;26;0;land;false;marsh
6831;175;26;0;land;false;plains
6832;176;26;0;land;false;marsh
6833;177;26;0;land;false;plains
6834;178;26;0;land;false;plains
6835;179;26;0;land;false;marsh
6836;180;26;0;land;false;plains
6837;181;26;0;land;false;plains
6838;182;26;0;land;false;plains
6839;183;26;0;land;false;plains
6840;184;26;0;land;false;plains
6841;185;26;0;land;false;marsh
6842;186;26;0;land;false;forest
6843;187;26;0;land;false;plains
6844;188;26;0;land;false;plains
6845;189;26;0;land;false;plains
6846;190;26;0;land;false;plains
6847;191;26;0;land;false;plains
6848;192;26;0;land;false;plains
6849;193;26;0;land;false;plains
6850;194;26;0;land;false;plains
6851;195;26;0;land;false;plains
6852;196;26;0;land;true;plains
6853;197;26;0;land;false;plains
6854;198;26;0;land;true;plains
6855;199;26;0;land;false;plains
6856;200;26;0;land;false;plains
6857;201;26;0;land;false;plains
6858;202;26;0;land;false;plains
6859;203;26;0;land;true;plains
6860;204;26;0;land;false;plains
6861;205;26;0;land;false;plains
6862;206;26;0;land;false;plains
6863;207;26;0;land;false;forest
6864;208;26;0;land;false;plains
6865;209;26;0;land;false;plains
6866;210;26;0;land;false;plains
6867;211;26;0;land;false;forest
6868;212;26;0;land;false;forest
6869;213;26;0;land;false;plains
6870;214;26;0;land;false;hills
6871;215;26;0;land;false;hills
6872;216;26;0;land;false;plains
6873;217;26;0;land;false;plains
6874;218;26;0;land;false;plains
6875;219;26;0;land;false;forest
6876;220;26;0;land;false;plains
6877;221;26;0;land;false;plains
6878;222;26;0;land;false;plains
6879;223;26;0;land;false;forest
6880;224;26;0;land;false;plains
6881;225;26;0;land;false;plains
6882;226;26;0;land;false;plains
6883;227;26;0;land;false;plains
6884;228;26;0;land;false;forest
6885;229;26;0;land;false;forest
6886;230;26;0;land;false;forest
6887;231;26;0;land;false;forest
6888;232;26;0;land;false;forest
6889;233;26;0;land;false;forest
6890;234;26;0;land;false;plains
6891;235;26;0;land;false;plains
6892;236;26;0;land;false;forest
6893;237;26;0;land;false;forest
6894;238;26;0;land;false;forest
6895;239;26;0;land;false;forest
6896;240;26;0;land;false;plains
6897;241;26;0;land;false;plains
6898;242;26;0;land;false;plains
6899;243;26;0;land;false;plains
6900;244;26;0;land;false;plains
6901;245;26;0;land;false;plains
6902;246;26;0;land;false;plains
6903;247;26;0;land;false;plains
6904;248;26;0;land;false;plains
6905;249;26;0;land;false;plains
6906;250;26;0;land;false;plains
6907;251;26;0;land;false;plains
6908;252;26;0;land;false;plains
6909;253;26;0;land;false;plains
6910;254;26;0;land;false;plains
6911;255;26;0;land;false;forest
6912;0;27;0;land;false;hills
6913;1;27;0;land;false;hills
6914;2;27;0;land;false;hills
6915;3;27;0;land;false;plains
6916;4;27;0;land;false;hills
6917;5;27;0;land;false;forest
6918;6;27;0;land;false;forest
6919;7;27;0;land;false;plains
6920;8;27;0;land;false;hills
6921;9;27;0;land;false;forest
6922;10;27;0;land;false;forest
6923;11;27;0;land;false;forest
6924;12;27;0;land;false;hills
6925;13;27;0;land;false;hills
6926;14;27;0;land;true;forest
6927;15;27;0;land;true;hills
6928;16;27;0;land;false;forest
6929;17;27;0;land;true;hills
6930;18;27;0;land;true;forest
6931;19;27;0;land;true;hills
6932;20;27;0;land;false;hills
6933;21;27;0;land;true;forest
6934;22;27;0;land;true;hills
6935;23;27;0;land;false;forest
6936;24;27;0;land;false;hills
6937;25;27;0;land;false;hills
6938;26;27;0;land;true;hills
6939;27;27;0;land;false;hills
6940;28;27;0;land;false;hills
6941;29;27;0;land;false;forest
6942;30;27;0;land;false;hills
6943;31;27;0;land;false;hills
6944;32;27;0;land;false;hills
6945;33;27;0;land;false;forest
6946;34;27;0;land;false;hills
6947;35;27;0;land;false;hills
6948;36;27;0;land;false;forest
6949;37;27;0;land;true;hills
6950;38;27;0;land;true;hills
6951;39;27;0;land;false;hills
6952;40;27;0;land;false;hills
6953;41;27;0;land;true;forest
6954;42;27;0;land;true;hills
6955;43;27;0;land;true;hills
6956;44;27;0;land;false;plains
6957;45;27;0;land;false;forest
6958;46;27;0;land;false;hills
6959;47;27;0;land;true;hills
6960;48;27;0;land;true;forest
6961;49;27;0;land;false;forest
6962;50;27;0;land;true;hills
6963;51;27;0;land;false;forest
6964;52;27;0;land;true;hills
6965;53;27;0;land;false;forest
6966;54;27;0;land;false;forest
6967;55;27;0;land;true;hills
6968;56;27;0;land;false;hills
6969;57;27;0;land;false;forest
6970;58;27;0;land;false;plains
6971;59;27;0;land;false;plains
6972;60;27;0;land;false;forest
6973;61;27;0;land;false;forest
6974;62;27;0;land;false;plains
6975;63;27;0;land;false;forest
6976;64;27;0;land;false;plains
6977;65;27;0;land;false;plains
6978;66;27;0;land;false;forest
6979;67;27;0;land;false;plains
6980;68;27;0;land;false;plains
6981;69;27;0;land;false;forest
6982;70;27;0;land;false;hills
6983;71;27;0;land;false;hills
6984;72;27;0;land;false;hills
6985;73;27;0;land;false;hills
6986;74;27;0;land;false;forest
6987;75;27;0;land;false;forest
6988;76;27;0;land;false;plains
6989;77;27;0;land;false;plains
6990;78;27;0;land;false;plains
6991;79;27;0;land;false;plains
6992;80;27;0;land;false;plains
6993;81;27;0;land;false;forest
6994;82;27;0;land;true;plains
6995;83;27;0;land;false;plains
6996;84;27;0;land;false;plains
6997;85;27;0;land;true;plains
6998;86;27;0;land;false;hills
6999;87;27;0;land;false;plains
7000;88;27;0;land;false;plains
7001;89;27;0;land;false;hills
7002;90;27;0;land;false;plains
7003;91;27;0;land;false;forest
7004;92;27;0;land;false;hills
7005;93;27;0;land;false;forest
7006;94;27;0;land;false;plains
7007;95;27;0;land;false;plains
7008;96;27;0;land;false;hills
7009;97;27;0;land;false;hills
7010;98;27;0;land;false;hills
7011;99;27;0;land;false;hills
7012;100;27;0;land;false;plains
7013;101;27;0;land;false;forest
7014;102;27;0;land;false;plains
7015;103;27;0;land;true;plains
7016;104;27;0;land;false;plains
7017;105;27;0;land;false;plains
7018;106;27;0;land;true;plains
7019;107;27;0;land;false;plains
7020;108;27;0;land;false;plains
7021;109;27;0;land;false;plains
7022;110;27;0;land;false;hills
7023;111;27;0;land;true;hills
7024;112;27;0;land;false;mountain
7025;113;27;0;land;true;hills
7026;114;27;0;land;false;mountain
7027;115;27;0;land;false;hills
7028;116;27;0;land;false;hills
7029;117;27;0;land;false;hills
7030;118;27;0;land;true;mountain
7031;119;27;0;land;false;hills
7032;120;27;0;land;false;forest
7033;121;27;0;land;false;hills
7034;122;27;0;land;false;plains
7035;123;27;0;land;false;plains
7036;124;27;0;land;false;hills
7037;125;27;0;land;false;plains
7038;126;27;0;land;false;plains
7039;127;27;0;land;false;forest
7040;128;27;0;land;false;forest
7041;129;27;0;land;false;forest
7042;130;27;0;land;false;hills
7043;131;27;0;land;false;forest
7044;132;27;0;land;false;forest
7045;133;27;0;land;false;forest
7046;134;27;0;land;false;hills
7047;135;27;0;land;false;forest
7048;136;27;0;land;false;hills
7049;137;27;0;land;false;plains
7050;138;27;0;land;false;plains
7051;139;27;0;land;false;plains
7052;140;27;0;land;false;plains
7053;141;27;0;land;false;plains
7054;142;27;0;land;false;forest
7055;143;27;0;land;false;forest
7056;144;27;0;land;false;forest
7057;145;27;0;land;false;forest
7058;146;27;0;land;false;forest
7059;147;27;0;land;false;forest
7060;148;27;0;land;false;forest
7061;149;27;0;land;false;forest
7062;150;27;0;land;false;forest
7063;151;27;0;land;false;forest
7064;152;27;0;land;false;forest
7065;153;27;0;land;false;plains
7066;154;27;0;land;false;plains
7067;155;27;0;land;false;plains
7068;156;27;0;land;false;plains
7069;157;27;0;land;true;forest
7070;158;27;0;land;true;forest
7071;159;27;0;land;true;forest
7072;160;27;0;land;false;forest
7073;161;27;0;land;false;forest
7074;162;27;0;land;false;forest
7075;163;27;0;land;true;plains
7076;164;27;0;land;false;forest
7077;165;27;0;land;false;forest
7078;166;27;0;land;false;forest
7079;167;27;0;land;false;forest
7080;168;27;0;land;false;plains
7081;169;27;0;land;false;forest
7082;170;27;0;land;false;forest
7083;171;27;0;land;true;plains
7084;172;27;0;land;false;forest
7085;173;27;0;land;false;forest
7086;174;27;0;land;false;forest
7087;175;27;0;land;false;forest
7088;176;27;0;land;false;forest
7089;177;27;0;land;false;forest
7090;178;27;0;land;false;forest
7091;179;27;0;land;false;forest
7092;180;27;0;land;false;forest
7093;181;27;0;land;false;forest
7094;182;27;0;land;false;forest
7095;183;27;0;land;false;forest
7096;184;27;0;land;false;forest
7097;185;27;0;land;false;forest
7098;186;27;0;land;false;forest
7099;187;27;0;land;false;forest
7100;188;27;0;land;false;forest
7101;189;27;0;land;false;forest
7102;190;27;0;land;false;forest
7103;191;27;0;land;false;forest
7104;192;27;0;land;false;forest
7105;193;27;0;land;false;plains
7106;194;27;0;land;false;plains
7107;195;27;0;land;false;plains
7108;196;27;0;land;false;forest
7109;197;27;0;land;false;plains
7110;198;27;0;land;false;forest
7111;199;27;0;land;false;plains
7112;200;27;0;land;false;forest
7113;201;27;0;land;false;forest
7114;202;27;0;land;false;forest
7115;203;27;0;land;true;forest
7116;204;27;0;land;true;forest
7117;205;27;0;land;true;plains
7118;206;27;0;land;false;forest
7119;207;27;0;land;false;forest
7120;208;27;0;land;false;forest
7121;209;27;0;land;false;forest
7122;210;27;0;land;true;forest
7123;211;27;0;land;false;forest
7124;212;27;0;land;false;forest
7125;213;27;0;land;false;forest
7126;214;27;0;land;false;forest
7127;215;27;0;land;false;forest
7128;216;27;0;land;false;forest
7129;217;27;0;land;false;forest
7130;218;27;0;land;false;forest
7131;219;27;0;land;false;forest
7132;220;27;0;land;false;forest
7133;221;27;0;land;false;forest
7134;222;27;0;land;false;forest
7135;223;27;0;land;false;forest
7136;224;27;0;land;false;forest
7137;225;27;0;land;false;forest
7138;226;27;0;land;false;forest
7139;227;27;0;land;false;forest
7140;228;27;0;land;false;forest
7141;229;27;0;land;false;forest
7142;230;27;0;land;false;forest
7143;231;27;0;land;false;forest
7144;232;27;0;land;false;forest
7145;233;27;0;land;false;forest
7146;234;27;0;land;true;forest
7147;235;27;0;land;false;forest
7148;236;27;0;land;false;forest
7149;237;27;0;land;true;forest
7150;238;27;0;land;false;forest
7151;239;27;0;land;false;forest
7152;240;27;0;land;false;forest
7153;241;27;0;land;false;forest
7154;242;27;0;land;false;forest
7155;243;27;0;land;false;forest
7156;244;27;0;land;false;forest
7157;245;27;0;land;false;forest
7158;246;27;0;land;false;forest
7159;247;27;0;land;false;forest
7160;248;27;0;land;false;forest
7161;249;27;0;land;true;forest
7162;250;27;0;land;false;forest
7163;251;27;0;land;true;forest
7164;252;27;0;land;true;forest
7165;253;27;0;land;false;forest
7166;254;27;0;land;false;forest
7167;255;27;0;land;false;forest
7168;0;28;0;land;false;forest
7169;1;28;0;land;false;forest
7170;2;28;0;land;false;forest
7171;3;28;0;land;false;forest
7172;4;28;0;land;true;hills
7173;5;28;0;land;false;plains
7174;6;28;0;land;false;plains
7175;7;28;0;land;false;forest
7176;8;28;0;land;false;plains
7177;9;28;0;land;true;plains
7178;10;28;0;land;true;plains
7179;11;28;0;land;false;forest
7180;12;28;0;land;false;forest
7181;13;28;0;land;true;forest
7182;14;28;0;land;false;forest
7183;15;28;0;land;false;forest
7184;16;28;0;land;false;forest
7185;17;28;0;land;false;hills
7186;18;28;0;land;false;forest
7187;19;28;0;land;false;forest
7188;20;28;0;land;false;forest
7189;21;28;0;land;false;forest
7190;22;28;0;land;false;forest
7191;23;28;0;land;false;plains
7192;24;28;0;land;false;forest
7193;25;28;0;land;true;hills
7194;26;28;0;land;false;forest
7195;27;28;0;land;true;hills
7196;28;28;0;land;false;plains
7197;29;28;0;land;false;plains
7198;30;28;0;land;true;plains
7199;31;28;0;land;true;plains
7200;32;28;0;land;false;plains
7201;33;28;0;land;false;plains
7202;34;28;0;land;false;plains
7203;35;28;0;land;false;plains
7204;36;28;0;land;true;plains
7205;37;28;0;land;false;plains
7206;38;28;0;land;false;plains
7207;39;28;0;land;false;forest
7208;40;28;0;land;false;forest
7209;41;28;0;land;false;forest
7210;42;28;0;land;false;forest
7211;43;28;0;land;true;forest
7212;44;28;0;land;false;forest
7213;45;28;0;land;false;forest
7214;46;28;0;land;false;forest
7215;47;28;0;land;true;forest
7216;48;28;0;land;false;forest
7217;49;28;0;land;false;forest
7218;50;28;0;land;false;forest
7219;51;28;0;land;false;forest
7220;52;28;0;land;false;forest
7221;53;28;0;land;false;forest
7222;54;28;0;land;false;forest
7223;55;28;0;land;true;forest
7224;56;28;0;land;false;forest
7225;57;28;0;land;false;forest
7226;58;28;0;land;false;forest
7227;59;28;0;land;true;plains
7228;60;28;0;land;false;forest
7229;61;28;0;land;false;forest
7230;62;28;0;land;false;forest
7231;63;28;0;land;true;forest
7232;64;28;0;land;true;forest
7233;65;28;0;land;false;forest
7234;66;28;0;land;false;forest
7235;67;28;0;land;false;forest
7236;68;28;0;land;false;forest
7237;69;28;0;land;false;forest
7238;70;28;0;land;true;forest
7239;71;28;0;land;false;forest
7240;72;28;0;land;true;forest
7241;73;28;0;land;false;forest
7242;74;28;0;land;true;forest
7243;75;28;0;land;false;forest
7244;76;28;0;land;false;forest
7245;77;28;0;land;false;forest
7246;78;28;0;land;false;forest
7247;79;28;0;land;true;forest
7248;80;28;0;land;true;hills
7249;81;28;0;land;true;forest
7250;82;28;0;land;true;forest
7251;83;28;0;land;true;forest
7252;84;28;0;land;true;forest
7253;85;28;0;land;true;hills
7254;86;28;0;land;false;forest
7255;87;28;0;land;true;forest
7256;88;28;0;land;false;desert
7257;89;28;0;land;false;desert
7258;90;28;0;land;false;plains
7259;91;28;0;land;true;plains
7260;92;28;0;land;true;forest
7261;93;28;0;land;false;plains
7262;94;28;0;land;false;plains
7263;95;28;0;land;false;forest
7264;96;28;0;land;false;forest
7265;97;28;0;land;true;plains
7266;98;28;0;land;false;forest
7267;99;28;0;land;false;forest
7268;100;28;0;land;false;forest
7269;101;28;0;land;false;plains
7270;102;28;0;land;true;plains
7271;103;28;0;land;false;plains
7272;104;28;0;land;true;plains
7273;105;28;0;land;false;plains
7274;106;28;0;land;false;plains
7275;107;28;0;land;false;plains
7276;108;28;0;land;false;plains
7277;109;28;0;land;true;plains
7278;110;28;0;land;false;plains
7279;111;28;0;land;true;plains
7280;112;28;0;land;false;plains
7281;113;28;0;land;false;forest
7282;114;28;0;land;false;plains
7283;115;28;0;land;false;plains
7284;116;28;0;land;false;plains
7285;117;28;0;land;false;forest
7286;118;28;0;land;false;plains
7287;119;28;0;land;false;plains
7288;120;28;0;land;false;plains
7289;121;28;0;land;false;forest
7290;122;28;0;land;false;plains
7291;123;28;0;land;false;desert
7292;124;28;0;land;false;desert
7293;125;28;0;land;false;desert
7294;126;28;0;land;false;hills
7295;127;28;0;land;false;desert
7296;128;28;0;land;false;hills
7297;129;28;0;land;false;plains
7298;130;28;0;land;false;plains
7299;131;28;0;land;false;plains
7300;132;28;0;land;false;plains
7301;133;28;0;land;false;plains
7302;134;28;0;land;false;plains
7303;135;28;0;land;false;plains
7304;136;28;0;land;true;forest
7305;137;28;0;land;false;forest
7306;138;28;0;land;false;hills
7307;139;28;0;land;true;forest
7308;140;28;0;land;false;plains
7309;141;28;0;land;false;forest
7310;142;28;0;land;false;forest
7311;143;28;0;land;false;hills
7312;144;28;0;land;false;forest
7313;145;28;0;land;false;forest
7314;146;28;0;land;false;forest
7315;147;28;0;land;false;forest
7316;148;28;0;land;false;forest
7317;149;28;0;land;false;forest
7318;150;28;0;land;false;forest
7319;151;28;0;land;false;forest
7320;152;28;0;land;false;forest
7321;153;28;0;land;false;forest
7322;154;28;0;land;false;forest
7323;155;28;0;land;false;forest
7324;156;28;0;land;false;forest
7325;157;28;0;land;false;forest
7326;158;28;0;land;false;forest
7327;159;28;0;land;false;forest
7328;160;28;0;land;false;forest
7329;161;28;0;land;false;forest
7330;162;28;0;land;false;forest
7331;163;28;0;land;false;forest
7332;164;28;0;land;false;forest
7333;165;28;0;land;false;forest
7334;166;28;0;land;false;forest
7335;167;28;0;land;false;forest
7336;168;28;0;land;false;forest
7337;169;28;0;land;false;forest
7338;170;28;0;land;false;forest
7339;171;28;0;land;false;forest
7340;172;28;0;land;false;forest
7341;173;28;0;land;false;forest
7342;174;28;0;land;false;forest
7343;175;28;0;land;false;forest
7344;176;28;0;land;false;forest
7345;177;28;0;land;false;forest
7346;178;28;0;land;false;forest
7347;179;28;0;land;false;forest
7348;180;28;0;land;false;forest
7349;181;28;0;land;false;forest
7350;182;28;0;land;false;forest
7351;183;28;0;land;false;forest
7352;184;28;0;land;false;forest
7353;185;28;0;land;false;forest
7354;186;28;0;land;false;forest
7355;187;28;0;land;false;forest
7356;188;28;0;land;false;forest
7357;189;28;0;land;false;forest
7358;190;28;0;land;false;forest
7359;191;28;0;land;false;forest
7360;192;28;0;land;false;forest
7361;193;28;0;land;false;forest
7362;194;28;0;land;false;forest
7363;195;28;0;land;false;forest
7364;196;28;0;land;false;forest
7365;197;28;0;land;false;forest
7366;198;28;0;land;false;forest
7367;199;28;0;land;false;forest
7368;200;28;0;land;false;forest
7369;201;28;0;land;false;forest
7370;202;28;0;land;false;forest
7371;203;28;0;land;false;forest
7372;204;28;0;land;false;forest
7373;205;28;0;land;false;forest
7374;206;28;0;land;false;forest
7375;207;28;0;land;false;forest
7376;208;28;0;land;false;forest
7377;209;28;0;land;false;forest
7378;210;28;0;land;false;forest
7379;211;28;0;land;false;forest
7380;212;28;0;land;false;forest
7381;213;28;0;land;false;hills
7382;214;28;0;land;false;hills
7383;215;28;0;land;false;forest
7384;216;28;0;land;false;forest
7385;217;28;0;land;false;forest
7386;218;28;0;land;false;hills
7387;219;28;0;land;false;forest
7388;220;28;0;land;false;forest
7389;221;28;0;land;false;hills
7390;222;28;0;land;false;forest
7391;223;28;0;land;false;forest
7392;224;28;0;land;false;forest
7393;225;28;0;land;false;forest
7394;226;28;0;land;false;forest
7395;227;28;0;land;false;forest
7396;228;28;0;land;false;forest
7397;229;28;0;land;false;forest
7398;230;28;0;land;false;forest
7399;231;28;0;land;false;forest
7400;232;28;0;land;false;forest
7401;233;28;0;land;false;forest
7402;234;28;0;land;false;forest
7403;235;28;0;land;false;forest
7404;236;28;0;land;false;forest
7405;237;28;0;land;false;forest
7406;238;28;0;land;false;forest
7407;239;28;0;land;false;forest
7408;240;28;0;land;false;forest
7409;241;28;0;land;false;forest
7410;242;28;0;land;false;forest
7411;243;28;0;land;false;forest
7412;244;28;0;land;false;forest
7413;245;28;0;land;false;forest
7414;246;28;0;land;false;forest
7415;247;28;0;land;false;forest
7416;248;28;0;land;false;forest
7417;249;28;0;land;false;forest
7418;250;28;0;land;false;forest
7419;251;28;0;land;false;forest
7420;252;28;0;land;false;plains
7421;253;28;0;land;false;forest
7422;254;28;0;land;false;plains
7423;255;28;0;land;false;forest
7424;0;29;0;land;false;forest
7425;1;29;0;land;false;forest
7426;2;29;0;land;false;plains
7427;3;29;0;land;false;hills
7428;4;29;0;land;false;plains
7429;5;29;0;land;false;plains
7430;6;29;0;land;false;forest
7431;7;29;0;land;false;plains
7432;8;29;0;land;false;plains
7433;9;29;0;land;false;forest
7434;10;29;0;land;false;forest
7435;11;29;0;land;false;forest
7436;12;29;0;land;false;forest
7437;13;29;0;land;false;plains
7438;14;29;0;land;false;forest
7439;15;29;0;land;false;forest
7440;16;29;0;land;false;forest
7441;17;29;0;land;false;forest
7442;18;29;0;land;false;forest
7443;19;29;0;land;false;forest
7444;20;29;0;land;false;forest
7445;21;29;0;land;false;forest
7446;22;29;0;land;false;forest
7447;23;29;0;land;false;forest
7448;24;29;0;land;false;plains
7449;25;29;0;land;false;plains
7450;26;29;0;land;false;plains
7451;27;29;0;land;false;forest
7452;28;29;0;land;false;plains
7453;29;29;0;land;false;plains
7454;30;29;0;land;false;plains
7455;31;29;0;land;false;plains
7456;32;29;0;land;false;forest
7457;33;29;0;land;false;forest
7458;34;29;0;land;false;forest
7459;35;29;0;land;false;forest
7460;36;29;0;land;false;forest
7461;37;29;0;land;false;forest
7462;38;29;0;land;false;forest
7463;39;29;0;land;false;forest
7464;40;29;0;land;false;forest
7465;41;29;0;land;false;forest
7466;42;29;0;land;false;forest
7467;43;29;0;land;false;forest
7468;44;29;0;land;false;forest
7469;45;29;0;land;false;forest
7470;46;29;0;land;false;forest
7471;47;29;0;land;true;forest
7472;48;29;0;land;true;forest
7473;49;29;0;land;false;forest
7474;50;29;0;land;false;forest
7475;51;29;0;land;true;forest
7476;52;29;0;land;true;forest
7477;53;29;0;land;false;forest
7478;54;29;0;land;false;forest
7479;55;29;0;land;true;forest
7480;56;29;0;land;true;forest
7481;57;29;0;land;true;hills
7482;58;29;0;land;true;hills
7483;59;29;0;land;true;hills
7484;60;29;0;land;true;forest
7485;61;29;0;land;true;plains
7486;62;29;0;land;true;hills
7487;63;29;0;land;true;hills
7488;64;29;0;land;false;mountain
7489;65;29;0;land;false;plains
7490;66;29;0;land;false;plains
7491;67;29;0;land;false;plains
7492;68;29;0;land;false;plains
7493;69;29;0;land;false;plains
7494;70;29;0;land;false;plains
7495;71;29;0;land;false;plains
7496;72;29;0;land;false;plains
7497;73;29;0;land;false;plains
7498;74;29;0;land;false;plains
7499;75;29;0;land;false;plains
7500;76;29;0;land;false;plains
7501;77;29;0;land;false;plains
7502;78;29;0;land;false;plains
7503;79;29;0;land;false;plains
7504;80;29;0;land;false;plains
7505;81;29;0;land;false;plains
7506;82;29;0;land;false;plains
7507;83;29;0;land;false;plains
7508;84;29;0;land;false;plains
7509;85;29;0;land;false;plains
7510;86;29;0;land;false;plains
7511;87;29;0;land;false;plains
7512;88;29;0;land;false;plains
7513;89;29;0;land;false;plains
7514;90;29;0;land;false;plains
7515;91;29;0;land;false;plains
7516;92;29;0;land;false;plains
7517;93;29;0;land;false;plains
7518;94;29;0;land;false;hills
7519;95;29;0;land;false;plains
7520;96;29;0;land;false;plains
7521;97;29;0;land;false;plains
7522;98;29;0;land;false;plains
7523;99;29;0;land;false;plains
7524;100;29;0;land;false;plains
7525;101;29;0;land;false;plains
7526;102;29;0;land;false;plains
7527;103;29;0;land;false;plains
7528;104;29;0;land;false;plains
7529;105;29;0;land;false;plains
7530;106;29;0;land;false;plains
7531;107;29;0;land;false;plains
7532;108;29;0;land;false;plains
7533;109;29;0;land;false;plains
7534;110;29;0;land;false;plains
7535;111;29;0;land;false;plains
7536;112;29;0;land;false;plains
7537;113;29;0;land;false;plains
7538;114;29;0;land;false;plains
7539;115;29;0;land;false;plains
7540;116;29;0;land;false;plains
7541;117;29;0;land;false;plains
7542;118;29;0;land;false;plains
7543;119;29;0;land;false;plains
7544;120;29;0;land;false;plains
7545;121;29;0;land;false;plains
7546;122;29;0;land;false;plains
7547;123;29;0;land;false;plains
7548;124;29;0;land;false;plains
7549;125;29;0;land;false;plains
7550;126;29;0;land;false;plains
7551;127;29;0;land;false;plains
7552;128;29;0;land;false;plains
7553;129;29;0;land;false;plains
7554;130;29;0;land;false;plains
7555;131;29;0;land;false;plains
7556;132;29;0;land;false;plains
7557;133;29;0;land;false;plains
7558;134;29;0;land;false;plains
7559;135;29;0;land;false;plains
7560;136;29;0;land;false;plains
7561;137;29;0;land;false;plains
7562;138;29;0;land;false;plains
7563;139;29;0;land;false;plains
7564;140;29;0;land;false;plains
7565;141;29;0;land;false;plains
7566;142;29;0;land;false;plains
7567;143;29;0;land;false;plains
7568;144;29;0;land;false;plains
7569;145;29;0;land;false;plains
7570;146;29;0;land;false;plains
7571;147;29;0;land;false;plains
7572;148;29;0;land;false;plains
7573;149;29;0;land;false;plains
7574;150;29;0;land;false;plains
7575;151;29;0;land;false;plains
7576;152;29;0;land;false;plains
7577;153;29;0;land;false;plains
7578;154;29;0;land;false;plains
7579;155;29;0;land;false;plains
7580;156;29;0;land;false;plains
7581;157;29;0;land;false;plains
7582;158;29;0;land;false;plains
7583;159;29;0;land;false;plains
7584;160;29;0;land;false;plains
7585;161;29;0;land;true;plains
7586;162;29;0;land;false;plains
7587;163;29;0;land;false;plains
7588;164;29;0;land;false;plains
7589;165;29;0;land;false;plains
7590;166;29;0;land;true;plains
7591;167;29;0;land;false;desert
7592;168;29;0;land;false;hills
7593;169;29;0;land;false;desert
7594;170;29;0;land;false;desert
7595;171;29;0;land;false;desert
7596;172;29;0;land;false;desert
7597;173;29;0;land;false;desert
7598;174;29;0;land;false;desert
7599;175;29;0;land;false;desert
7600;176;29;0;land;false;desert
7601;177;29;0;land;false;desert
7602;178;29;0;land;false;desert
7603;179;29;0;land;false;desert
7604;180;29;0;land;false;desert
7605;181;29;0;land;false;desert
7606;182;29;0;land;false;desert
7607;183;29;0;land;false;desert
7608;184;29;0;land;false;desert
7609;185;29;0;land;false;desert
7610;186;29;0;land;false;desert
7611;187;29;0;land;false;desert
7612;188;29;0;land;false;desert
7613;189;29;0;land;false;desert
7614;190;29;0;land;false;desert
7615;191;29;0;land;false;desert
7616;192;29;0;land;false;hills
7617;193;29;0;land;false;desert
7618;194;29;0;land;false;desert
7619;195;29;0;land;false;desert
7620;196;29;0;land;false;hills
7621;197;29;0;land;false;desert
7622;198;29;0;land;false;desert
7623;199;29;0;land;false;desert
7624;200;29;0;land;false;desert
7625;201;29;0;land;false;desert
7626;202;29;0;land;false;desert
7627;203;29;0;land;false;desert
7628;204;29;0;land;false;desert
7629;205;29;0;land;false;desert
7630;206;29;0;land;false;desert
7631;207;29;0;land;false;desert
7632;208;29;0;land;false;desert
7633;209;29;0;land;false;desert
7634;210;29;0;land;false;desert
7635;211;29;0;land;false;mountain
7636;212;29;0;land;false;desert
7637;213;29;0;land;false;desert
7638;214;29;0;land;false;desert
7639;215;29;0;land;false;desert
7640;216;29;0;land;false;hills
7641;217;29;0;land;false;hills
7642;218;29;0;land;false;desert
7643;219;29;0;land;false;desert
7644;220;29;0;land;false;desert
7645;221;29;0;land;false;desert
7646;222;29;0;land;false;desert
7647;223;29;0;land;false;desert
7648;224;29;0;land;false;desert
7649;225;29;0;land;false;desert
7650;226;29;0;land;false;desert
7651;227;29;0;land;false;desert
7652;228;29;0;land;false;desert
7653;229;29;0;land;false;desert
7654;230;29;0;land;false;desert
7655;231;29;0;land;false;desert
7656;232;29;0;land;false;desert
7657;233;29;0;land;false;desert
7658;234;29;0;land;false;desert
7659;235;29;0;land;false;desert
7660;236;29;0;land;false;desert
7661;237;29;0;land;false;desert
7662;238;29;0;land;false;desert
7663;239;29;0;land;false;desert
7664;240;29;0;land;false;desert
7665;241;29;0;land;false;desert
7666;242;29;0;land;false;desert
7667;243;29;0;land;false;desert
7668;244;29;0;land;false;desert
7669;245;29;0;land;false;desert
7670;246;29;0;land;false;desert
7671;247;29;0;land;false;desert
7672;248;29;0;land;false;desert
7673;249;29;0;land;false;desert
7674;250;29;0;land;false;desert
7675;251;29;0;land;false;desert
7676;252;29;0;land;false;desert
7677;253;29;0;land;false;desert
7678;254;29;0;land;false;desert
7679;255;29;0;land;false;desert
7680;0;30;0;land;false;desert
7681;1;30;0;land;false;desert
7682;2;30;0;land;false;desert
7683;3;30;0;land;false;desert
7684;4;30;0;land;false;desert
7685;5;30;0;land;false;desert
7686;6;30;0;land;false;desert
7687;7;30;0;land;false;desert
7688;8;30;0;land;false;desert
7689;9;30;0;land;false;desert
7690;10;30;0;land;false;desert
7691;11;30;0;land;false;desert
7692;12;30;0;land;false;desert
7693;13;30;0;land;false;desert
7694;14;30;0;land;false;plains
7695;15;30;0;land;false;plains
7696;16;30;0;land;false;hills
7697;17;30;0;land;false;plains
7698;18;30;0;land;false;hills
7699;19;30;0;land;false;plains
7700;20;30;0;land;false;plains
7701;21;30;0;land;false;plains
7702;22;30;0;land;false;plains
7703;23;30;0;land;false;plains
7704;24;30;0;land;false;plains
7705;25;30;0;land;false;plains
7706;26;30;0;land;false;plains
7707;27;30;0;land;false;plains
7708;28;30;0;land;false;plains
7709;29;30;0;land;false;plains
7710;30;30;0;land;false;plains
7711;31;30;0;land;false;plains
7712;32;30;0;land;false;plains
7713;33;30;0;land;false;plains
7714;34;30;0;land;false;plains
7715;35;30;0;land;false;plains
7716;36;30;0;land;false;plains
7717;37;30;0;land;false;plains
7718;38;30;0;land;false;plains
7719;39;30;0;land;false;plains
7720;40;30;0;land;false;plains
7721;41;30;0;land;false;plains
7722;42;30;0;land;false;plains
7723;43;30;0;land;false;plains
7724;44;30;0;land;true;plains
7725;45;30;0;land;false;plains
7726;46;30;0;land;true;plains
7727;47;30;0;land;true;plains
7728;48;30;0;land;true;plains
7729;49;30;0;land;true;plains
7730;50;30;0;land;true;plains
7731;51;30;0;land;true;plains
7732;52;30;0;land;false;hills
7733;53;30;0;land;true;hills
7734;54;30;0;land;true;plains
7735;55;30;0;land;true;hills
7736;56;30;0;land;true;hills
7737;57;30;0;land;false;plains
7738;58;30;0;land;true;hills
7739;59;30;0;land;true;mountain
7740;60;30;0;land;true;plains
7741;61;30;0;land;false;hills
7742;62;30;0;land;true;hills
7743;63;30;0;land;true;plains
7744;64;30;0;land;true;plains
7745;65;30;0;land;true;hills
7746;66;30;0;land;true;hills
7747;67;30;0;land;false;hills
7748;68;30;0;land;false;hills
7749;69;30;0;land;true;hills
7750;70;30;0;land;true;hills
7751;71;30;0;land;false;forest
7752;72;30;0;land;true;plains
7753;73;30;0;land;false;plains
7754;74;30;0;land;true;plains
7755;75;30;0;land;true;plains
7756;76;30;0;land;true;plains
7757;77;30;0;land;true;hills
7758;78;30;0;land;true;mountain
7759;79;30;0;land;true;mountain
7760;80;30;0;land;true;hills
7761;81;30;0;land;false;hills
7762;82;30;0;land;false;forest
7763;83;30;0;land;false;hills
7764;84;30;0;land;false;hills
7765;85;30;0;land;true;plains
7766;86;30;0;land;false;hills
7767;87;30;0;land;false;hills
7768;88;30;0;land;false;hills
7769;89;30;0;land;false;hills
7770;90;30;0;land;true;plains
7771;91;30;0;land;true;plains
7772;92;30;0;land;false;plains
7773;93;30;0;land;true;hills
7774;94;30;0;land;false;forest
7775;95;30;0;land;false;forest
7776;96;30;0;land;true;plains
7777;97;30;0;land;false;forest
7778;98;30;0;land;true;hills
7779;99;30;0;land;false;plains
7780;100;30;0;land;true;hills
7781;101;30;0;land;true;plains
7782;102;30;0;land;false;plains
7783;103;30;0;land;false;plains
7784;104;30;0;land;false;plains
7785;105;30;0;land;false;plains
7786;106;30;0;land;false;plains
7787;107;30;0;land;false;plains
7788;108;30;0;land;false;plains
7789;109;30;0;land;false;plains
7790;110;30;0;land;false;plains
7791;111;30;0;land;false;plains
7792;112;30;0;land;false;plains
7793;113;30;0;land;false;plains
7794;114;30;0;land;false;plains
7795;115;30;0;land;false;plains
7796;116;30;0;land;false;plains
7797;117;30;0;land;false;plains
7798;118;30;0;land;false;plains
7799;119;30;0;land;false;plains
7800;120;30;0;land;false;plains
7801;121;30;0;land;false;plains
7802;122;30;0;land;false;plains
7803;123;30;0;land;false;plains
7804;124;30;0;land;true;plains
7805;125;30;0;land;false;plains
7806;126;30;0;land;true;plains
7807;127;30;0;land;false;plains
7808;128;30;0;land;false;plains
7809;129;30;0;land;true;plains
7810;130;30;0;land;true;plains
7811;131;30;0;land;true;plains
7812;132;30;0;land;true;plains
7813;133;30;0;land;false;plains
7814;134;30;0;land;false;plains
7815;135;30;0;land;true;plains
7816;136;30;0;land;false;forest
7817;137;30;0;land;false;plains
7818;138;30;0;land;false;forest
7819;139;30;0;land;true;plains
7820;140;30;0;land;true;plains
7821;141;30;0;land;false;forest
7822;142;30;0;land;false;forest
7823;143;30;0;land;false;plains
7824;144;30;0;land;false;plains
7825;145;30;0;land;false;hills
7826;146;30;0;land;false;plains
7827;147;30;0;land;false;plains
7828;148;30;0;land;false;plains
7829;149;30;0;land;false;forest
7830;150;30;0;land;false;plains
7831;151;30;0;land;false;hills
7832;152;30;0;land;true;plains
7833;153;30;0;land;true;hills
7834;154;30;0;land;false;hills
7835;155;30;0;land;true;forest
7836;156;30;0;land;false;plains
7837;157;30;0;land;false;hills
7838;158;30;0;land;true;desert
7839;159;30;0;land;true;desert
7840;160;30;0;land;false;desert
7841;161;30;0;land;true;desert
7842;162;30;0;land;true;desert
7843;163;30;0;land;false;desert
7844;164;30;0;land;false;desert
7845;165;30;0;land;false;desert
7846;166;30;0;land;false;desert
7847;167;30;0;land;false;desert
7848;168;30;0;land;false;desert
7849;169;30;0;land;false;desert
7850;170;30;0;land;false;desert
7851;171;30;0;land;true;desert
7852;172;30;0;land;false;desert
7853;173;30;0;land;false;desert
7854;174;30;0;land;true;desert
7855;175;30;0;land;true;desert
7856;176;30;0;land;false;desert
7857;177;30;0;land;true;desert
7858;178;30;0;land;false;desert
7859;179;30;0;land;false;desert
7860;180;30;0;land;true;plains
7861;181;30;0;land;false;desert
7862;182;30;0;land;false;desert
7863;183;30;0;land;false;desert
7864;184;30;0;land;false;desert
7865;185;30;0;land;true;plains
7866;186;30;0;land;false;desert
7867;187;30;0;land;true;plains
7868;188;30;0;land;true;plains
7869;189;30;0;land;false;desert
7870;190;30;0;land;true;plains
7871;191;30;0;land;false;desert
7872;192;30;0;land;false;desert
7873;193;30;0;land;true;plains
7874;194;30;0;land;false;desert
7875;195;30;0;land;true;plains
7876;196;30;0;land;true;plains
7877;197;30;0;land;false;desert
7878;198;30;0;land;false;desert
7879;199;30;0;land;false;desert
7880;200;30;0;land;false;desert
7881;201;30;0;land;false;desert
7882;202;30;0;land;false;desert
7883;203;30;0;land;false;desert
7884;204;30;0;land;false;plains
7885;205;30;0;land;false;desert
7886;206;30;0;land;false;desert
7887;207;30;0;land;false;desert
7888;208;30;0;land;false;desert
7889;209;30;0;land;false;desert
7890;210;30;0;land;false;desert
7891;211;30;0;land;false;plains
7892;212;30;0;land;true;plains
7893;213;30;0;land;true;plains
7894;214;30;0;land;true;plains
7895;215;30;0;land;true;plains
7896;216;30;0;land;false;plains
7897;217;30;0;land;false;plains
7898;218;30;0;land;false;plains
7899;219;30;0;land;true;plains
7900;220;30;0;land;true;plains
7901;221;30;0;land;true;plains
7902;222;30;0;land;true;plains
7903;223;30;0;land;true;plains
7904;224;30;0;land;false;plains
7905;225;30;0;land;false;desert
7906;226;30;0;land;true;plains
7907;227;30;0;land;true;plains
7908;228;30;0;land;true;plains
7909;229;30;0;land;false;desert
7910;230;30;0;land;true;plains
7911;231;30;0;land;false;hills
7912;232;30;0;land;false;plains
7913;233;30;0;land;false;plains
7914;234;30;0;land;false;desert
7915;235;30;0;land;false;desert
7916;236;30;0;land;true;plains
7917;237;30;0;land;true;plains
7918;238;30;0;land;false;desert
7919;239;30;0;land;true;plains
7920;240;30;0;land;false;desert
7921;241;30;0;land;false;desert
7922;242;30;0;land;false;desert
7923;243;30;0;land;false;desert
7924;244;30;0;land;false;desert
7925;245;30;0;land;false;desert
7926;246;30;0;land;false;desert
7927;247;30;0;land;false;desert
7928;248;30;0;land;false;plains
7929;249;30;0;land;true;plains
7930;250;30;0;land;false;plains
7931;251;30;0;land;false;plains
7932;252;30;0;land;true;plains
7933;253;30;0;land;false;plains
7934;254;30;0;land;false;plains
7935;255;30;0;land;false;hills
7936;0;31;0;land;true;plains
7937;1;31;0;land;false;hills
7938;2;31;0;land;false;plains
7939;3;31;0;land;true;plains
7940;4;31;0;land;false;plains
7941;5;31;0;land;true;plains
7942;6;31;0;land;true;plains
7943;7;31;0;land;false;desert
7944;8;31;0;land;true;plains
7945;9;31;0;land;false;desert
7946;10;31;0;land;false;plains
7947;11;31;0;land;false;plains
7948;12;31;0;land;false;plains
7949;13;31;0;land;true;plains
7950;14;31;0;land;false;plains
7951;15;31;0;land;true;hills
7952;16;31;0;land;false;desert
7953;17;31;0;land;false;plains
7954;18;31;0;land;false;plains
7955;19;31;0;land;false;plains
7956;20;31;0;land;true;plains
7957;21;31;0;land;false;plains
7958;22;31;0;land;true;hills
7959;23;31;0;land;true;hills
7960;24;31;0;land;false;hills
7961;25;31;0;land;false;desert
7962;26;31;0;land;false;desert
7963;27;31;0;land;false;desert
7964;28;31;0;land;false;desert
7965;29;31;0;land;false;plains
7966;30;31;0;land;false;desert
7967;31;31;0;land;false;desert
7968;32;31;0;land;false;plains
7969;33;31;0;land;true;hills
7970;34;31;0;land;true;hills
7971;35;31;0;land;false;hills
7972;36;31;0;land;false;plains
7973;37;31;0;land;false;plains
7974;38;31;0;land;true;hills
7975;39;31;0;land;false;plains
7976;40;31;0;land;false;plains
7977;41;31;0;land;false;desert
7978;42;31;0;land;false;desert
7979;43;31;0;land;true;hills
7980;44;31;0;land;true;hills
7981;45;31;0;land;false;hills
7982;46;31;0;land;true;hills
7983;47;31;0;land;false;plains
7984;48;31;0;land;false;hills
7985;49;31;0;land;true;hills
7986;50;31;0;land;false;plains
7987;51;31;0;land;false;plains
7988;52;31;0;land;false;plains
7989;53;31;0;land;false;desert
7990;54;31;0;land;false;desert
7991;55;31;0;land;true;hills
7992;56;31;0;land;true;plains
7993;57;31;0;land;true;plains
7994;58;31;0;land;true;plains
7995;59;31;0;land;true;plains
7996;60;31;0;land;true;plains
7997;61;31;0;land;true;hills
7998;62;31;0;land;false;hills
7999;63;31;0;land;false;hills
8000;64;31;0;land;false;hills
8001;65;31;0;land;false;forest
8002;66;31;0;land;true;hills
8003;67;31;0;land;false;hills
8004;68;31;0;land;false;hills
8005;69;31;0;land;true;plains
8006;70;31;0;land;true;hills
8007;71;31;0;land;true;plains
8008;72;31;0;land;true;marsh
8009;73;31;0;land;true;plains
8010;74;31;0;land;true;forest
8011;75;31;0;land;true;forest
8012;76;31;0;land;true;marsh
8013;77;31;0;land;true;plains
8014;78;31;0;land;true;plains
8015;79;31;0;land;true;plains
8016;80;31;0;land;true;plains
8017;81;31;0;land;true;marsh
8018;82;31;0;land;true;plains
8019;83;31;0;land;false;forest
8020;84;31;0;land;false;forest
8021;85;31;0;land;false;forest
8022;86;31;0;land;false;forest
8023;87;31;0;land;false;forest
8024;88;31;0;land;false;forest
8025;89;31;0;land;false;forest
8026;90;31;0;land;false;hills
8027;91;31;0;land;true;hills
8028;92;31;0;land;true;plains
8029;93;31;0;land;true;hills
8030;94;31;0;land;true;hills
8031;95;31;0;land;true;plains
8032;96;31;0;land;true;plains
8033;97;31;0;land;true;hills
8034;98;31;0;land;true;plains
8035;99;31;0;land;true;plains
8036;100;31;0;land;true;plains
8037;101;31;0;land;true;plains
8038;102;31;0;land;true;plains
8039;103;31;0;land;true;mountain
8040;104;31;0;land;true;mountain
8041;105;31;0;land;true;plains
8042;106;31;0;land;true;plains
8043;107;31;0;land;false;plains
8044;108;31;0;land;true;plains
8045;109;31;0;land;true;plains
8046;110;31;0;land;true;plains
8047;111;31;0;land;true;plains
8048;112;31;0;land;true;plains
8049;113;31;0;land;true;plains
8050;114;31;0;land;true;plains
8051;115;31;0;land;true;plains
8052;116;31;0;land;true;forest
8053;117;31;0;land;true;plains
8054;118;31;0;land;true;plains
8055;119;31;0;land;true;plains
8056;120;31;0;land;true;forest
8057;121;31;0;land;true;plains
8058;122;31;0;land;true;forest
8059;123;31;0;land;true;forest
8060;124;31;0;land;true;forest
8061;125;31;0;land;true;forest
8062;126;31;0;land;true;plains
8063;127;31;0;land;true;forest
8064;128;31;0;land;false;forest
8065;129;31;0;land;false;forest
8066;130;31;0;land;true;forest
8067;131;31;0;land;true;plains
8068;132;31;0;land;false;plains
8069;133;31;0;land;true;plains
8070;134;31;0;land;false;plains
8071;135;31;0;land;true;plains
8072;136;31;0;land;false;hills
8073;137;31;0;land;false;plains
8074;138;31;0;land;true;hills
8075;139;31;0;land;false;plains
8076;140;31;0;land;false;plains
8077;141;31;0;land;false;plains
8078;142;31;0;land;false;plains
8079;143;31;0;land;false;plains
8080;144;31;0;land;false;plains
8081;145;31;0;land;false;plains
8082;146;31;0;land;false;plains
8083;147;31;0;land;false;plains
8084;148;31;0;land;false;plains
8085;149;31;0;land;false;plains
8086;150;31;0;land;false;plains
8087;151;31;0;land;false;plains
8088;152;31;0;land;false;plains
8089;153;31;0;land;false;plains
8090;154;31;0;land;false;plains
8091;155;31;0;land;true;plains
8092;156;31;0;land;true;plains
8093;157;31;0;land;false;plains
8094;158;31;0;land;false;plains
8095;159;31;0;land;true;plains
8096;160;31;0;land;false;plains
8097;161;31;0;land;true;plains
8098;162;31;0;land;false;hills
8099;163;31;0;land;false;hills
8100;164;31;0;land;true;plains
8101;165;31;0;land;false;hills
8102;166;31;0;land;false;plains
8103;167;31;0;land;false;hills
8104;168;31;0;land;false;plains
8105;169;31;0;land;false;hills
8106;170;31;0;land;false;plains
8107;171;31;0;land;true;plains
8108;172;31;0;land;false;plains
8109;173;31;0;land;false;hills
8110;174;31;0;land;false;plains
8111;175;31;0;land;false;hills
8112;176;31;0;land;false;plains
8113;177;31;0;land;false;plains
8114;178;31;0;land;false;plains
8115;179;31;0;land;true;hills
8116;180;31;0;land;false;hills
8117;181;31;0;land;true;hills
8118;182;31;0;land;false;hills
8119;183;31;0;land;true;hills
8120;184;31;0;land;false;plains
8121;185;31;0;land;false;plains
8122;186;31;0;land;false;plains
8123;187;31;0;land;false;plains
8124;188;31;0;land;false;plains
8125;189;31;0;land;false;forest
8126;190;31;0;land;false;plains
8127;191;31;0;land;false;plains
8128;192;31;0;land;false;plains
8129;193;31;0;land;false;plains
8130;194;31;0;land;false;plains
8131;195;31;0;land;false;plains
8132;196;31;0;land;false;plains
8133;197;31;0;land;false;plains
8134;198;31;0;land;false;plains
8135;199;31;0;land;false;plains
8136;200;31;0;land;true;hills
8137;201;31;0;land;false;plains
8138;202;31;0;land;false;plains
8139;203;31;0;land;false;plains
8140;204;31;0;land;false;plains
8141;205;31;0;land;false;plains
8142;206;31;0;land;true;hills
8143;207;31;0;land;true;hills
8144;208;31;0;land;true;hills
8145;209;31;0;land;false;plains
8146;210;31;0;land;false;plains
8147;211;31;0;land;false;plains
8148;212;31;0;land;false;plains
8149;213;31;0;land;false;plains
8150;214;31;0;land;true;hills
8151;215;31;0;land;false;plains
8152;216;31;0;land;false;plains
8153;217;31;0;land;true;hills
8154;218;31;0;land;false;plains
8155;219;31;0;land;false;plains
8156;220;31;0;land;false;hills
8157;221;31;0;land;false;hills
8158;222;31;0;land;true;hills
8159;223;31;0;land;true;hills
8160;224;31;0;land;false;hills
8161;225;31;0;land;false;plains
8162;226;31;0;land;false;plains
8163;227;31;0;land;false;plains
8164;228;31;0;land;false;plains
8165;229;31;0;land;false;plains
8166;230;31;0;land;false;forest
8167;231;31;0;land;true;plains
8168;232;31;0;land;false;hills
8169;233;31;0;land;false;forest
8170;234;31;0;land;false;hills
8171;235;31;0;land;false;hills
8172;236;31;0;land;false;hills
8173;237;31;0;land;true;plains
8174;238;31;0;land;false;forest
8175;239;31;0;land;false;forest
8176;240;31;0;land;false;plains
8177;241;31;0;land;false;plains
8178;242;31;0;land;false;forest
8179;243;31;0;land;false;forest
8180;244;31;0;land;true;plains
8181;245;31;0;land;true;plains
8182;246;31;0;land;true;plains
8183;247;31;0;land;false;plains
8184;248;31;0;land;true;plains
8185;249;31;0;land;false;plains
8186;250;31;0;land;false;hills
8187;251;31;0;land;false;hills
8188;252;31;0;land;false;hills
8189;253;31;0;land;false;hills
8190;254;31;0;land;false;hills
8191;255;31;0;land;true;plains
8192;0;32;0;land;true;hills
8193;1;32;0;land;true;plains
8194;2;32;0;land;false;forest
8195;3;32;0;land;false;hills
8196;4;32;0;land;false;forest
8197;5;32;0;land;false;forest
8198;6;32;0;land;false;hills
8199;7;32;0;land;false;forest
8200;8;32;0;land;false;hills
8201;9;32;0;land;false;forest
8202;10;32;0;land;false;forest
8203;11;32;0;land;false;forest
8204;12;32;0;land;false;forest
8205;13;32;0;land;false;forest
8206;14;32;0;land;false;hills
8207;15;32;0;land;false;forest
8208;16;32;0;land;false;hills
8209;17;32;0;land;false;forest
8210;18;32;0;land;false;forest
8211;19;32;0;land;true;hills
8212;20;32;0;land;false;hills
8213;21;32;0;land;false;hills
8214;22;32;0;land;false;hills
8215;23;32;0;land;false;hills
8216;24;32;0;land;false;hills
8217;25;32;0;land;false;forest
8218;26;32;0;land;false;plains
8219;27;32;0;land;false;forest
8220;28;32;0;land;false;plains
8221;29;32;0;land;false;plains
8222;30;32;0;land;false;plains
8223;31;32;0;land;false;plains
8224;32;32;0;land;false;forest
8225;33;32;0;land;false;plains
8226;34;32;0;land;false;forest
8227;35;32;0;land;true;forest
8228;36;32;0;land;true;forest
8229;37;32;0;land;false;forest
8230;38;32;0;land;false;forest
8231;39;32;0;land;false;forest
8232;40;32;0;land;false;forest
8233;41;32;0;land;false;forest
8234;42;32;0;land;true;forest
8235;43;32;0;land;false;forest
8236;44;32;0;land;false;forest
8237;45;32;0;land;true;forest
8238;46;32;0;land;false;forest
8239;47;32;0;land;false;forest
8240;48;32;0;land;false;forest
8241;49;32;0;land;false;forest
8242;50;32;0;land;true;forest
8243;51;32;0;land;true;hills
8244;52;32;0;land;false;forest
8245;53;32;0;land;false;forest
8246;54;32;0;land;false;forest
8247;55;32;0;land;false;forest
8248;56;32;0;land;false;forest
8249;57;32;0;land;false;forest
8250;58;32;0;land;false;forest
8251;59;32;0;land;false;forest
8252;60;32;0;land;false;forest
8253;61;32;0;land;true;hills
8254;62;32;0;land;true;hills
8255;63;32;0;land;true;forest
8256;64;32;0;land;false;forest
8257;65;32;0;land;false;forest
8258;66;32;0;land;false;forest
8259;67;32;0;land;false;forest
8260;68;32;0;land;true;plains
8261;69;32;0;land;true;plains
8262;70;32;0;land;false;hills
8263;71;32;0;land;false;hills
8264;72;32;0;land;false;forest
8265;73;32;0;land;false;plains
8266;74;32;0;land;false;plains
8267;75;32;0;land;false;plains
8268;76;32;0;land;false;hills
8269;77;32;0;land;false;plains
8270;78;32;0;land;true;hills
8271;79;32;0;land;true;plains
8272;80;32;0;land;true;plains
8273;81;32;0;land;false;hills
8274;82;32;0;land;false;forest
8275;83;32;0;land;false;forest
8276;84;32;0;land;false;forest
8277;85;32;0;land;false;forest
8278;86;32;0;land;false;forest
8279;87;32;0;land;false;forest
8280;88;32;0;land;false;forest
8281;89;32;0;land;false;forest
8282;90;32;0;land;false;hills
8283;91;32;0;land;false;forest
8284;92;32;0;land;false;forest
8285;93;32;0;land;false;forest
8286;94;32;0;land;false;forest
8287;95;32;0;land;false;forest
8288;96;32;0;land;false;forest
8289;97;32;0;land;true;hills
8290;98;32;0;land;true;hills
8291;99;32;0;land;false;plains
8292;100;32;0;land;true;hills
8293;101;32;0;land;true;hills
8294;102;32;0;land;false;hills
8295;103;32;0;land;true;hills
8296;104;32;0;land;true;hills
8297;105;32;0;land;true;hills
8298;106;32;0;land;true;hills
8299;107;32;0;land;true;hills
8300;108;32;0;land;true;hills
8301;109;32;0;land;false;hills
8302;110;32;0;land;true;hills
8303;111;32;0;land;true;plains
8304;112;32;0;land;true;plains
8305;113;32;0;land;true;hills
8306;114;32;0;land;false;plains
8307;115;32;0;land;false;plains
8308;116;32;0;land;false;plains
8309;117;32;0;land;false;plains
8310;118;32;0;land;false;plains
8311;119;32;0;land;false;plains
8312;120;32;0;land;false;plains
8313;121;32;0;land;false;plains
8314;122;32;0;land;false;plains
8315;123;32;0;land;false;plains
8316;124;32;0;land;false;plains
8317;125;32;0;land;false;plains
8318;126;32;0;land;false;plains
8319;127;32;0;land;false;plains
8320;128;32;0;land;false;plains
8321;129;32;0;land;false;plains
8322;130;32;0;land;false;plains
8323;131;32;0;land;false;plains
8324;132;32;0;land;false;plains
8325;133;32;0;land;false;plains
8326;134;32;0;land;false;plains
8327;135;32;0;land;false;plains
8328;136;32;0;land;false;plains
8329;137;32;0;land;false;plains
8330;138;32;0;land;false;plains
8331;139;32;0;land;false;plains
8332;140;32;0;land;false;plains
8333;141;32;0;land;false;plains
8334;142;32;0;land;false;plains
8335;143;32;0;land;false;plains
8336;144;32;0;land;false;plains
8337;145;32;0;land;false;plains
8338;146;32;0;land;false;desert
8339;147;32;0;land;false;desert
8340;148;32;0;land;false;plains
8341;149;32;0;land;false;plains
8342;150;32;0;land;false;plains
8343;151;32;0;land;false;plains
8344;152;32;0;land;false;plains
8345;153;32;0;land;false;plains
8346;154;32;0;land;false;plains
8347;155;32;0;land;false;plains
8348;156;32;0;land;false;plains
8349;157;32;0;land;false;plains
8350;158;32;0;land;false;forest
8351;159;32;0;land;false;plains
8352;160;32;0;land;false;plains
8353;161;32;0;land;false;plains
8354;162;32;0;land;false;plains
8355;163;32;0;land;false;plains
8356;164;32;0;land;false;plains
8357;165;32;0;land;false;plains
8358;166;32;0;land;false;plains
8359;167;32;0;land;false;plains
8360;168;32;0;land;false;plains
8361;169;32;0;land;false;plains
8362;170;32;0;land;false;plains
8363;171;32;0;land;false;plains
8364;172;32;0;land;false;plains
8365;173;32;0;land;false;plains
8366;174;32;0;land;false;plains
8367;175;32;0;land;false;plains
8368;176;32;0;land;false;plains
8369;177;32;0;land;false;plains
8370;178;32;0;land;false;plains
8371;179;32;0;land;false;plains
8372;180;32;0;land;false;plains
8373;181;32;0;land;false;plains
8374;182;32;0;land;false;plains
8375;183;32;0;land;false;plains
8376;184;32;0;land;false;plains
8377;185;32;0;land;false;plains
8378;186;32;0;land;false;plains
8379;187;32;0;land;false;plains
8380;188;32;0;land;false;plains
8381;189;32;0;land;false;plains
8382;190;32;0;land;false;desert
8383;191;32;0;land;false;desert
8384;192;32;0;land;false;desert
8385;193;32;0;land;false;desert
8386;194;32;0;land;false;desert
8387;195;32;0;land;false;desert
8388;196;32;0;land;false;desert
8389;197;32;0;land;false;desert
8390;198;32;0;land;false;desert
8391;199;32;0;land;false;desert
8392;200;32;0;land;false;desert
8393;201;32;0;land;false;desert
8394;202;32;0;land;false;desert
8395;203;32;0;land;false;desert
8396;204;32;0;land;false;desert
8397;205;32;0;land;false;plains
8398;206;32;0;land;false;plains
8399;207;32;0;land;false;hills
8400;208;32;0;land;false;hills
8401;209;32;0;land;false;plains
8402;210;32;0;land;false;plains
8403;211;32;0;land;false;hills
8404;212;32;0;land;false;plains
8405;213;32;0;land;false;hills
8406;214;32;0;land;false;hills
8407;215;32;0;land;false;hills
8408;216;32;0;land;false;hills
8409;217;32;0;land;false;plains
8410;218;32;0;land;false;plains
8411;219;32;0;land;false;plains
8412;220;32;0;land;false;hills
8413;221;32;0;land;false;mountain
8414;222;32;0;land;false;mountain
8415;223;32;0;land;false;hills
8416;224;32;0;land;false;mountain
8417;225;32;0;land;false;mountain
8418;226;32;0;land;false;mountain
8419;227;32;0;land;false;mountain
8420;228;32;0;land;false;mountain
8421;229;32;0;land;false;mountain
8422;230;32;0;land;false;mountain
8423;231;32;0;land;false;hills
8424;232;32;0;land;false;hills
8425;233;32;0;land;false;mountain
8426;234;32;0;land;false;mountain
8427;235;32;0;land;false;mountain
8428;236;32;0;land;false;mountain
8429;237;32;0;land;false;mountain
8430;238;32;0;land;false;hills
8431;239;32;0;land;false;hills
8432;240;32;0;land;false;hills
8433;241;32;0;land;false;plains
8434;242;32;0;land;false;hills
8435;243;32;0;land;false;plains
8436;244;32;0;land;false;hills
8437;245;32;0;land;false;plains
8438;246;32;0;land;false;forest
8439;247;32;0;land;false;plains
8440;248;32;0;land;false;plains
8441;249;32;0;land;false;plains
8442;250;32;0;land;false;plains
8443;251;32;0;land;false;forest
8444;252;32;0;land;false;plains
8445;253;32;0;land;false;plains
8446;254;32;0;land;false;plains
8447;255;32;0;land;false;plains
8448;0;33;0;land;false;plains
8449;1;33;0;land;false;hills
8450;2;33;0;land;false;plains
8451;3;33;0;land;false;hills
8452;4;33;0;land;false;mountain
8453;5;33;0;land;false;desert
8454;6;33;0;land;false;mountain
8455;7;33;0;land;false;mountain
8456;8;33;0;land;false;mountain
8457;9;33;0;land;false;hills
8458;10;33;0;land;false;plains
8459;11;33;0;land;false;plains
8460;12;33;0;land;false;mountain
8461;13;33;0;land;false;mountain
8462;14;33;0;land;false;mountain
8463;15;33;0;land;false;mountain
8464;16;33;0;land;false;mountain
8465;17;33;0;land;false;mountain
8466;18;33;0;land;false;mountain
8467;19;33;0;land;false;mountain
8468;20;33;0;land;false;mountain
8469;21;33;0;land;false;hills
8470;22;33;0;land;false;mountain
8471;23;33;0;land;false;hills
8472;24;33;0;land;false;plains
8473;25;33;0;land;false;plains
8474;26;33;0;land;false;hills
8475;27;33;0;land;false;plains
8476;28;33;0;land;false;mountain
8477;29;33;0;land;false;hills
8478;30;33;0;land;false;mountain
8479;31;33;0;land;false;plains
8480;32;33;0;land;false;hills
8481;33;33;0;land;false;plains
8482;34;33;0;land;false;forest
8483;35;33;0;land;false;hills
8484;36;33;0;land;false;plains
8485;37;33;0;land;false;plains
8486;38;33;0;land;false;forest
8487;39;33;0;land;false;hills
8488;40;33;0;land;false;hills
8489;41;33;0;land;false;hills
8490;42;33;0;land;false;hills
8491;43;33;0;land;false;hills
8492;44;33;0;land;false;forest
8493;45;33;0;land;false;plains
8494;46;33;0;land;false;plains
8495;47;33;0;land;false;plains
8496;48;33;0;land;false;plains
8497;49;33;0;land;false;plains
8498;50;33;0;land;false;hills
8499;51;33;0;land;false;hills
8500;52;33;0;land;false;plains
8501;53;33;0;land;false;hills
8502;54;33;0;land;false;hills
8503;55;33;0;land;false;hills
8504;56;33;0;land;false;plains
8505;57;33;0;land;false;plains
8506;58;33;0;land;false;plains
8507;59;33;0;land;false;plains
8508;60;33;0;land;false;plains
8509;61;33;0;land;false;plains
8510;62;33;0;land;false;hills
8511;63;33;0;land;false;hills
8512;64;33;0;land;false;plains
8513;65;33;0;land;false;plains
8514;66;33;0;land;false;hills
8515;67;33;0;land;false;hills
8516;68;33;0;land;false;hills
8517;69;33;0;land;false;plains
8518;70;33;0;land;false;plains
8519;71;33;0;land;false;plains
8520;72;33;0;land;false;plains
8521;73;33;0;land;false;plains
8522;74;33;0;land;false;plains
8523;75;33;0;land;false;plains
8524;76;33;0;land;false;hills
8525;77;33;0;land;false;plains
8526;78;33;0;land;false;plains
8527;79;33;0;land;false;plains
8528;80;33;0;land;false;plains
8529;81;33;0;land;false;plains
8530;82;33;0;land;false;plains
8531;83;33;0;land;false;hills
8532;84;33;0;land;false;plains
8533;85;33;0;land;false;forest
8534;86;33;0;land;false;hills
8535;87;33;0;land;false;plains
8536;88;33;0;land;false;plains
8537;89;33;0;land;false;plains
8538;90;33;0;land;false;plains
8539;91;33;0;land;false;forest
8540;92;33;0;land;false;plains
8541;93;33;0;land;false;plains
8542;94;33;0;land;false;plains
8543;95;33;0;land;false;plains
8544;96;33;0;land;false;plains
8545;97;33;0;land;false;plains
8546;98;33;0;land;false;plains
8547;99;33;0;land;false;plains
8548;100;33;0;land;false;plains
8549;101;33;0;land;false;plains
8550;102;33;0;land;false;plains
8551;103;33;0;land;false;plains
8552;104;33;0;land;false;plains
8553;105;33;0;land;false;desert
8554;106;33;0;land;false;plains
8555;107;33;0;land;false;plains
8556;108;33;0;land;false;plains
8557;109;33;0;land;false;hills
8558;110;33;0;land;false;plains
8559;111;33;0;land;false;plains
8560;112;33;0;land;false;plains
8561;113;33;0;land;false;hills
8562;114;33;0;land;false;plains
8563;115;33;0;land;false;plains
8564;116;33;0;land;false;plains
8565;117;33;0;land;false;hills
8566;118;33;0;land;false;forest
8567;119;33;0;land;false;plains
8568;120;33;0;land;false;plains
8569;121;33;0;land;false;plains
8570;122;33;0;land;false;plains
8571;123;33;0;land;false;plains
8572;124;33;0;land;false;plains
8573;125;33;0;land;false;plains
8574;126;33;0;land;false;plains
8575;127;33;0;land;false;plains
8576;128;33;0;land;false;plains
8577;129;33;0;land;false;forest
8578;130;33;0;land;false;forest
8579;131;33;0;land;false;plains
8580;132;33;0;land;false;plains
8581;133;33;0;land;false;plains
8582;134;33;0;land;false;plains
8583;135;33;0;land;false;plains
8584;136;33;0;land;false;plains
8585;137;33;0;land;false;plains
8586;138;33;0;land;false;plains
8587;139;33;0;land;false;plains
8588;140;33;0;land;false;plains
8589;141;33;0;land;false;plains
8590;142;33;0;land;false;plains
8591;143;33;0;land;false;plains
8592;144;33;0;land;false;plains
8593;145;33;0;land;false;plains
8594;146;33;0;land;false;plains
8595;147;33;0;land;false;forest
8596;148;33;0;land;false;forest
8597;149;33;0;land;false;forest
8598;150;33;0;land;false;hills
8599;151;33;0;land;false;forest
8600;152;33;0;land;false;forest
8601;153;33;0;land;false;forest
8602;154;33;0;land;false;forest
8603;155;33;0;land;false;forest
8604;156;33;0;land;false;forest
8605;157;33;0;land;false;forest
8606;158;33;0;land;false;forest
8607;159;33;0;land;false;forest
8608;160;33;0;land;false;forest
8609;161;33;0;land;false;forest
8610;162;33;0;land;false;forest
8611;163;33;0;land;false;forest
8612;164;33;0;land;false;forest
8613;165;33;0;land;false;forest
8614;166;33;0;land;false;forest
8615;167;33;0;land;false;forest
8616;168;33;0;land;false;hills
8617;169;33;0;land;false;forest
8618;170;33;0;land;false;forest
8619;171;33;0;land;false;forest
8620;172;33;0;land;false;forest
8621;173;33;0;land;false;forest
8622;174;33;0;land;false;forest
8623;175;33;0;land;false;forest
8624;176;33;0;land;false;forest
8625;177;33;0;land;false;forest
8626;178;33;0;land;false;forest
8627;179;33;0;land;false;forest
8628;180;33;0;land;false;forest
8629;181;33;0;land;false;forest
8630;182;33;0;land;false;forest
8631;183;33;0;land;false;forest
8632;184;33;0;land;false;forest
8633;185;33;0;land;false;forest
8634;186;33;0;land;false;forest
8635;187;33;0;land;false;forest
8636;188;33;0;land;false;forest
8637;189;33;0;land;false;forest
8638;190;33;0;land;false;hills
8639;191;33;0;land;false;hills
8640;192;33;0;land;false;hills
8641;193;33;0;land;false;forest
8642;194;33;0;land;false;forest
8643;195;33;0;land;false;forest
8644;196;33;0;land;false;forest
8645;197;33;0;land;false;forest
8646;198;33;0;land;false;forest
8647;199;33;0;land;false;forest
8648;200;33;0;land;false;forest
8649;201;33;0;land;false;forest
8650;202;33;0;land;false;forest
8651;203;33;0;land;false;forest
8652;204;33;0;land;false;forest
8653;205;33;0;land;false;hills
8654;206;33;0;land;false;forest
8655;207;33;0;land;false;forest
8656;208;33;0;land;false;hills
8657;209;33;0;land;false;forest
8658;210;33;0;land;false;forest
8659;211;33;0;land;false;hills
8660;212;33;0;land;false;hills
8661;213;33;0;land;false;forest
8662;214;33;0;land;false;forest
8663;215;33;0;land;false;forest
8664;216;33;0;land;false;forest
8665;217;33;0;land;false;forest
8666;218;33;0;land;false;forest
8667;219;33;0;land;false;forest
8668;220;33;0;land;false;forest
8669;221;33;0;land;false;forest
8670;222;33;0;land;false;forest
8671;223;33;0;land;false;plains
8672;224;33;0;land;false;forest
8673;225;33;0;land;false;forest
8674;226;33;0;land;false;forest
8675;227;33;0;land;false;forest
8676;228;33;0;land;false;forest
8677;229;33;0;land;false;forest
8678;230;33;0;land;false;forest
8679;231;33;0;land;false;forest
8680;232;33;0;land;false;forest
8681;233;33;0;land;false;forest
8682;234;33;0;land;false;forest
8683;235;33;0;land;false;forest
8684;236;33;0;land;false;forest
8685;237;33;0;land;false;forest
8686;238;33;0;land;false;forest
8687;239;33;0;land;false;forest
8688;240;33;0;land;false;forest
8689;241;33;0;land;false;forest
8690;242;33;0;land;false;forest
8691;243;33;0;land;false;forest
8692;244;33;0;land;false;forest
8693;245;33;0;land;false;forest
8694;246;33;0;land;false;forest
8695;247;33;0;land;false;forest
8696;248;33;0;land;false;forest
8697;249;33;0;land;false;forest
8698;250;33;0;land;false;forest
8699;251;33;0;land;false;forest
8700;252;33;0;land;false;forest
8701;253;33;0;land;false;forest
8702;254;33;0;land;false;forest
8703;255;33;0;land;false;forest
8704;0;34;0;land;false;forest
8705;1;34;0;land;false;forest
8706;2;34;0;land;false;plains
8707;3;34;0;land;false;forest
8708;4;34;0;land;false;forest
8709;5;34;0;land;false;forest
8710;6;34;0;land;false;plains
8711;7;34;0;land;false;forest
8712;8;34;0;land;false;forest
8713;9;34;0;land;false;forest
8714;10;34;0;land;false;forest
8715;11;34;0;land;false;forest
8716;12;34;0;land;false;forest
8717;13;34;0;land;false;forest
8718;14;34;0;land;false;forest
8719;15;34;0;land;false;forest
8720;16;34;0;land;false;forest
8721;17;34;0;land;false;forest
8722;18;34;0;land;false;forest
8723;19;34;0;land;false;forest
8724;20;34;0;land;false;forest
8725;21;34;0;land;false;forest
8726;22;34;0;land;false;forest
8727;23;34;0;land;false;forest
8728;24;34;0;land;false;forest
8729;25;34;0;land;false;forest
8730;26;34;0;land;false;forest
8731;27;34;0;land;false;forest
8732;28;34;0;land;false;plains
8733;29;34;0;land;false;plains
8734;30;34;0;land;false;forest
8735;31;34;0;land;false;forest
8736;32;34;0;land;false;forest
8737;33;34;0;land;false;forest
8738;34;34;0;land;false;plains
8739;35;34;0;land;false;plains
8740;36;34;0;land;false;forest
8741;37;34;0;land;false;plains
8742;38;34;0;land;false;forest
8743;39;34;0;land;false;forest
8744;40;34;0;land;false;forest
8745;41;34;0;land;false;plains
8746;42;34;0;land;false;forest
8747;43;34;0;land;false;forest
8748;44;34;0;land;false;forest
8749;45;34;0;land;false;forest
8750;46;34;0;land;false;forest
8751;47;34;0;land;false;forest
8752;48;34;0;land;false;forest
8753;49;34;0;land;false;forest
8754;50;34;0;land;false;forest
8755;51;34;0;land;false;forest
8756;52;34;0;land;false;forest
8757;53;34;0;land;false;forest
8758;54;34;0;land;false;forest
8759;55;34;0;land;false;forest
8760;56;34;0;land;false;forest
8761;57;34;0;land;false;forest
8762;58;34;0;land;false;forest
8763;59;34;0;land;false;forest
8764;60;34;0;land;false;hills
8765;61;34;0;land;false;hills
8766;62;34;0;land;false;forest
8767;63;34;0;land;false;forest
8768;64;34;0;land;false;forest
8769;65;34;0;land;false;forest
8770;66;34;0;land;false;forest
8771;67;34;0;land;false;forest
8772;68;34;0;land;false;forest
8773;69;34;0;land;false;forest
8774;70;34;0;land;false;forest
8775;71;34;0;land;false;forest
8776;72;34;0;land;false;forest
8777;73;34;0;land;false;forest
8778;74;34;0;land;false;hills
8779;75;34;0;land;false;forest
8780;76;34;0;land;false;forest
8781;77;34;0;land;false;hills
8782;78;34;0;land;false;forest
8783;79;34;0;land;false;forest
8784;80;34;0;land;false;forest
8785;81;34;0;land;false;forest
8786;82;34;0;land;false;plains
8787;83;34;0;land;false;plains
8788;84;34;0;land;false;plains
8789;85;34;0;land;false;plains
8790;86;34;0;land;false;plains
8791;87;34;0;land;false;plains
8792;88;34;0;land;false;plains
8793;89;34;0;land;false;plains
8794;90;34;0;land;false;hills
8795;91;34;0;land;false;forest
8796;92;34;0;land;false;forest
8797;93;34;0;land;false;forest
8798;94;34;0;land;false;plains
8799;95;34;0;land;false;forest
8800;96;34;0;land;false;forest
8801;97;34;0;land;false;plains
8802;98;34;0;land;false;forest
8803;99;34;0;land;false;plains
8804;100;34;0;land;false;plains
8805;101;34;0;land;false;plains
8806;102;34;0;land;false;plains
8807;103;34;0;land;false;plains
8808;104;34;0;land;false;plains
8809;105;34;0;land;false;plains
8810;106;34;0;land;false;plains
8811;107;34;0;land;false;plains
8812;108;34;0;land;false;plains
8813;109;34;0;sea;false;ocean
8814;110;34;0;sea;false;ocean
8815;111;34;0;sea;false;ocean
8816;112;34;0;sea;false;ocean
8817;113;34;0;sea;false;ocean
8818;114;34;0;sea;false;ocean
8819;115;34;0;sea;false;ocean
8820;116;34;0;sea;false;ocean
8821;117;34;0;sea;false;ocean
8822;118;34;0;sea;false;ocean
8823;119;34;0;sea;false;ocean
8824;120;34;0;sea;false;ocean
8825;121;34;0;sea;false;ocean
8826;122;34;0;sea;false;ocean
8827;123;34;0;sea;false;ocean
8828;124;34;0;sea;false;ocean
8829;125;34;0;sea;false;ocean
8830;126;34;0;sea;false;ocean
8831;127;34;0;sea;false;ocean
8832;128;34;0;sea;false;ocean
8833;129;34;0;sea;false;ocean
8834;130;34;0;sea;false;ocean
8835;131;34;0;sea;false;ocean
8836;132;34;0;sea;false;ocean
8837;133;34;0;sea;false;ocean
8838;134;34;0;sea;false;ocean
8839;135;34;0;sea;false;ocean
8840;136;34;0;sea;false;ocean
8841;137;34;0;sea;false;ocean
8842;138;34;0;sea;false;ocean
8843;139;34;0;sea;false;ocean
8844;140;34;0;sea;false;ocean
8845;141;34;0;sea;false;ocean
8846;142;34;0;sea;false;ocean
8847;143;34;0;sea;false;ocean
8848;144;34;0;sea;false;ocean
8849;145;34;0;sea;false;ocean
8850;146;34;0;sea;false;ocean
8851;147;34;0;sea;false;ocean
8852;148;34;0;sea;false;ocean
8853;149;34;0;sea;false;ocean
8854;150;34;0;sea;false;ocean
8855;151;34;0;sea;false;ocean
8856;152;34;0;sea;false;ocean
8857;153;34;0;sea;false;ocean
8858;154;34;0;sea;false;ocean
8859;155;34;0;sea;false;ocean
8860;156;34;0;sea;false;ocean
8861;157;34;0;sea;false;ocean
8862;158;34;0;sea;false;ocean
8863;159;34;0;sea;false;ocean
8864;160;34;0;sea;false;ocean
8865;161;34;0;sea;false;ocean
8866;162;34;0;sea;false;ocean
8867;163;34;0;sea;false;ocean
8868;164;34;0;sea;false;ocean
8869;165;34;0;sea;false;ocean
8870;166;34;0;sea;false;ocean
8871;167;34;0;sea;false;ocean
8872;168;34;0;sea;false;ocean
8873;169;34;0;sea;false;ocean
8874;170;34;0;sea;false;ocean
8875;171;34;0;sea;false;ocean
8876;172;34;0;sea;false;ocean
8877;173;34;0;sea;false;ocean
8878;174;34;0;sea;false;ocean
8879;175;34;0;sea;false;ocean
8880;176;34;0;sea;false;ocean
8881;177;34;0;sea;false;ocean
8882;178;34;0;sea;false;ocean
8883;179;34;0;sea;false;ocean
8884;180;34;0;sea;false;ocean
8885;181;34;0;sea;false;ocean
8886;182;34;0;sea;false;ocean
8887;183;34;0;sea;false;ocean
8888;184;34;0;sea;false;ocean
8889;185;34;0;sea;false;ocean
8890;186;34;0;sea;false;ocean
8891;187;34;0;sea;false;ocean
8892;188;34;0;sea;false;ocean
8893;189;34;0;sea;false;ocean
8894;190;34;0;sea;false;ocean
8895;191;34;0;sea;false;ocean
8896;192;34;0;sea;false;ocean
8897;193;34;0;sea;false;ocean
8898;194;34;0;sea;false;ocean
8899;195;34;0;sea;false;ocean
8900;196;34;0;sea;false;ocean
8901;197;34;0;sea;false;ocean
8902;198;34;0;sea;false;ocean
8903;199;34;0;sea;false;ocean
8904;200;34;0;sea;false;ocean
8905;201;34;0;sea;false;ocean
8906;202;34;0;sea;false;ocean
8907;203;34;0;sea;false;ocean
8908;204;34;0;sea;false;ocean
8909;205;34;0;sea;false;ocean
8910;206;34;0;sea;false;ocean
8911;207;34;0;sea;false;ocean
8912;208;34;0;sea;false;ocean
8913;209;34;0;sea;false;ocean
8914;210;34;0;sea;false;ocean
8915;211;34;0;sea;false;ocean
8916;212;34;0;sea;false;ocean
8917;213;34;0;sea;false;ocean
8918;214;34;0;sea;false;ocean
8919;215;34;0;sea;false;ocean
8920;216;34;0;sea;false;ocean
8921;217;34;0;sea;false;ocean
8922;218;34;0;sea;false;ocean
8923;219;34;0;sea;false;ocean
8924;220;34;0;sea;false;ocean
8925;221;34;0;sea;false;ocean
8926;222;34;0;sea;false;ocean
8927;223;34;0;sea;false;ocean
8928;224;34;0;sea;false;ocean
8929;225;34;0;sea;false;ocean
8930;226;34;0;sea;false;ocean
8931;227;34;0;sea;false;ocean
8932;228;34;0;sea;false;ocean
8933;229;34;0;sea;false;ocean
8934;230;34;0;sea;false;ocean
8935;231;34;0;sea;false;ocean
8936;232;34;0;sea;false;ocean
8937;233;34;0;sea;false;ocean
8938;234;34;0;sea;false;ocean
8939;235;34;0;sea;false;ocean
8940;236;34;0;sea;false;ocean
8941;237;34;0;sea;false;ocean
8942;238;34;0;sea;false;ocean
8943;239;34;0;sea;false;ocean
8944;240;34;0;sea;false;ocean
8945;241;34;0;sea;false;ocean
8946;242;34;0;sea;false;ocean
8947;243;34;0;sea;false;ocean
8948;244;34;0;sea;false;ocean
8949;245;34;0;sea;false;ocean
8950;246;34;0;sea;false;ocean
8951;247;34;0;sea;false;ocean
8952;248;34;0;sea;false;ocean
8953;249;34;0;sea;false;ocean
8954;250;34;0;sea;false;ocean
8955;251;34;0;sea;false;ocean
8956;252;34;0;sea;false;ocean
8957;253;34;0;sea;false;ocean
8958;254;34;0;sea;false;ocean
8959;255;34;0;sea;false;ocean
8960;0;35;0;sea;false;ocean
8961;1;35;0;sea;false;ocean
8962;2;35;0;sea;false;ocean
8963;3;35;0;sea;false;ocean
8964;4;35;0;sea;false;ocean
8965;5;35;0;sea;false;ocean
8966;6;35;0;sea;false;ocean
8967;7;35;0;sea;false;ocean
8968;8;35;0;sea;false;ocean
8969;9;35;0;sea;false;ocean
8970;10;35;0;sea;false;ocean
8971;11;35;0;sea;false;ocean
8972;12;35;0;sea;false;ocean
8973;13;35;0;sea;false;ocean
8974;14;35;0;sea;false;ocean
8975;15;35;0;sea;false;ocean
8976;16;35;0;sea;false;ocean
8977;17;35;0;sea;false;ocean
8978;18;35;0;sea;false;ocean
8979;19;35;0;sea;false;ocean
8980;20;35;0;sea;false;ocean
8981;21;35;0;sea;false;ocean
8982;22;35;0;sea;false;ocean
8983;23;35;0;sea;false;ocean
8984;24;35;0;sea;false;ocean
8985;25;35;0;sea;false;ocean
8986;26;35;0;sea;false;ocean
8987;27;35;0;sea;false;ocean
8988;28;35;0;sea;false;ocean
8989;29;35;0;sea;false;ocean
8990;30;35;0;sea;false;ocean
8991;31;35;0;sea;false;ocean
8992;32;35;0;sea;false;ocean
8993;33;35;0;sea;false;ocean
8994;34;35;0;sea;false;ocean
8995;35;35;0;sea;false;ocean
8996;36;35;0;sea;false;ocean
8997;37;35;0;sea;false;ocean
8998;38;35;0;sea;false;ocean
8999;39;35;0;sea;false;ocean
9000;40;35;0;sea;false;ocean
9001;41;35;0;sea;false;ocean
9002;42;35;0;sea;false;ocean
9003;43;35;0;sea;false;ocean
9004;44;35;0;sea;false;ocean
9005;45;35;0;sea;false;ocean
9006;46;35;0;sea;false;ocean
9007;47;35;0;sea;false;ocean
9008;48;35;0;sea;false;ocean
9009;49;35;0;sea;false;ocean
9010;50;35;0;sea;false;ocean
9011;51;35;0;sea;false;ocean
9012;52;35;0;sea;false;ocean
9013;53;35;0;sea;false;ocean
9014;54;35;0;sea;false;ocean
9015;55;35;0;sea;false;ocean
9016;56;35;0;sea;false;ocean
9017;57;35;0;sea;false;ocean
9018;58;35;0;sea;false;ocean
9019;59;35;0;sea;false;ocean
9020;60;35;0;sea;false;ocean
9021;61;35;0;sea;false;ocean
9022;62;35;0;sea;false;ocean
9023;63;35;0;sea;false;ocean
9024;64;35;0;sea;false;ocean
9025;65;35;0;sea;false;ocean
9026;66;35;0;sea;false;ocean
9027;67;35;0;sea;false;ocean
9028;68;35;0;sea;false;ocean
9029;69;35;0;sea;false;ocean
9030;70;35;0;sea;false;ocean
9031;71;35;0;sea;false;ocean
9032;72;35;0;sea;false;ocean
9033;73;35;0;sea;false;ocean
9034;74;35;0;sea;false;ocean
9035;75;35;0;sea;false;ocean
9036;76;35;0;sea;false;ocean
9037;77;35;0;sea;false;ocean
9038;78;35;0;sea;false;ocean
9039;79;35;0;sea;false;ocean
9040;80;35;0;sea;false;ocean
9041;81;35;0;sea;false;ocean
9042;82;35;0;sea;false;ocean
9043;83;35;0;sea;false;ocean
9044;84;35;0;sea;false;ocean
9045;85;35;0;sea;false;ocean
9046;86;35;0;sea;false;ocean
9047;87;35;0;sea;false;ocean
9048;88;35;0;sea;false;ocean
9049;89;35;0;sea;false;ocean
9050;90;35;0;sea;false;ocean
9051;91;35;0;sea;false;ocean
9052;92;35;0;sea;false;ocean
9053;93;35;0;sea;false;ocean
9054;94;35;0;sea;false;ocean
9055;95;35;0;sea;false;ocean
9056;96;35;0;sea;false;ocean
9057;97;35;0;sea;false;ocean
9058;98;35;0;sea;false;ocean
9059;99;35;0;sea;false;ocean
9060;100;35;0;sea;false;ocean
9061;101;35;0;sea;false;ocean
9062;102;35;0;sea;false;ocean
9063;103;35;0;sea;false;ocean
9064;104;35;0;sea;false;ocean
9065;105;35;0;sea;false;ocean
9066;106;35;0;sea;false;ocean
9067;107;35;0;sea;false;ocean
9068;108;35;0;sea;false;ocean
9069;109;35;0;sea;false;ocean
9070;110;35;0;sea;false;ocean
9071;111;35;0;sea;false;ocean
9072;112;35;0;sea;false;ocean
9073;113;35;0;sea;false;ocean
9074;114;35;0;sea;false;ocean
9075;115;35;0;sea;false;ocean
9076;116;35;0;sea;false;ocean
9077;117;35;0;sea;false;ocean
9078;118;35;0;sea;false;ocean
9079;119;35;0;sea;false;ocean
9080;120;35;0;sea;false;ocean
9081;121;35;0;sea;false;ocean
9082;122;35;0;sea;false;ocean
9083;123;35;0;sea;false;ocean
9084;124;35;0;sea;false;ocean
9085;125;35;0;sea;false;ocean
9086;126;35;0;sea;false;ocean
9087;127;35;0;sea;false;ocean
9088;128;35;0;sea;false;ocean
9089;129;35;0;sea;false;ocean
9090;130;35;0;sea;false;ocean
9091;131;35;0;sea;false;ocean
9092;132;35;0;sea;false;ocean
9093;133;35;0;sea;false;ocean
9094;134;35;0;sea;false;ocean
9095;135;35;0;sea;false;ocean
9096;136;35;0;sea;false;ocean
9097;137;35;0;sea;false;ocean
9098;138;35;0;sea;false;ocean
9099;139;35;0;sea;false;ocean
9100;140;35;0;sea;false;ocean
9101;141;35;0;sea;false;ocean
9102;142;35;0;sea;false;ocean
9103;143;35;0;sea;false;ocean
9104;144;35;0;sea;false;ocean
9105;145;35;0;sea;false;ocean
9106;146;35;0;sea;false;ocean
9107;147;35;0;sea;false;ocean
9108;148;35;0;sea;false;ocean
9109;149;35;0;sea;false;ocean
9110;150;35;0;sea;false;ocean
9111;151;35;0;sea;false;ocean
9112;152;35;0;sea;false;ocean
9113;153;35;0;sea;false;ocean
9114;154;35;0;sea;false;ocean
9115;155;35;0;sea;false;ocean
9116;156;35;0;sea;false;ocean
9117;157;35;0;sea;false;ocean
9118;158;35;0;sea;false;ocean
9119;159;35;0;sea;false;ocean
9120;160;35;0;sea;false;ocean
9121;161;35;0;sea;false;ocean
9122;162;35;0;sea;false;ocean
9123;163;35;0;sea;false;ocean
9124;164;35;0;sea;false;ocean
9125;165;35;0;sea;false;ocean
9126;166;35;0;sea;false;ocean
9127;167;35;0;sea;false;ocean
9128;168;35;0;sea;false;ocean
9129;169;35;0;sea;false;ocean
9130;170;35;0;sea;false;ocean
9131;171;35;0;sea;false;ocean
9132;172;35;0;sea;false;ocean
9133;173;35;0;sea;false;ocean
9134;174;35;0;sea;false;ocean
9135;175;35;0;sea;false;ocean
9136;176;35;0;sea;false;ocean
9137;177;35;0;sea;false;ocean
9138;178;35;0;sea;false;ocean
9139;179;35;0;sea;false;ocean
9140;180;35;0;sea;false;ocean
9141;181;35;0;sea;false;ocean
9142;182;35;0;sea;false;ocean
9143;183;35;0;sea;false;ocean
9144;184;35;0;sea;false;ocean
9145;185;35;0;sea;false;ocean
9146;186;35;0;sea;false;ocean
9147;187;35;0;sea;false;ocean
9148;188;35;0;sea;false;ocean
9149;189;35;0;sea;false;ocean
9150;190;35;0;sea;false;ocean
9151;191;35;0;sea;false;ocean
9152;192;35;0;sea;false;ocean
9153;193;35;0;sea;false;ocean
9154;194;35;0;sea;false;ocean
9155;195;35;0;sea;false;ocean
9156;196;35;0;sea;false;ocean
9157;197;35;0;sea;false;ocean
9158;198;35;0;sea;false;ocean
9159;199;35;0;sea;false;ocean
9160;200;35;0;sea;false;ocean
9161;201;35;0;sea;false;ocean
9162;202;35;0;sea;false;ocean
9163;203;35;0;sea;false;ocean
9164;204;35;0;sea;false;ocean
9165;205;35;0;sea;false;ocean
9166;206;35;0;sea;false;ocean
9167;207;35;0;sea;false;ocean
9168;208;35;0;sea;false;ocean
9169;209;35;0;sea;false;ocean
9170;210;35;0;sea;false;ocean
9171;211;35;0;sea;false;ocean
9172;212;35;0;sea;false;ocean
9173;213;35;0;sea;false;ocean
9174;214;35;0;sea;false;ocean
9175;215;35;0;sea;false;ocean
9176;216;35;0;sea;false;ocean
9177;217;35;0;sea;false;ocean
9178;218;35;0;sea;false;ocean
9179;219;35;0;sea;false;ocean
9180;220;35;0;sea;false;ocean
9181;221;35;0;sea;false;ocean
9182;222;35;0;sea;false;ocean
9183;223;35;0;sea;false;ocean
9184;224;35;0;sea;false;ocean
9185;225;35;0;sea;false;ocean
9186;226;35;0;sea;false;ocean
9187;227;35;0;sea;false;ocean
9188;228;35;0;sea;false;ocean
9189;229;35;0;sea;false;ocean
9190;230;35;0;sea;false;ocean
9191;231;35;0;sea;false;ocean
9192;232;35;0;sea;false;ocean
9193;233;35;0;sea;false;ocean
9194;234;35;0;sea;false;ocean
9195;235;35;0;sea;false;ocean
9196;236;35;0;sea;false;ocean
9197;237;35;0;sea;false;ocean
9198;238;35;0;sea;false;ocean
9199;239;35;0;sea;false;ocean
9200;240;35;0;sea;false;ocean
9201;241;35;0;sea;false;ocean
9202;242;35;0;sea;false;ocean
9203;243;35;0;sea;false;ocean
9204;244;35;0;sea;false;ocean
9205;245;35;0;sea;false;ocean
9206;246;35;0;sea;false;ocean
9207;247;35;0;sea;false;ocean
9208;248;35;0;sea;false;ocean
9209;249;35;0;sea;false;ocean
9210;250;35;0;sea;false;ocean
9211;251;35;0;sea;false;ocean
9212;252;35;0;sea;false;ocean
9213;253;35;0;sea;false;ocean
9214;254;35;0;sea;false;ocean
9215;255;35;0;sea;false;ocean
9216;0;36;0;sea;false;ocean
9217;1;36;0;sea;false;ocean
9218;2;36;0;sea;false;ocean
9219;3;36;0;sea;false;ocean
9220;4;36;0;sea;false;ocean
9221;5;36;0;sea;false;ocean
9222;6;36;0;sea;false;ocean
9223;7;36;0;sea;false;ocean
9224;8;36;0;sea;false;ocean
9225;9;36;0;sea;false;ocean
9226;10;36;0;sea;false;ocean
9227;11;36;0;sea;false;ocean
9228;12;36;0;sea;false;ocean
9229;13;36;0;sea;false;ocean
9230;14;36;0;sea;false;ocean
9231;15;36;0;sea;false;ocean
9232;16;36;0;sea;false;ocean
9233;17;36;0;sea;false;ocean
9234;18;36;0;sea;false;ocean
9235;19;36;0;sea;false;ocean
9236;20;36;0;sea;false;ocean
9237;21;36;0;sea;false;ocean
9238;22;36;0;sea;false;ocean
9239;23;36;0;sea;false;ocean
9240;24;36;0;sea;false;ocean
9241;25;36;0;sea;false;ocean
9242;26;36;0;sea;false;ocean
9243;27;36;0;sea;false;ocean
9244;28;36;0;sea;false;ocean
9245;29;36;0;sea;false;ocean
9246;30;36;0;sea;false;ocean
9247;31;36;0;sea;false;ocean
9248;32;36;0;sea;false;ocean
9249;33;36;0;sea;false;ocean
9250;34;36;0;sea;false;ocean
9251;35;36;0;sea;false;ocean
9252;36;36;0;sea;false;ocean
9253;37;36;0;sea;false;ocean
9254;38;36;0;sea;false;ocean
9255;39;36;0;sea;false;ocean
9256;40;36;0;sea;false;ocean
9257;41;36;0;sea;false;ocean
9258;42;36;0;sea;false;ocean
9259;43;36;0;sea;false;ocean
9260;44;36;0;sea;false;ocean
9261;45;36;0;sea;false;ocean
9262;46;36;0;sea;false;ocean
9263;47;36;0;sea;false;ocean
9264;48;36;0;sea;false;ocean
9265;49;36;0;sea;false;ocean
9266;50;36;0;sea;false;ocean
9267;51;36;0;sea;false;ocean
9268;52;36;0;sea;false;ocean
9269;53;36;0;sea;false;ocean
9270;54;36;0;sea;false;ocean
9271;55;36;0;sea;false;ocean
9272;56;36;0;sea;false;ocean
9273;57;36;0;sea;false;ocean
9274;58;36;0;sea;false;ocean
9275;59;36;0;sea;false;ocean
9276;60;36;0;sea;false;ocean
9277;61;36;0;sea;false;ocean
9278;62;36;0;sea;false;ocean
9279;63;36;0;sea;false;ocean
9280;64;36;0;sea;false;ocean
9281;65;36;0;sea;false;ocean
9282;66;36;0;sea;false;ocean
9283;67;36;0;sea;false;ocean
9284;68;36;0;sea;false;ocean
9285;69;36;0;sea;false;ocean
9286;70;36;0;sea;false;ocean
9287;71;36;0;sea;false;ocean
9288;72;36;0;sea;false;ocean
9289;73;36;0;sea;false;ocean
9290;74;36;0;sea;false;ocean
9291;75;36;0;sea;false;ocean
9292;76;36;0;sea;false;ocean
9293;77;36;0;sea;false;ocean
9294;78;36;0;sea;false;ocean
9295;79;36;0;sea;false;ocean
9296;80;36;0;sea;false;ocean
9297;81;36;0;sea;false;ocean
9298;82;36;0;sea;false;ocean
9299;83;36;0;sea;false;ocean
9300;84;36;0;sea;false;ocean
9301;85;36;0;sea;false;ocean
9302;86;36;0;sea;false;ocean
9303;87;36;0;sea;false;ocean
9304;88;36;0;sea;false;ocean
9305;89;36;0;sea;false;ocean
9306;90;36;0;sea;false;ocean
9307;91;36;0;sea;false;ocean
9308;92;36;0;sea;false;ocean
9309;93;36;0;sea;false;ocean
9310;94;36;0;sea;false;ocean
9311;95;36;0;sea;false;ocean
9312;96;36;0;sea;false;ocean
9313;97;36;0;sea;false;ocean
9314;98;36;0;sea;false;ocean
9315;99;36;0;sea;false;ocean
9316;100;36;0;sea;false;ocean
9317;101;36;0;sea;false;ocean
9318;102;36;0;sea;false;ocean
9319;103;36;0;sea;false;ocean
9320;104;36;0;sea;false;ocean
9321;105;36;0;sea;false;ocean
9322;106;36;0;sea;false;ocean
9323;107;36;0;sea;false;ocean
9324;108;36;0;sea;false;ocean
9325;109;36;0;sea;false;ocean
9326;110;36;0;sea;false;ocean
9327;111;36;0;sea;false;ocean
9328;112;36;0;sea;false;ocean
9329;113;36;0;sea;false;ocean
9330;114;36;0;sea;false;ocean
9331;115;36;0;sea;false;ocean
9332;116;36;0;sea;false;ocean
9333;117;36;0;sea;false;ocean
9334;118;36;0;sea;false;ocean
9335;119;36;0;sea;false;ocean
9336;120;36;0;sea;false;ocean
9337;121;36;0;sea;false;ocean
9338;122;36;0;sea;false;ocean
9339;123;36;0;sea;false;ocean
9340;124;36;0;sea;false;ocean
9341;125;36;0;sea;false;ocean
9342;126;36;0;sea;false;ocean
9343;127;36;0;sea;false;ocean
9344;128;36;0;sea;false;ocean
9345;129;36;0;sea;false;ocean
9346;130;36;0;sea;false;ocean
9347;131;36;0;sea;false;ocean
9348;132;36;0;sea;false;ocean
9349;133;36;0;sea;false;ocean
9350;134;36;0;sea;false;ocean
9351;135;36;0;sea;false;ocean
9352;136;36;0;sea;false;ocean
9353;137;36;0;sea;false;ocean
9354;138;36;0;sea;false;ocean
9355;139;36;0;sea;false;ocean
9356;140;36;0;sea;false;ocean
9357;141;36;0;sea;false;ocean
9358;142;36;0;sea;false;ocean
9359;143;36;0;sea;false;ocean
9360;144;36;0;sea;false;ocean
9361;145;36;0;sea;false;ocean
9362;146;36;0;sea;false;ocean
9363;147;36;0;sea;false;ocean
9364;148;36;0;sea;false;ocean
9365;149;36;0;sea;false;ocean
9366;150;36;0;sea;false;ocean
9367;151;36;0;sea;false;ocean
9368;152;36;0;sea;false;ocean
9369;153;36;0;sea;false;ocean
9370;154;36;0;sea;false;ocean
9371;155;36;0;sea;false;ocean
9372;156;36;0;sea;false;ocean
9373;157;36;0;sea;false;ocean
9374;158;36;0;sea;false;ocean
9375;159;36;0;sea;false;ocean
9376;160;36;0;sea;false;ocean
9377;161;36;0;sea;false;ocean
9378;162;36;0;sea;false;ocean
9379;163;36;0;sea;false;ocean
9380;164;36;0;sea;false;ocean
9381;165;36;0;sea;false;ocean
9382;166;36;0;sea;false;ocean
9383;167;36;0;sea;false;ocean
9384;168;36;0;sea;false;ocean
9385;169;36;0;sea;false;ocean
9386;170;36;0;sea;false;ocean
9387;171;36;0;sea;false;ocean
9388;172;36;0;sea;false;ocean
9389;173;36;0;sea;false;ocean
9390;174;36;0;sea;false;ocean
9391;175;36;0;sea;false;ocean
9392;176;36;0;sea;false;ocean
9393;177;36;0;sea;false;ocean
9394;178;36;0;sea;false;ocean
9395;179;36;0;sea;false;ocean
9396;180;36;0;sea;false;ocean
9397;181;36;0;sea;false;ocean
9398;182;36;0;sea;false;ocean
9399;183;36;0;sea;false;ocean
9400;184;36;0;sea;false;ocean
9401;185;36;0;sea;false;ocean
9402;186;36;0;sea;false;ocean
9403;187;36;0;sea;false;ocean
9404;188;36;0;sea;false;ocean
9405;189;36;0;sea;false;ocean
9406;190;36;0;sea;false;ocean
9407;191;36;0;sea;false;ocean
9408;192;36;0;sea;false;ocean
9409;193;36;0;sea;false;ocean
9410;194;36;0;sea;false;ocean
9411;195;36;0;sea;false;ocean
9412;196;36;0;sea;false;ocean
9413;197;36;0;sea;false;ocean
9414;198;36;0;sea;false;ocean
9415;199;36;0;sea;false;ocean
9416;200;36;0;sea;false;ocean
9417;201;36;0;sea;false;ocean
9418;202;36;0;sea;false;ocean
9419;203;36;0;sea;false;ocean
9420;204;36;0;sea;false;ocean
9421;205;36;0;sea;false;ocean
9422;206;36;0;sea;false;ocean
9423;207;36;0;sea;false;ocean
9424;208;36;0;sea;false;ocean
9425;209;36;0;sea;false;ocean
9426;210;36;0;sea;false;ocean
9427;211;36;0;sea;false;ocean
9428;212;36;0;sea;false;ocean
9429;213;36;0;sea;false;ocean
9430;214;36;0;sea;false;ocean
9431;215;36;0;sea;false;ocean
9432;216;36;0;sea;false;ocean
9433;217;36;0;sea;false;ocean
9434;218;36;0;sea;false;ocean
9435;219;36;0;sea;false;ocean
9436;220;36;0;sea;false;ocean
9437;221;36;0;sea;false;ocean
9438;222;36;0;sea;false;ocean
9439;223;36;0;sea;false;ocean
9440;224;36;0;sea;false;ocean
9441;225;36;0;sea;false;ocean
9442;226;36;0;sea;false;ocean
9443;227;36;0;sea;false;ocean
9444;228;36;0;sea;false;ocean
9445;229;36;0;sea;false;ocean
9446;230;36;0;sea;false;ocean
9447;231;36;0;sea;false;ocean
9448;232;36;0;sea;false;ocean
9449;233;36;0;sea;false;ocean
9450;234;36;0;sea;false;ocean
9451;235;36;0;sea;false;ocean
9452;236;36;0;sea;false;ocean
9453;237;36;0;sea;false;ocean
9454;238;36;0;sea;false;ocean
9455;239;36;0;sea;false;ocean
9456;240;36;0;sea;false;ocean
9457;241;36;0;sea;false;ocean
9458;242;36;0;sea;false;ocean
9459;243;36;0;sea;false;ocean
9460;244;36;0;sea;false;ocean
9461;245;36;0;sea;false;ocean
9462;246;36;0;sea;false;ocean
9463;247;36;0;sea;false;ocean
9464;248;36;0;sea;false;ocean
9465;249;36;0;sea;false;ocean
9466;250;36;0;sea;false;ocean
9467;251;36;0;sea;false;ocean
9468;252;36;0;sea;false;ocean
9469;253;36;0;sea;false;ocean
9470;254;36;0;sea;false;ocean
9471;255;36;0;sea;false;ocean
9472;0;37;0;sea;false;ocean
9473;1;37;0;sea;false;ocean
9474;2;37;0;sea;false;ocean
9475;3;37;0;sea;false;ocean
9476;4;37;0;sea;false;ocean
9477;5;37;0;sea;false;ocean
9478;6;37;0;sea;false;ocean
9479;7;37;0;sea;false;ocean
9480;8;37;0;sea;false;ocean
9481;9;37;0;sea;false;ocean
9482;10;37;0;sea;false;ocean
9483;11;37;0;sea;false;ocean
9484;12;37;0;sea;false;ocean
9485;13;37;0;sea;false;ocean
9486;14;37;0;sea;false;ocean
9487;15;37;0;sea;false;ocean
9488;16;37;0;sea;false;ocean
9489;17;37;0;sea;false;ocean
9490;18;37;0;sea;false;ocean
9491;19;37;0;sea;false;ocean
9492;20;37;0;sea;false;ocean
9493;21;37;0;sea;false;ocean
9494;22;37;0;sea;false;ocean
9495;23;37;0;sea;false;ocean
9496;24;37;0;sea;false;ocean
9497;25;37;0;sea;false;ocean
9498;26;37;0;sea;false;ocean
9499;27;37;0;sea;false;ocean
9500;28;37;0;sea;false;ocean
9501;29;37;0;sea;false;ocean
9502;30;37;0;sea;false;ocean
9503;31;37;0;sea;false;ocean
9504;32;37;0;sea;false;ocean
9505;33;37;0;sea;false;ocean
9506;34;37;0;sea;false;ocean
9507;35;37;0;sea;false;ocean
9508;36;37;0;sea;false;ocean
9509;37;37;0;sea;false;ocean
9510;38;37;0;sea;false;ocean
9511;39;37;0;sea;false;ocean
9512;40;37;0;sea;false;ocean
9513;41;37;0;sea;false;ocean
9514;42;37;0;sea;false;ocean
9515;43;37;0;sea;false;ocean
9516;44;37;0;sea;false;ocean
9517;45;37;0;sea;false;ocean
9518;46;37;0;sea;false;ocean
9519;47;37;0;sea;false;ocean
9520;48;37;0;sea;false;ocean
9521;49;37;0;sea;false;ocean
9522;50;37;0;sea;false;ocean
9523;51;37;0;sea;false;ocean
9524;52;37;0;sea;false;ocean
9525;53;37;0;sea;false;ocean
9526;54;37;0;sea;false;ocean
9527;55;37;0;sea;false;ocean
9528;56;37;0;sea;false;ocean
9529;57;37;0;sea;false;ocean
9530;58;37;0;sea;false;ocean
9531;59;37;0;sea;false;ocean
9532;60;37;0;sea;false;ocean
9533;61;37;0;sea;false;ocean
9534;62;37;0;sea;false;ocean
9535;63;37;0;sea;false;ocean
9536;64;37;0;sea;false;ocean
9537;65;37;0;sea;false;ocean
9538;66;37;0;sea;false;ocean
9539;67;37;0;sea;false;ocean
9540;68;37;0;sea;false;ocean
9541;69;37;0;sea;false;ocean
9542;70;37;0;sea;false;ocean
9543;71;37;0;sea;false;ocean
9544;72;37;0;sea;false;ocean
9545;73;37;0;sea;false;ocean
9546;74;37;0;sea;false;ocean
9547;75;37;0;sea;false;ocean
9548;76;37;0;sea;false;ocean
9549;77;37;0;sea;false;ocean
9550;78;37;0;sea;false;ocean
9551;79;37;0;sea;false;ocean
9552;80;37;0;sea;false;ocean
9553;81;37;0;sea;false;ocean
9554;82;37;0;sea;false;ocean
9555;83;37;0;sea;false;ocean
9556;84;37;0;sea;false;ocean
9557;85;37;0;sea;false;ocean
9558;86;37;0;sea;false;ocean
9559;87;37;0;sea;false;ocean
9560;88;37;0;sea;false;ocean
9561;89;37;0;sea;false;ocean
9562;90;37;0;sea;false;ocean
9563;91;37;0;sea;false;ocean
9564;92;37;0;sea;false;ocean
9565;93;37;0;sea;false;ocean
9566;94;37;0;sea;false;ocean
9567;95;37;0;sea;false;ocean
9568;96;37;0;sea;false;ocean
9569;97;37;0;sea;false;ocean
9570;98;37;0;sea;false;ocean
9571;99;37;0;sea;false;ocean
9572;100;37;0;sea;false;ocean
9573;101;37;0;sea;false;ocean
9574;102;37;0;sea;false;ocean
9575;103;37;0;sea;false;ocean
9576;104;37;0;sea;false;ocean
9577;105;37;0;sea;false;ocean
9578;106;37;0;sea;false;ocean
9579;107;37;0;sea;false;ocean
9580;108;37;0;sea;false;ocean
9581;109;37;0;sea;false;ocean
9582;110;37;0;sea;false;ocean
9583;111;37;0;sea;false;ocean
9584;112;37;0;sea;false;ocean
9585;113;37;0;sea;false;ocean
9586;114;37;0;sea;false;ocean
9587;115;37;0;sea;false;ocean
9588;116;37;0;sea;false;ocean
9589;117;37;0;sea;false;ocean
9590;118;37;0;sea;false;ocean
9591;119;37;0;sea;false;ocean
9592;120;37;0;sea;false;ocean
9593;121;37;0;sea;false;ocean
9594;122;37;0;sea;false;ocean
9595;123;37;0;sea;false;ocean
9596;124;37;0;sea;false;ocean
9597;125;37;0;sea;false;ocean
9598;126;37;0;sea;false;ocean
9599;127;37;0;sea;false;ocean
9600;128;37;0;sea;false;ocean
9601;129;37;0;sea;false;ocean
9602;130;37;0;sea;false;ocean
9603;131;37;0;sea;false;ocean
9604;132;37;0;sea;false;ocean
9605;133;37;0;sea;false;ocean
9606;134;37;0;sea;false;ocean
9607;135;37;0;sea;false;ocean
9608;136;37;0;sea;false;ocean
9609;137;37;0;sea;false;ocean
9610;138;37;0;sea;false;ocean
9611;139;37;0;sea;false;ocean
9612;140;37;0;sea;false;ocean
9613;141;37;0;sea;false;ocean
9614;142;37;0;sea;false;ocean
9615;143;37;0;sea;false;ocean
9616;144;37;0;sea;false;ocean
9617;145;37;0;sea;false;ocean
9618;146;37;0;sea;false;ocean
9619;147;37;0;sea;false;ocean
9620;148;37;0;sea;false;ocean
9621;149;37;0;sea;false;ocean
9622;150;37;0;sea;false;ocean
9623;151;37;0;sea;false;ocean
9624;152;37;0;sea;false;ocean
9625;153;37;0;sea;false;ocean
9626;154;37;0;sea;false;ocean
9627;155;37;0;sea;false;ocean
9628;156;37;0;sea;false;ocean
9629;157;37;0;sea;false;ocean
9630;158;37;0;sea;false;ocean
9631;159;37;0;sea;false;ocean
9632;160;37;0;sea;false;ocean
9633;161;37;0;sea;false;ocean
9634;162;37;0;sea;false;ocean
9635;163;37;0;sea;false;ocean
9636;164;37;0;sea;false;ocean
9637;165;37;0;sea;false;ocean
9638;166;37;0;sea;false;ocean
9639;167;37;0;sea;false;ocean
9640;168;37;0;sea;false;ocean
9641;169;37;0;sea;false;ocean
9642;170;37;0;sea;false;ocean
9643;171;37;0;sea;false;ocean
9644;172;37;0;sea;false;ocean
9645;173;37;0;sea;false;ocean
9646;174;37;0;sea;false;ocean
9647;175;37;0;sea;false;ocean
9648;176;37;0;sea;false;ocean
9649;177;37;0;sea;false;ocean
9650;178;37;0;sea;false;ocean
9651;179;37;0;sea;false;ocean
9652;180;37;0;sea;false;ocean
9653;181;37;0;sea;false;ocean
9654;182;37;0;sea;false;ocean
9655;183;37;0;sea;false;ocean
9656;184;37;0;sea;false;ocean
9657;185;37;0;sea;false;ocean
9658;186;37;0;sea;false;ocean
9659;187;37;0;sea;false;ocean
9660;188;37;0;sea;false;ocean
9661;189;37;0;sea;false;ocean
9662;190;37;0;sea;false;ocean
9663;191;37;0;sea;false;ocean
9664;192;37;0;sea;false;ocean
9665;193;37;0;sea;false;ocean
9666;194;37;0;sea;false;ocean
9667;195;37;0;sea;false;ocean
9668;196;37;0;sea;false;ocean
9669;197;37;0;sea;false;ocean
9670;198;37;0;sea;false;ocean
9671;199;37;0;sea;false;ocean
9672;200;37;0;sea;false;ocean
9673;201;37;0;sea;false;ocean
9674;202;37;0;sea;false;ocean
9675;203;37;0;sea;false;ocean
9676;204;37;0;sea;false;ocean
9677;205;37;0;sea;false;ocean
9678;206;37;0;sea;false;ocean
9679;207;37;0;sea;false;ocean
9680;208;37;0;sea;false;ocean
9681;209;37;0;sea;false;ocean
9682;210;37;0;sea;false;ocean
9683;211;37;0;sea;false;ocean
9684;212;37;0;sea;false;ocean
9685;213;37;0;sea;false;ocean
9686;214;37;0;sea;false;ocean
9687;215;37;0;sea;false;ocean
9688;216;37;0;sea;false;ocean
9689;217;37;0;sea;false;ocean
9690;218;37;0;sea;false;ocean
9691;219;37;0;sea;false;ocean
9692;220;37;0;sea;false;ocean
9693;221;37;0;sea;false;ocean
9694;222;37;0;sea;false;ocean
9695;223;37;0;sea;false;ocean
9696;224;37;0;sea;false;ocean
9697;225;37;0;sea;false;ocean
9698;226;37;0;sea;false;ocean
9699;227;37;0;sea;false;ocean
9700;228;37;0;sea;false;ocean
9701;229;37;0;sea;false;ocean
9702;230;37;0;sea;false;ocean
9703;231;37;0;sea;false;ocean
9704;232;37;0;sea;false;ocean
9705;233;37;0;sea;false;ocean
9706;234;37;0;sea;false;ocean
9707;235;37;0;sea;false;ocean
9708;236;37;0;sea;false;ocean
9709;237;37;0;sea;false;ocean
9710;238;37;0;sea;false;ocean
9711;239;37;0;sea;false;ocean
9712;240;37;0;sea;false;ocean
9713;241;37;0;sea;false;ocean
9714;242;37;0;sea;false;ocean
9715;243;37;0;sea;false;ocean
9716;244;37;0;sea;false;ocean
9717;245;37;0;sea;false;ocean
9718;246;37;0;sea;false;ocean
9719;247;37;0;sea;false;ocean
9720;248;37;0;sea;false;ocean
9721;249;37;0;sea;false;ocean
9722;250;37;0;sea;false;ocean
9723;251;37;0;sea;false;ocean
9724;252;37;0;sea;false;ocean
9725;253;37;0;sea;false;ocean
9726;254;37;0;sea;false;ocean
9727;255;37;0;sea;false;ocean
9728;0;38;0;sea;false;ocean
9729;1;38;0;sea;false;ocean
9730;2;38;0;sea;false;ocean
9731;3;38;0;sea;false;ocean
9732;4;38;0;sea;false;ocean
9733;5;38;0;sea;false;ocean
9734;6;38;0;sea;false;ocean
9735;7;38;0;sea;false;ocean
9736;8;38;0;sea;false;ocean
9737;9;38;0;sea;false;ocean
9738;10;38;0;sea;false;ocean
9739;11;38;0;sea;false;ocean
9740;12;38;0;sea;false;ocean
9741;13;38;0;sea;false;ocean
9742;14;38;0;sea;false;ocean
9743;15;38;0;sea;false;ocean
9744;16;38;0;sea;false;ocean
9745;17;38;0;sea;false;ocean
9746;18;38;0;sea;false;ocean
9747;19;38;0;sea;false;ocean
9748;20;38;0;sea;false;ocean
9749;21;38;0;sea;false;ocean
9750;22;38;0;sea;false;ocean
9751;23;38;0;sea;false;ocean
9752;24;38;0;sea;false;ocean
9753;25;38;0;sea;false;ocean
9754;26;38;0;sea;false;ocean
9755;27;38;0;sea;false;ocean
9756;28;38;0;sea;false;ocean
9757;29;38;0;sea;false;ocean
9758;30;38;0;sea;false;ocean
9759;31;38;0;sea;false;ocean
9760;32;38;0;sea;false;ocean
9761;33;38;0;sea;false;ocean
9762;34;38;0;sea;false;ocean
9763;35;38;0;sea;false;ocean
9764;36;38;0;sea;false;ocean
9765;37;38;0;sea;false;ocean
9766;38;38;0;sea;false;ocean
9767;39;38;0;sea;false;ocean
9768;40;38;0;sea;false;ocean
9769;41;38;0;sea;false;ocean
9770;42;38;0;sea;false;ocean
9771;43;38;0;sea;false;ocean
9772;44;38;0;sea;false;ocean
9773;45;38;0;sea;false;ocean
9774;46;38;0;sea;false;ocean
9775;47;38;0;sea;false;ocean
9776;48;38;0;sea;false;ocean
9777;49;38;0;sea;false;ocean
9778;50;38;0;sea;false;ocean
9779;51;38;0;sea;false;ocean
9780;52;38;0;sea;false;ocean
9781;53;38;0;sea;false;ocean
9782;54;38;0;sea;false;ocean
9783;55;38;0;sea;false;ocean
9784;56;38;0;sea;false;ocean
9785;57;38;0;sea;false;ocean
9786;58;38;0;sea;false;ocean
9787;59;38;0;sea;false;ocean
9788;60;38;0;sea;false;ocean
9789;61;38;0;sea;false;ocean
9790;62;38;0;sea;false;ocean
9791;63;38;0;sea;false;ocean
9792;64;38;0;sea;false;ocean
9793;65;38;0;sea;false;ocean
9794;66;38;0;sea;false;ocean
9795;67;38;0;sea;false;ocean
9796;68;38;0;sea;false;ocean
9797;69;38;0;sea;false;ocean
9798;70;38;0;sea;false;ocean
9799;71;38;0;sea;false;ocean
9800;72;38;0;sea;false;ocean
9801;73;38;0;sea;false;ocean
9802;74;38;0;sea;false;ocean
9803;75;38;0;sea;false;ocean
9804;76;38;0;sea;false;ocean
9805;77;38;0;sea;false;ocean
9806;78;38;0;sea;false;ocean
9807;79;38;0;sea;false;ocean
9808;80;38;0;sea;false;ocean
9809;81;38;0;sea;false;ocean
9810;82;38;0;sea;false;ocean
9811;83;38;0;sea;false;ocean
9812;84;38;0;sea;false;ocean
9813;85;38;0;sea;false;ocean
9814;86;38;0;sea;false;ocean
9815;87;38;0;sea;false;ocean
9816;88;38;0;sea;false;ocean
9817;89;38;0;sea;false;ocean
9818;90;38;0;sea;false;ocean
9819;91;38;0;sea;false;ocean
9820;92;38;0;sea;false;ocean
9821;93;38;0;sea;false;ocean
9822;94;38;0;sea;false;ocean
9823;95;38;0;sea;false;ocean
9824;96;38;0;sea;false;ocean
9825;97;38;0;sea;false;ocean
9826;98;38;0;sea;false;ocean
9827;99;38;0;sea;false;ocean
9828;100;38;0;sea;false;ocean
9829;101;38;0;sea;false;ocean
9830;102;38;0;sea;false;ocean
9831;103;38;0;sea;false;ocean
9832;104;38;0;sea;false;ocean
9833;105;38;0;sea;false;ocean
9834;106;38;0;sea;false;ocean
9835;107;38;0;sea;false;ocean
9836;108;38;0;sea;false;ocean
9837;109;38;0;sea;false;ocean
9838;110;38;0;sea;false;ocean
9839;111;38;0;sea;false;ocean
9840;112;38;0;sea;false;ocean
9841;113;38;0;sea;false;ocean
9842;114;38;0;sea;false;ocean
9843;115;38;0;sea;false;ocean
9844;116;38;0;sea;false;ocean
9845;117;38;0;sea;false;ocean
9846;118;38;0;sea;false;ocean
9847;119;38;0;sea;false;ocean
9848;120;38;0;sea;false;ocean
9849;121;38;0;sea;false;ocean
9850;122;38;0;sea;false;ocean
9851;123;38;0;sea;false;ocean
9852;124;38;0;sea;false;ocean
9853;125;38;0;sea;false;ocean
9854;126;38;0;sea;false;ocean
9855;127;38;0;sea;false;ocean
9856;128;38;0;sea;false;ocean
9857;129;38;0;sea;false;ocean
9858;130;38;0;sea;false;ocean
9859;131;38;0;sea;false;ocean
9860;132;38;0;sea;false;ocean
9861;133;38;0;sea;false;ocean
9862;134;38;0;sea;false;ocean
9863;135;38;0;sea;false;ocean
9864;136;38;0;sea;false;ocean
9865;137;38;0;sea;false;ocean
9866;138;38;0;sea;false;ocean
9867;139;38;0;sea;false;ocean
9868;140;38;0;sea;false;ocean
9869;141;38;0;sea;false;ocean
9870;142;38;0;sea;false;ocean
9871;143;38;0;sea;false;ocean
9872;144;38;0;sea;false;ocean
9873;145;38;0;sea;false;ocean
9874;146;38;0;sea;false;ocean
9875;147;38;0;sea;false;ocean
9876;148;38;0;sea;false;ocean
9877;149;38;0;sea;false;ocean
9878;150;38;0;sea;false;ocean
9879;151;38;0;sea;false;ocean
9880;152;38;0;sea;false;ocean
9881;153;38;0;sea;false;ocean
9882;154;38;0;sea;false;ocean
9883;155;38;0;sea;false;ocean
9884;156;38;0;sea;false;ocean
9885;157;38;0;sea;false;ocean
9886;158;38;0;sea;false;ocean
9887;159;38;0;sea;false;ocean
9888;160;38;0;sea;false;ocean
9889;161;38;0;sea;false;ocean
9890;162;38;0;sea;false;ocean
9891;163;38;0;sea;false;ocean
9892;164;38;0;sea;false;ocean
9893;165;38;0;sea;false;ocean
9894;166;38;0;sea;false;ocean
9895;167;38;0;sea;false;ocean
9896;168;38;0;sea;false;ocean
9897;169;38;0;sea;false;ocean
9898;170;38;0;sea;false;ocean
9899;171;38;0;sea;false;ocean
9900;172;38;0;sea;false;ocean
9901;173;38;0;sea;false;ocean
9902;174;38;0;sea;false;ocean
9903;175;38;0;sea;false;ocean
9904;176;38;0;sea;false;ocean
9905;177;38;0;sea;false;ocean
9906;178;38;0;sea;false;ocean
9907;179;38;0;sea;false;ocean
9908;180;38;0;sea;false;ocean
9909;181;38;0;sea;false;ocean
9910;182;38;0;sea;false;ocean
9911;183;38;0;sea;false;ocean
9912;184;38;0;sea;false;ocean
9913;185;38;0;sea;false;ocean
9914;186;38;0;sea;false;ocean
9915;187;38;0;sea;false;ocean
9916;188;38;0;sea;false;ocean
9917;189;38;0;sea;false;ocean
9918;190;38;0;sea;false;ocean
9919;191;38;0;sea;false;ocean
9920;192;38;0;sea;false;ocean
9921;193;38;0;sea;false;ocean
9922;194;38;0;sea;false;ocean
9923;195;38;0;sea;false;ocean
9924;196;38;0;sea;false;ocean
9925;197;38;0;sea;false;ocean
9926;198;38;0;sea;false;ocean
9927;199;38;0;sea;false;ocean
9928;200;38;0;sea;false;ocean
9929;201;38;0;sea;false;ocean
9930;202;38;0;sea;false;ocean
9931;203;38;0;sea;false;ocean
9932;204;38;0;sea;false;ocean
9933;205;38;0;sea;false;ocean
9934;206;38;0;sea;false;ocean
9935;207;38;0;sea;false;ocean
9936;208;38;0;sea;false;ocean
9937;209;38;0;sea;false;ocean
9938;210;38;0;sea;false;ocean
9939;211;38;0;sea;false;ocean
9940;212;38;0;sea;false;ocean
9941;213;38;0;sea;false;ocean
9942;214;38;0;sea;false;ocean
9943;215;38;0;sea;false;ocean
9944;216;38;0;sea;false;ocean
9945;217;38;0;sea;false;ocean
9946;218;38;0;sea;false;ocean
9947;219;38;0;sea;false;ocean
9948;220;38;0;sea;false;ocean
9949;221;38;0;sea;false;ocean
9950;222;38;0;sea;false;ocean
9951;223;38;0;sea;false;ocean
9952;224;38;0;sea;false;ocean
9953;225;38;0;sea;false;ocean
9954;226;38;0;sea;false;ocean
9955;227;38;0;sea;false;ocean
9956;228;38;0;sea;false;ocean
9957;229;38;0;sea;false;ocean
9958;230;38;0;sea;false;ocean
9959;231;38;0;sea;false;ocean
9960;232;38;0;sea;false;ocean
9961;233;38;0;sea;false;ocean
9962;234;38;0;sea;false;ocean
9963;235;38;0;sea;false;ocean
9964;236;38;0;sea;false;ocean
9965;237;38;0;sea;false;ocean
9966;238;38;0;sea;false;ocean
9967;239;38;0;sea;false;ocean
9968;240;38;0;sea;false;ocean
9969;241;38;0;sea;false;ocean
9970;242;38;0;sea;false;ocean
9971;243;38;0;sea;false;ocean
9972;244;38;0;sea;false;ocean
9973;245;38;0;sea;false;ocean
9974;246;38;0;sea;false;ocean
9975;247;38;0;sea;false;ocean
9976;248;38;0;sea;false;ocean
9977;249;38;0;sea;false;ocean
9978;250;38;0;sea;false;ocean
9979;251;38;0;sea;false;ocean
9980;252;38;0;sea;false;ocean
9981;253;38;0;sea;false;ocean
9982;254;38;0;sea;false;ocean
9983;255;38;0;sea;false;ocean
9984;0;39;0;sea;false;ocean
9985;1;39;0;sea;false;ocean
9986;2;39;0;sea;false;ocean
9987;3;39;0;sea;false;ocean
9988;4;39;0;sea;false;ocean
9989;5;39;0;sea;false;ocean
9990;6;39;0;sea;false;ocean
9991;7;39;0;sea;false;ocean
9992;8;39;0;sea;false;ocean
9993;9;39;0;sea;false;ocean
9994;10;39;0;sea;false;ocean
9995;11;39;0;sea;false;ocean
9996;12;39;0;sea;false;ocean
9997;13;39;0;sea;false;ocean
9998;14;39;0;sea;false;ocean
9999;15;39;0;sea;false;ocean
10000;16;39;0;sea;false;ocean
10001;17;39;0;sea;false;ocean
10002;18;39;0;sea;false;ocean
10003;19;39;0;sea;false;ocean
10004;20;39;0;sea;false;ocean
10005;21;39;0;sea;false;ocean
10006;22;39;0;sea;false;ocean
10007;23;39;0;sea;false;ocean
10008;24;39;0;sea;false;ocean
10009;25;39;0;sea;false;ocean
10010;26;39;0;sea;false;ocean
10011;27;39;0;sea;false;ocean
10012;28;39;0;sea;false;ocean
10013;29;39;0;sea;false;ocean
10014;30;39;0;sea;false;ocean
10015;31;39;0;sea;false;ocean
10016;32;39;0;sea;false;ocean
10017;33;39;0;sea;false;ocean
10018;34;39;0;sea;false;ocean
10019;35;39;0;sea;false;ocean
10020;36;39;0;sea;false;ocean
10021;37;39;0;sea;false;ocean
10022;38;39;0;sea;false;ocean
10023;39;39;0;sea;false;ocean
10024;40;39;0;sea;false;ocean
10025;41;39;0;sea;false;ocean
10026;42;39;0;sea;false;ocean
10027;43;39;0;sea;false;ocean
10028;44;39;0;sea;false;ocean
10029;45;39;0;sea;false;ocean
10030;46;39;0;sea;false;ocean
10031;47;39;0;sea;false;ocean
10032;48;39;0;sea;false;ocean
10033;49;39;0;sea;false;ocean
10034;50;39;0;sea;false;ocean
10035;51;39;0;sea;false;ocean
10036;52;39;0;sea;false;ocean
10037;53;39;0;sea;false;ocean
10038;54;39;0;sea;false;ocean
10039;55;39;0;sea;false;ocean
10040;56;39;0;sea;false;ocean
10041;57;39;0;sea;false;ocean
10042;58;39;0;sea;false;ocean
10043;59;39;0;sea;false;ocean
10044;60;39;0;sea;false;ocean
10045;61;39;0;sea;false;ocean
10046;62;39;0;sea;false;ocean
10047;63;39;0;sea;false;ocean
10048;64;39;0;sea;false;ocean
10049;65;39;0;sea;false;ocean
10050;66;39;0;sea;false;ocean
10051;67;39;0;sea;false;ocean
10052;68;39;0;sea;false;ocean
10053;69;39;0;sea;false;ocean
10054;70;39;0;sea;false;ocean
10055;71;39;0;sea;false;ocean
10056;72;39;0;sea;false;ocean
10057;73;39;0;sea;false;ocean
10058;74;39;0;sea;false;ocean
10059;75;39;0;sea;false;ocean
10060;76;39;0;sea;false;ocean
10061;77;39;0;sea;false;ocean
10062;78;39;0;sea;false;ocean
10063;79;39;0;sea;false;ocean
10064;80;39;0;sea;false;ocean
10065;81;39;0;sea;false;ocean
10066;82;39;0;sea;false;ocean
10067;83;39;0;sea;false;ocean
10068;84;39;0;sea;false;ocean
10069;85;39;0;sea;false;ocean
10070;86;39;0;sea;false;ocean
10071;87;39;0;sea;false;ocean
10072;88;39;0;sea;false;ocean
10073;89;39;0;sea;false;ocean
10074;90;39;0;sea;false;ocean
10075;91;39;0;sea;false;ocean
10076;92;39;0;sea;false;ocean
10077;93;39;0;sea;false;ocean
10078;94;39;0;sea;false;ocean
10079;95;39;0;sea;false;ocean
10080;96;39;0;sea;false;ocean
10081;97;39;0;sea;false;ocean
10082;98;39;0;sea;false;ocean
10083;99;39;0;sea;false;ocean
10084;100;39;0;sea;false;ocean
10085;101;39;0;sea;false;ocean
10086;102;39;0;sea;false;ocean
10087;103;39;0;sea;false;ocean
10088;104;39;0;sea;false;ocean
10089;105;39;0;sea;false;ocean
10090;106;39;0;sea;false;ocean
10091;107;39;0;sea;false;ocean
10092;108;39;0;sea;false;ocean
10093;109;39;0;sea;false;ocean
10094;110;39;0;sea;false;ocean
10095;111;39;0;sea;false;ocean
10096;112;39;0;sea;false;ocean
10097;113;39;0;sea;false;ocean
10098;114;39;0;sea;false;ocean
10099;115;39;0;sea;false;ocean
10100;116;39;0;sea;false;ocean
10101;117;39;0;sea;false;ocean
10102;118;39;0;sea;false;ocean
10103;119;39;0;sea;false;ocean
10104;120;39;0;sea;false;ocean
10105;121;39;0;sea;false;ocean
10106;122;39;0;sea;false;ocean
10107;123;39;0;sea;false;ocean
10108;124;39;0;sea;false;ocean
10109;125;39;0;sea;false;ocean
10110;126;39;0;sea;false;ocean
10111;127;39;0;sea;false;ocean
10112;128;39;0;sea;false;ocean
10113;129;39;0;sea;false;ocean
10114;130;39;0;sea;false;ocean
10115;131;39;0;sea;false;ocean
10116;132;39;0;sea;false;ocean
10117;133;39;0;sea;false;ocean
10118;134;39;0;sea;false;ocean
10119;135;39;0;sea;false;ocean
10120;136;39;0;sea;false;ocean
10121;137;39;0;sea;false;ocean
10122;138;39;0;sea;false;ocean
10123;139;39;0;sea;false;ocean
10124;140;39;0;sea;false;ocean
10125;141;39;0;sea;false;ocean
10126;142;39;0;sea;false;ocean
10127;143;39;0;sea;false;ocean
10128;144;39;0;sea;false;ocean
10129;145;39;0;sea;false;ocean
10130;146;39;0;sea;false;ocean
10131;147;39;0;sea;false;ocean
10132;148;39;0;sea;false;ocean
10133;149;39;0;sea;false;ocean
10134;150;39;0;sea;false;ocean
10135;151;39;0;sea;false;ocean
10136;152;39;0;sea;false;ocean
10137;153;39;0;sea;false;ocean
10138;154;39;0;sea;false;ocean
10139;155;39;0;sea;false;ocean
10140;156;39;0;sea;false;ocean
10141;157;39;0;sea;false;ocean
10142;158;39;0;sea;false;ocean
10143;159;39;0;sea;false;ocean
10144;160;39;0;sea;false;ocean
10145;161;39;0;sea;false;ocean
10146;162;39;0;sea;false;ocean
10147;163;39;0;sea;false;ocean
10148;164;39;0;sea;false;ocean
10149;165;39;0;sea;false;ocean
10150;166;39;0;sea;false;ocean
10151;167;39;0;sea;false;ocean
10152;168;39;0;sea;false;ocean
10153;169;39;0;sea;false;ocean
10154;170;39;0;sea;false;ocean
10155;171;39;0;sea;false;ocean
10156;172;39;0;sea;false;ocean
10157;173;39;0;sea;false;ocean
10158;174;39;0;sea;false;ocean
10159;175;39;0;sea;false;ocean
10160;176;39;0;sea;false;ocean
10161;177;39;0;sea;false;ocean
10162;178;39;0;sea;false;ocean
10163;179;39;0;sea;false;ocean
10164;180;39;0;sea;false;ocean
10165;181;39;0;sea;false;ocean
10166;182;39;0;sea;false;ocean
10167;183;39;0;sea;false;ocean
10168;184;39;0;sea;false;ocean
10169;185;39;0;sea;false;ocean
10170;186;39;0;sea;false;ocean
10171;187;39;0;sea;false;ocean
10172;188;39;0;sea;false;ocean
10173;189;39;0;sea;false;ocean
10174;190;39;0;sea;false;ocean
10175;191;39;0;sea;false;ocean
10176;192;39;0;sea;false;ocean
10177;193;39;0;sea;false;ocean
10178;194;39;0;sea;false;ocean
10179;195;39;0;sea;false;ocean
10180;196;39;0;sea;false;ocean
10181;197;39;0;sea;false;ocean
10182;198;39;0;sea;false;ocean
10183;199;39;0;sea;false;ocean
10184;200;39;0;sea;false;ocean
10185;201;39;0;sea;false;ocean
10186;202;39;0;sea;false;ocean
10187;203;39;0;sea;false;ocean
10188;204;39;0;sea;false;ocean
10189;205;39;0;sea;false;ocean
10190;206;39;0;sea;false;ocean
10191;207;39;0;sea;false;ocean
10192;208;39;0;sea;false;ocean
10193;209;39;0;sea;false;ocean
10194;210;39;0;sea;false;ocean
10195;211;39;0;sea;false;ocean
10196;212;39;0;sea;false;ocean
10197;213;39;0;sea;false;ocean
10198;214;39;0;sea;false;ocean
10199;215;39;0;sea;false;ocean
10200;216;39;0;sea;false;ocean
10201;217;39;0;sea;false;ocean
10202;218;39;0;sea;false;ocean
10203;219;39;0;sea;false;ocean
10204;220;39;0;sea;false;ocean
10205;221;39;0;sea;false;ocean
10206;222;39;0;sea;false;ocean
10207;223;39;0;sea;false;ocean
10208;224;39;0;sea;false;ocean
10209;225;39;0;sea;false;ocean
10210;226;39;0;sea;false;ocean
10211;227;39;0;sea;false;ocean
10212;228;39;0;sea;false;ocean
10213;229;39;0;sea;false;ocean
10214;230;39;0;sea;false;ocean
10215;231;39;0;sea;false;ocean
10216;232;39;0;sea;false;ocean
10217;233;39;0;sea;false;ocean
10218;234;39;0;sea;false;ocean
10219;235;39;0;sea;false;ocean
10220;236;39;0;sea;false;ocean
10221;237;39;0;sea;false;ocean
10222;238;39;0;sea;false;ocean
10223;239;39;0;sea;false;ocean
10224;240;39;0;sea;false;ocean
10225;241;39;0;sea;false;ocean
10226;242;39;0;sea;false;ocean
10227;243;39;0;sea;false;ocean
10228;244;39;0;sea;false;ocean
10229;245;39;0;sea;false;ocean
10230;246;39;0;sea;false;ocean
10231;247;39;0;sea;false;ocean
10232;248;39;0;sea;false;ocean
10233;249;39;0;sea;false;ocean
10234;250;39;0;sea;false;ocean
10235;251;39;0;sea;false;ocean
10236;252;39;0;sea;false;ocean
10237;253;39;0;sea;false;ocean
10238;254;39;0;sea;false;ocean
10239;255;39;0;sea;false;ocean
10240;0;40;0;sea;false;ocean
10241;1;40;0;sea;false;ocean
10242;2;40;0;sea;false;ocean
10243;3;40;0;sea;false;ocean
10244;4;40;0;sea;false;ocean
10245;5;40;0;sea;false;ocean
10246;6;40;0;sea;false;ocean
10247;7;40;0;sea;false;ocean
10248;8;40;0;sea;false;ocean
10249;9;40;0;sea;false;ocean
10250;10;40;0;sea;false;ocean
10251;11;40;0;sea;false;ocean
10252;12;40;0;sea;false;ocean
10253;13;40;0;sea;false;ocean
10254;14;40;0;sea;false;ocean
10255;15;40;0;sea;false;ocean
10256;16;40;0;sea;false;ocean
10257;17;40;0;sea;false;ocean
10258;18;40;0;sea;false;ocean
10259;19;40;0;sea;false;ocean
10260;20;40;0;sea;false;ocean
10261;21;40;0;sea;false;ocean
10262;22;40;0;sea;false;ocean
10263;23;40;0;sea;false;ocean
10264;24;40;0;sea;false;ocean
10265;25;40;0;sea;false;ocean
10266;26;40;0;sea;false;ocean
10267;27;40;0;sea;false;ocean
10268;28;40;0;sea;false;ocean
10269;29;40;0;sea;false;ocean
10270;30;40;0;sea;false;ocean
10271;31;40;0;sea;false;ocean
10272;32;40;0;sea;false;ocean
10273;33;40;0;sea;false;ocean
10274;34;40;0;sea;false;ocean
10275;35;40;0;sea;false;ocean
10276;36;40;0;sea;false;ocean
10277;37;40;0;sea;false;ocean
10278;38;40;0;sea;false;ocean
10279;39;40;0;sea;false;ocean
10280;40;40;0;sea;false;ocean
10281;41;40;0;sea;false;ocean
10282;42;40;0;sea;false;ocean
10283;43;40;0;sea;false;ocean
10284;44;40;0;sea;false;ocean
10285;45;40;0;sea;false;ocean
10286;46;40;0;sea;false;ocean
10287;47;40;0;sea;false;ocean
10288;48;40;0;sea;false;ocean
10289;49;40;0;sea;false;ocean
10290;50;40;0;sea;false;ocean
10291;51;40;0;sea;false;ocean
10292;52;40;0;sea;false;ocean
10293;53;40;0;sea;false;ocean
10294;54;40;0;sea;false;ocean
10295;55;40;0;sea;false;ocean
10296;56;40;0;sea;false;ocean
10297;57;40;0;sea;false;ocean
10298;58;40;0;sea;false;ocean
10299;59;40;0;sea;false;ocean
10300;60;40;0;sea;false;ocean
10301;61;40;0;sea;false;ocean
10302;62;40;0;sea;false;ocean
10303;63;40;0;sea;false;ocean
10304;64;40;0;sea;false;ocean
10305;65;40;0;sea;false;ocean
10306;66;40;0;sea;false;ocean
10307;67;40;0;sea;false;ocean
10308;68;40;0;sea;false;ocean
10309;69;40;0;sea;false;ocean
10310;70;40;0;sea;false;ocean
10311;71;40;0;sea;false;ocean
10312;72;40;0;sea;false;ocean
10313;73;40;0;sea;false;ocean
10314;74;40;0;sea;false;ocean
10315;75;40;0;sea;false;ocean
10316;76;40;0;sea;false;ocean
10317;77;40;0;sea;false;ocean
10318;78;40;0;sea;false;ocean
10319;79;40;0;sea;false;ocean
10320;80;40;0;sea;false;ocean
10321;81;40;0;sea;false;ocean
10322;82;40;0;sea;false;ocean
10323;83;40;0;sea;false;ocean
10324;84;40;0;sea;false;ocean
10325;85;40;0;sea;false;ocean
10326;86;40;0;sea;false;ocean
10327;87;40;0;sea;false;ocean
10328;88;40;0;sea;false;ocean
10329;89;40;0;sea;false;ocean
10330;90;40;0;sea;false;ocean
10331;91;40;0;sea;false;ocean
10332;92;40;0;sea;false;ocean
10333;93;40;0;sea;false;ocean
10334;94;40;0;sea;false;ocean
10335;95;40;0;sea;false;ocean
10336;96;40;0;sea;false;ocean
10337;97;40;0;sea;false;ocean
10338;98;40;0;sea;false;ocean
10339;99;40;0;sea;false;ocean
10340;100;40;0;sea;false;ocean
10341;101;40;0;sea;false;ocean
10342;102;40;0;sea;false;ocean
10343;103;40;0;sea;false;ocean
10344;104;40;0;sea;false;ocean
10345;105;40;0;sea;false;ocean
10346;106;40;0;sea;false;ocean
10347;107;40;0;sea;false;ocean
10348;108;40;0;sea;false;ocean
10349;109;40;0;sea;false;ocean
10350;110;40;0;sea;false;ocean
10351;111;40;0;sea;false;ocean
10352;112;40;0;sea;false;ocean
10353;113;40;0;sea;false;ocean
10354;114;40;0;sea;false;ocean
10355;115;40;0;sea;false;ocean
10356;116;40;0;sea;false;ocean
10357;117;40;0;sea;false;ocean
10358;118;40;0;sea;false;ocean
10359;119;40;0;sea;false;ocean
10360;120;40;0;sea;false;ocean
10361;121;40;0;sea;false;ocean
10362;122;40;0;sea;false;ocean
10363;123;40;0;sea;false;ocean
10364;124;40;0;sea;false;ocean
10365;125;40;0;sea;false;ocean
10366;126;40;0;sea;false;ocean
10367;127;40;0;sea;false;ocean
10368;128;40;0;sea;false;ocean
10369;129;40;0;sea;false;ocean
10370;130;40;0;sea;false;ocean
10371;131;40;0;sea;false;ocean
10372;132;40;0;sea;false;ocean
10373;133;40;0;sea;false;ocean
10374;134;40;0;sea;false;ocean
10375;135;40;0;sea;false;ocean
10376;136;40;0;sea;false;ocean
10377;137;40;0;sea;false;ocean
10378;138;40;0;sea;false;ocean
10379;139;40;0;sea;false;ocean
10380;140;40;0;sea;false;ocean
10381;141;40;0;sea;false;ocean
10382;142;40;0;sea;false;ocean
10383;143;40;0;sea;false;ocean
10384;144;40;0;sea;false;ocean
10385;145;40;0;sea;false;ocean
10386;146;40;0;sea;false;ocean
10387;147;40;0;sea;false;ocean
10388;148;40;0;sea;false;ocean
10389;149;40;0;sea;false;ocean
10390;150;40;0;sea;false;ocean
10391;151;40;0;sea;false;ocean
10392;152;40;0;sea;false;ocean
10393;153;40;0;sea;false;ocean
10394;154;40;0;sea;false;ocean
10395;155;40;0;sea;false;ocean
10396;156;40;0;sea;false;ocean
10397;157;40;0;sea;false;ocean
10398;158;40;0;sea;false;ocean
10399;159;40;0;sea;false;ocean
10400;160;40;0;sea;false;ocean
10401;161;40;0;sea;false;ocean
10402;162;40;0;sea;false;ocean
10403;163;40;0;sea;false;ocean
10404;164;40;0;sea;false;ocean
10405;165;40;0;sea;false;ocean
10406;166;40;0;sea;false;ocean
10407;167;40;0;sea;false;ocean
10408;168;40;0;sea;false;ocean
10409;169;40;0;sea;false;ocean
10410;170;40;0;sea;false;ocean
10411;171;40;0;sea;false;ocean
10412;172;40;0;sea;false;ocean
10413;173;40;0;sea;false;ocean
10414;174;40;0;sea;false;ocean
10415;175;40;0;sea;false;ocean
10416;176;40;0;sea;false;ocean
10417;177;40;0;sea;false;ocean
10418;178;40;0;sea;false;ocean
10419;179;40;0;sea;false;ocean
10420;180;40;0;sea;false;ocean
10421;181;40;0;sea;false;ocean
10422;182;40;0;sea;false;ocean
10423;183;40;0;sea;false;ocean
10424;184;40;0;sea;false;ocean
10425;185;40;0;sea;false;ocean
10426;186;40;0;sea;false;ocean
10427;187;40;0;sea;false;ocean
10428;188;40;0;sea;false;ocean
10429;189;40;0;sea;false;ocean
10430;190;40;0;sea;false;ocean
10431;191;40;0;sea;false;ocean
10432;192;40;0;sea;false;ocean
10433;193;40;0;sea;false;ocean
10434;194;40;0;sea;false;ocean
10435;195;40;0;sea;false;ocean
10436;196;40;0;sea;false;ocean
10437;197;40;0;sea;false;ocean
10438;198;40;0;sea;false;ocean
10439;199;40;0;sea;false;ocean
10440;200;40;0;sea;false;ocean
10441;201;40;0;sea;false;ocean
10442;202;40;0;sea;false;ocean
10443;203;40;0;sea;false;ocean
10444;204;40;0;sea;false;ocean
10445;205;40;0;sea;false;ocean
10446;206;40;0;sea;false;ocean
10447;207;40;0;sea;false;ocean
10448;208;40;0;sea;false;ocean
10449;209;40;0;sea;false;ocean
10450;210;40;0;sea;false;ocean
10451;211;40;0;sea;false;ocean
10452;212;40;0;sea;false;ocean
10453;213;40;0;sea;false;ocean
10454;214;40;0;sea;false;ocean
10455;215;40;0;sea;false;ocean
10456;216;40;0;sea;false;ocean
10457;217;40;0;sea;false;ocean
10458;218;40;0;sea;false;ocean
10459;219;40;0;sea;false;ocean
10460;220;40;0;sea;false;ocean
10461;221;40;0;sea;false;ocean
10462;222;40;0;sea;false;ocean
10463;223;40;0;sea;false;ocean
10464;224;40;0;sea;false;ocean
10465;225;40;0;sea;false;ocean
10466;226;40;0;sea;false;ocean
10467;227;40;0;sea;false;ocean
10468;228;40;0;sea;false;ocean
10469;229;40;0;sea;false;ocean
10470;230;40;0;sea;false;ocean
10471;231;40;0;sea;false;ocean
10472;232;40;0;sea;false;ocean
10473;233;40;0;sea;false;ocean
10474;234;40;0;sea;false;ocean
10475;235;40;0;sea;false;ocean
10476;236;40;0;sea;false;ocean
10477;237;40;0;sea;false;ocean
10478;238;40;0;sea;false;ocean
10479;239;40;0;sea;false;ocean
10480;240;40;0;sea;false;ocean
10481;241;40;0;sea;false;ocean
10482;242;40;0;sea;false;ocean
10483;243;40;0;sea;false;ocean
10484;244;40;0;sea;false;ocean
10485;245;40;0;sea;false;ocean
10486;246;40;0;sea;false;ocean
10487;247;40;0;sea;false;ocean
10488;248;40;0;sea;false;ocean
10489;249;40;0;sea;false;ocean
10490;250;40;0;sea;false;ocean
10491;251;40;0;sea;false;ocean
10492;252;40;0;sea;false;ocean
10493;253;40;0;sea;false;ocean
10494;254;40;0;sea;false;ocean
10495;255;40;0;sea;false;ocean
10496;0;41;0;sea;false;ocean
10497;1;41;0;sea;false;ocean
10498;2;41;0;sea;false;ocean
10499;3;41;0;sea;false;ocean
10500;4;41;0;sea;false;ocean
10501;5;41;0;sea;false;ocean
10502;6;41;0;sea;false;ocean
10503;7;41;0;sea;false;ocean
10504;8;41;0;sea;false;ocean
10505;9;41;0;sea;false;ocean
10506;10;41;0;sea;false;ocean
10507;11;41;0;sea;false;ocean
10508;12;41;0;sea;false;ocean
10509;13;41;0;sea;false;ocean
10510;14;41;0;sea;false;ocean
10511;15;41;0;sea;false;ocean
10512;16;41;0;sea;false;ocean
10513;17;41;0;sea;false;ocean
10514;18;41;0;sea;false;ocean
10515;19;41;0;sea;false;ocean
10516;20;41;0;sea;false;ocean
10517;21;41;0;sea;false;ocean
10518;22;41;0;sea;false;ocean
10519;23;41;0;sea;false;ocean
10520;24;41;0;sea;false;ocean
10521;25;41;0;sea;false;ocean
10522;26;41;0;sea;false;ocean
10523;27;41;0;sea;false;ocean
10524;28;41;0;sea;false;ocean
10525;29;41;0;sea;false;ocean
10526;30;41;0;sea;false;ocean
10527;31;41;0;sea;false;ocean
10528;32;41;0;sea;false;ocean
10529;33;41;0;sea;false;ocean
10530;34;41;0;sea;false;ocean
10531;35;41;0;sea;false;ocean
10532;36;41;0;sea;false;ocean
10533;37;41;0;sea;false;ocean
10534;38;41;0;sea;false;ocean
10535;39;41;0;sea;false;ocean
10536;40;41;0;sea;false;ocean
10537;41;41;0;sea;false;ocean
10538;42;41;0;sea;false;ocean
10539;43;41;0;sea;false;ocean
10540;44;41;0;sea;false;ocean
10541;45;41;0;sea;false;ocean
10542;46;41;0;sea;false;ocean
10543;47;41;0;sea;false;ocean
10544;48;41;0;sea;false;ocean
10545;49;41;0;sea;false;ocean
10546;50;41;0;sea;false;ocean
10547;51;41;0;sea;false;ocean
10548;52;41;0;sea;false;ocean
10549;53;41;0;sea;false;ocean
10550;54;41;0;sea;false;ocean
10551;55;41;0;sea;false;ocean
10552;56;41;0;sea;false;ocean
10553;57;41;0;sea;false;ocean
10554;58;41;0;sea;false;ocean
10555;59;41;0;sea;false;ocean
10556;60;41;0;sea;false;ocean
10557;61;41;0;sea;false;ocean
10558;62;41;0;sea;false;ocean
10559;63;41;0;sea;false;ocean
10560;64;41;0;sea;false;ocean
10561;65;41;0;sea;false;ocean
10562;66;41;0;sea;false;ocean
10563;67;41;0;sea;false;ocean
10564;68;41;0;sea;false;ocean
10565;69;41;0;sea;false;ocean
10566;70;41;0;sea;false;ocean
10567;71;41;0;sea;false;ocean
10568;72;41;0;sea;false;ocean
10569;73;41;0;sea;false;ocean
10570;74;41;0;sea;false;ocean
10571;75;41;0;sea;false;ocean
10572;76;41;0;sea;false;ocean
10573;77;41;0;sea;false;ocean
10574;78;41;0;sea;false;ocean
10575;79;41;0;sea;false;ocean
10576;80;41;0;sea;false;ocean
10577;81;41;0;sea;false;ocean
10578;82;41;0;sea;false;ocean
10579;83;41;0;sea;false;ocean
10580;84;41;0;sea;false;ocean
10581;85;41;0;sea;false;ocean
10582;86;41;0;sea;false;ocean
10583;87;41;0;sea;false;ocean
10584;88;41;0;sea;false;ocean
10585;89;41;0;sea;false;ocean
10586;90;41;0;sea;false;ocean
10587;91;41;0;sea;false;ocean
10588;92;41;0;sea;false;ocean
10589;93;41;0;sea;false;ocean
10590;94;41;0;sea;false;ocean
10591;95;41;0;sea;false;ocean
10592;96;41;0;sea;false;ocean
10593;97;41;0;sea;false;ocean
10594;98;41;0;sea;false;ocean
10595;99;41;0;sea;false;ocean
10596;100;41;0;sea;false;ocean
10597;101;41;0;sea;false;ocean
10598;102;41;0;sea;false;ocean
10599;103;41;0;sea;false;ocean
10600;104;41;0;sea;false;ocean
10601;105;41;0;sea;false;ocean
10602;106;41;0;sea;false;ocean
10603;107;41;0;sea;false;ocean
10604;108;41;0;sea;false;ocean
10605;109;41;0;sea;false;ocean
10606;110;41;0;sea;false;ocean
10607;111;41;0;sea;false;ocean
10608;112;41;0;sea;false;ocean
10609;113;41;0;sea;false;ocean
10610;114;41;0;sea;false;ocean
10611;115;41;0;sea;false;ocean
10612;116;41;0;sea;false;ocean
10613;117;41;0;sea;false;ocean
10614;118;41;0;sea;false;ocean
10615;119;41;0;sea;false;ocean
10616;120;41;0;sea;false;ocean
10617;121;41;0;sea;false;ocean
10618;122;41;0;sea;false;ocean
10619;123;41;0;sea;false;ocean
10620;124;41;0;sea;false;ocean
10621;125;41;0;sea;false;ocean
10622;126;41;0;sea;false;ocean
10623;127;41;0;sea;false;ocean
10624;128;41;0;sea;false;ocean
10625;129;41;0;sea;false;ocean
10626;130;41;0;sea;false;ocean
10627;131;41;0;sea;false;ocean
10628;132;41;0;sea;false;ocean
10629;133;41;0;sea;false;ocean
10630;134;41;0;sea;false;ocean
10631;135;41;0;sea;false;ocean
10632;136;41;0;sea;false;ocean
10633;137;41;0;sea;false;ocean
10634;138;41;0;sea;false;ocean
10635;139;41;0;sea;false;ocean
10636;140;41;0;sea;false;ocean
10637;141;41;0;sea;false;ocean
10638;142;41;0;sea;false;ocean
10639;143;41;0;sea;false;ocean
10640;144;41;0;sea;false;ocean
10641;145;41;0;sea;false;ocean
10642;146;41;0;sea;false;ocean
10643;147;41;0;sea;false;ocean
10644;148;41;0;sea;false;ocean
10645;149;41;0;sea;false;ocean
10646;150;41;0;sea;false;ocean
10647;151;41;0;sea;false;ocean
10648;152;41;0;sea;false;ocean
10649;153;41;0;sea;false;ocean
10650;154;41;0;sea;false;ocean
10651;155;41;0;sea;false;ocean
10652;156;41;0;sea;false;ocean
10653;157;41;0;sea;false;ocean
10654;158;41;0;sea;false;ocean
10655;159;41;0;sea;false;ocean
10656;160;41;0;sea;false;ocean
10657;161;41;0;sea;false;ocean
10658;162;41;0;sea;false;ocean
10659;163;41;0;sea;false;ocean
10660;164;41;0;sea;false;ocean
10661;165;41;0;sea;false;ocean
10662;166;41;0;sea;false;ocean
10663;167;41;0;sea;false;ocean
10664;168;41;0;sea;false;ocean
10665;169;41;0;sea;false;ocean
10666;170;41;0;sea;false;ocean
10667;171;41;0;sea;false;ocean
10668;172;41;0;sea;false;ocean
10669;173;41;0;sea;false;ocean
10670;174;41;0;sea;false;ocean
10671;175;41;0;sea;false;ocean
10672;176;41;0;sea;false;ocean
10673;177;41;0;sea;false;ocean
10674;178;41;0;sea;false;ocean
10675;179;41;0;sea;false;ocean
10676;180;41;0;sea;false;ocean
10677;181;41;0;sea;false;ocean
10678;182;41;0;sea;false;ocean
10679;183;41;0;sea;false;ocean
10680;184;41;0;sea;false;ocean
10681;185;41;0;sea;false;ocean
10682;186;41;0;sea;false;ocean
10683;187;41;0;sea;false;ocean
10684;188;41;0;sea;false;ocean
10685;189;41;0;sea;false;ocean
10686;190;41;0;sea;false;ocean
10687;191;41;0;sea;false;ocean
10688;192;41;0;sea;false;ocean
10689;193;41;0;sea;false;ocean
10690;194;41;0;sea;false;ocean
10691;195;41;0;sea;false;ocean
10692;196;41;0;sea;false;ocean
10693;197;41;0;sea;false;ocean
10694;198;41;0;sea;false;ocean
10695;199;41;0;sea;false;ocean
10696;200;41;0;sea;false;ocean
10697;201;41;0;sea;false;ocean
10698;202;41;0;sea;false;ocean
10699;203;41;0;sea;false;ocean
10700;204;41;0;sea;false;ocean
10701;205;41;0;sea;false;ocean
10702;206;41;0;sea;false;ocean
10703;207;41;0;sea;false;ocean
10704;208;41;0;sea;false;ocean
10705;209;41;0;sea;false;ocean
10706;210;41;0;sea;false;ocean
10707;211;41;0;sea;false;ocean
10708;212;41;0;sea;false;ocean
10709;213;41;0;sea;false;ocean
10710;214;41;0;sea;false;ocean
10711;215;41;0;sea;false;ocean
10712;216;41;0;sea;false;ocean
10713;217;41;0;sea;false;ocean
10714;218;41;0;sea;false;ocean
10715;219;41;0;sea;false;ocean
10716;220;41;0;sea;false;ocean
10717;221;41;0;sea;false;ocean
10718;222;41;0;sea;false;ocean
10719;223;41;0;sea;false;ocean
10720;224;41;0;sea;false;ocean
10721;225;41;0;sea;false;ocean
10722;226;41;0;sea;false;ocean
10723;227;41;0;sea;false;ocean
10724;228;41;0;sea;false;ocean
10725;229;41;0;sea;false;ocean
10726;230;41;0;sea;false;ocean
10727;231;41;0;sea;false;ocean
10728;232;41;0;sea;false;ocean
10729;233;41;0;sea;false;ocean
10730;234;41;0;sea;false;ocean
10731;235;41;0;sea;false;ocean
10732;236;41;0;sea;false;ocean
10733;237;41;0;sea;false;ocean
10734;238;41;0;sea;false;ocean
10735;239;41;0;sea;false;ocean
10736;240;41;0;sea;false;ocean
10737;241;41;0;sea;false;ocean
10738;242;41;0;sea;false;ocean
10739;243;41;0;sea;false;ocean
10740;244;41;0;sea;false;ocean
10741;245;41;0;sea;false;ocean
10742;246;41;0;sea;false;ocean
10743;247;41;0;sea;false;ocean
10744;248;41;0;sea;false;ocean
10745;249;41;0;sea;false;ocean
10746;250;41;0;sea;false;ocean
10747;251;41;0;sea;false;ocean
10748;252;41;0;sea;false;ocean
10749;253;41;0;sea;false;ocean
10750;254;41;0;sea;false;ocean
10751;255;41;0;sea;false;ocean
10752;0;42;0;sea;false;ocean
10753;1;42;0;sea;false;ocean
10754;2;42;0;sea;false;ocean
10755;3;42;0;sea;false;ocean
10756;4;42;0;sea;false;ocean
10757;5;42;0;sea;false;ocean
10758;6;42;0;sea;false;ocean
10759;7;42;0;sea;false;ocean
10760;8;42;0;sea;false;ocean
10761;9;42;0;sea;false;ocean
10762;10;42;0;sea;false;ocean
10763;11;42;0;sea;false;ocean
10764;12;42;0;sea;false;ocean
10765;13;42;0;sea;false;ocean
10766;14;42;0;sea;false;ocean
10767;15;42;0;sea;false;ocean
10768;16;42;0;sea;false;ocean
10769;17;42;0;sea;false;ocean
10770;18;42;0;sea;false;ocean
10771;19;42;0;sea;false;ocean
10772;20;42;0;sea;false;ocean
10773;21;42;0;sea;false;ocean
10774;22;42;0;sea;false;ocean
10775;23;42;0;sea;false;ocean
10776;24;42;0;sea;false;ocean
10777;25;42;0;sea;false;ocean
10778;26;42;0;sea;false;ocean
10779;27;42;0;sea;false;ocean
10780;28;42;0;sea;false;ocean
10781;29;42;0;sea;false;ocean
10782;30;42;0;sea;false;ocean
10783;31;42;0;sea;false;ocean
10784;32;42;0;sea;false;ocean
10785;33;42;0;sea;false;ocean
10786;34;42;0;sea;false;ocean
10787;35;42;0;sea;false;ocean
10788;36;42;0;sea;false;ocean
10789;37;42;0;sea;false;ocean
10790;38;42;0;sea;false;ocean
10791;39;42;0;sea;false;ocean
10792;40;42;0;sea;false;ocean
10793;41;42;0;sea;false;ocean
10794;42;42;0;sea;false;ocean
10795;43;42;0;sea;false;ocean
10796;44;42;0;sea;false;ocean
10797;45;42;0;sea;false;ocean
10798;46;42;0;sea;false;ocean
10799;47;42;0;sea;false;ocean
10800;48;42;0;sea;false;ocean
10801;49;42;0;sea;false;ocean
10802;50;42;0;sea;false;ocean
10803;51;42;0;sea;false;ocean
10804;52;42;0;sea;false;ocean
10805;53;42;0;sea;false;ocean
10806;54;42;0;sea;false;ocean
10807;55;42;0;sea;false;ocean
10808;56;42;0;sea;false;ocean
10809;57;42;0;sea;false;ocean
10810;58;42;0;sea;false;ocean
10811;59;42;0;sea;false;ocean
10812;60;42;0;sea;false;ocean
10813;61;42;0;sea;false;ocean
10814;62;42;0;sea;false;ocean
10815;63;42;0;sea;false;ocean
10816;64;42;0;sea;false;ocean
10817;65;42;0;sea;false;ocean
10818;66;42;0;sea;false;ocean
10819;67;42;0;sea;false;ocean
10820;68;42;0;sea;false;ocean
10821;69;42;0;sea;false;ocean
10822;70;42;0;sea;false;ocean
10823;71;42;0;sea;false;ocean
10824;72;42;0;sea;false;ocean
10825;73;42;0;sea;false;ocean
10826;74;42;0;sea;false;ocean
10827;75;42;0;sea;false;ocean
10828;76;42;0;sea;false;ocean
10829;77;42;0;sea;false;ocean
10830;78;42;0;sea;false;ocean
10831;79;42;0;sea;false;ocean
10832;80;42;0;sea;false;ocean
10833;81;42;0;sea;false;ocean
10834;82;42;0;sea;false;ocean
10835;83;42;0;sea;false;ocean
10836;84;42;0;sea;false;ocean
10837;85;42;0;sea;false;ocean
10838;86;42;0;sea;false;ocean
10839;87;42;0;sea;false;ocean
10840;88;42;0;sea;false;ocean
10841;89;42;0;sea;false;ocean
10842;90;42;0;sea;false;ocean
10843;91;42;0;sea;false;ocean
10844;92;42;0;sea;false;ocean
10845;93;42;0;sea;false;ocean
10846;94;42;0;sea;false;ocean
10847;95;42;0;sea;false;ocean
10848;96;42;0;sea;false;ocean
10849;97;42;0;sea;false;ocean
10850;98;42;0;sea;false;ocean
10851;99;42;0;sea;false;ocean
10852;100;42;0;sea;false;ocean
10853;101;42;0;sea;false;ocean
10854;102;42;0;sea;false;ocean
10855;103;42;0;sea;false;ocean
10856;104;42;0;sea;false;ocean
10857;105;42;0;sea;false;ocean
10858;106;42;0;sea;false;ocean
10859;107;42;0;sea;false;ocean
10860;108;42;0;sea;false;ocean
10861;109;42;0;sea;false;ocean
10862;110;42;0;sea;false;ocean
10863;111;42;0;sea;false;ocean
10864;112;42;0;sea;false;ocean
10865;113;42;0;sea;false;ocean
10866;114;42;0;sea;false;ocean
10867;115;42;0;sea;false;ocean
10868;116;42;0;sea;false;ocean
10869;117;42;0;sea;false;ocean
10870;118;42;0;sea;false;ocean
10871;119;42;0;sea;false;ocean
10872;120;42;0;sea;false;ocean
10873;121;42;0;sea;false;ocean
10874;122;42;0;sea;false;ocean
10875;123;42;0;sea;false;ocean
10876;124;42;0;sea;false;ocean
10877;125;42;0;sea;false;ocean
10878;126;42;0;sea;false;ocean
10879;127;42;0;sea;false;ocean
10880;128;42;0;sea;false;ocean
10881;129;42;0;sea;false;ocean
10882;130;42;0;sea;false;ocean
10883;131;42;0;sea;false;ocean
10884;132;42;0;sea;false;ocean
10885;133;42;0;sea;false;ocean
10886;134;42;0;sea;false;ocean
10887;135;42;0;sea;false;ocean
10888;136;42;0;sea;false;ocean
10889;137;42;0;sea;false;ocean
10890;138;42;0;sea;false;ocean
10891;139;42;0;sea;false;ocean
10892;140;42;0;sea;false;ocean
10893;141;42;0;sea;false;ocean
10894;142;42;0;sea;false;ocean
10895;143;42;0;sea;false;ocean
10896;144;42;0;sea;false;ocean
10897;145;42;0;sea;false;ocean
10898;146;42;0;sea;false;ocean
10899;147;42;0;sea;false;ocean
10900;148;42;0;sea;false;ocean
10901;149;42;0;sea;false;ocean
10902;150;42;0;sea;false;ocean
10903;151;42;0;sea;false;ocean
10904;152;42;0;sea;false;ocean
10905;153;42;0;sea;false;ocean
10906;154;42;0;sea;false;ocean
10907;155;42;0;sea;false;ocean
10908;156;42;0;sea;false;ocean
10909;157;42;0;sea;false;ocean
10910;158;42;0;sea;false;ocean
10911;159;42;0;sea;false;ocean
10912;160;42;0;sea;false;ocean
10913;161;42;0;sea;false;ocean
10914;162;42;0;sea;false;ocean
10915;163;42;0;sea;false;ocean
10916;164;42;0;sea;false;ocean
10917;165;42;0;sea;false;ocean
10918;166;42;0;sea;false;ocean
10919;167;42;0;sea;false;ocean
10920;168;42;0;sea;false;ocean
10921;169;42;0;sea;false;ocean
10922;170;42;0;sea;false;ocean
10923;171;42;0;sea;false;ocean
10924;172;42;0;sea;false;ocean
10925;173;42;0;sea;false;ocean
10926;174;42;0;sea;false;ocean
10927;175;42;0;sea;false;ocean
10928;176;42;0;sea;false;ocean
10929;177;42;0;sea;false;ocean
10930;178;42;0;sea;false;ocean
10931;179;42;0;sea;false;ocean
10932;180;42;0;sea;false;ocean
10933;181;42;0;sea;false;ocean
10934;182;42;0;sea;false;ocean
10935;183;42;0;lake;false;lake
10936;184;42;0;lake;false;lake
10937;185;42;0;lake;false;lake
10938;186;42;0;lake;false;lake
10939;187;42;0;lake;false;lake
10940;188;42;0;lake;false;lake
10941;189;42;0;lake;false;lake
10942;190;42;0;lake;false;lake
10943;191;42;0;lake;false;lake
10944;192;42;0;lake;false;lake
10945;193;42;0;lake;false;lake
10946;194;42;0;lake;false;lake
10947;195;42;0;lake;false;lake
10948;196;42;0;lake;false;lake
10949;197;42;0;lake;false;lake
10950;198;42;0;lake;false;lake
10951;199;42;0;lake;false;lake
10952;200;42;0;lake;false;lake
10953;201;42;0;lake;false;lake
10954;202;42;0;lake;false;lake
10955;203;42;0;lake;false;lake
10956;204;42;0;lake;false;lake
10957;205;42;0;lake;false;lake
10958;206;42;0;lake;false;lake
10959;207;42;0;lake;false;lake
10960;208;42;0;lake;false;lake
10961;209;42;0;lake;false;lake
10962;210;42;0;lake;false;lake
10963;211;42;0;lake;false;lake
10964;212;42;0;lake;false;lake
10965;213;42;0;lake;false;lake
10966;214;42;0;lake;false;lake
10967;215;42;0;lake;false;lake
10968;216;42;0;lake;false;lake
10969;217;42;0;lake;false;lake
10970;218;42;0;lake;false;lake
10971;219;42;0;lake;false;lake
10972;220;42;0;lake;false;lake
10973;221;42;0;lake;false;lake
10974;222;42;0;lake;false;lake
10975;223;42;0;lake;false;lake
10976;224;42;0;lake;false;lake
10977;225;42;0;lake;false;lake
10978;226;42;0;lake;false;lake
10979;227;42;0;lake;false;lake
10980;228;42;0;lake;false;lake
10981;229;42;0;lake;false;lake
10982;230;42;0;lake;false;lake
10983;231;42;0;lake;false;lake
10984;232;42;0;lake;false;lake
10985;233;42;0;lake;false;lake
10986;234;42;0;lake;false;lake
10987;235;42;0;lake;false;lake
10988;236;42;0;lake;false;lake
10989;237;42;0;lake;false;lake
10990;238;42;0;lake;false;lake
10991;239;42;0;lake;false;lake
10992;240;42;0;lake;false;lake
10993;241;42;0;lake;false;lake
10994;242;42;0;lake;false;lake
10995;243;42;0;lake;false;lake
10996;244;42;0;lake;false;lake
10997;245;42;0;lake;false;lake
10998;246;42;0;lake;false;lake
10999;247;42;0;lake;false;lake
11000;248;42;0;lake;false;lake
11001;249;42;0;lake;false;lake
11002;250;42;0;lake;false;lake
11003;251;42;0;lake;false;lake
11004;252;42;0;lake;false;lake
11005;253;42;0;lake;false;lake
11006;254;42;0;lake;false;lake
11007;255;42;0;lake;false;lake
11008;0;43;0;lake;false;lake
11009;1;43;0;lake;false;lake
11010;2;43;0;lake;false;lake
11011;3;43;0;lake;false;lake
11012;4;43;0;lake;false;lake
11013;5;43;0;lake;false;lake
11014;6;43;0;lake;false;lake
11015;7;43;0;lake;false;lake
11016;8;43;0;lake;false;lake
11017;9;43;0;lake;false;lake
11018;10;43;0;lake;false;lake
11019;11;43;0;lake;false;lake
11020;12;43;0;lake;false;lake
11021;13;43;0;lake;false;lake
11022;14;43;0;lake;false;lake
11023;15;43;0;lake;false;lake
11024;16;43;0;lake;false;lake
11025;17;43;0;lake;false;lake
11026;18;43;0;lake;false;lake
11027;19;43;0;lake;false;lake
11028;20;43;0;lake;false;lake
11029;21;43;0;lake;false;lake
11030;22;43;0;lake;false;lake
11031;23;43;0;lake;false;lake
11032;24;43;0;lake;false;lake
11033;25;43;0;lake;false;lake
11034;26;43;0;lake;false;lake
11035;27;43;0;lake;false;lake
11036;28;43;0;lake;false;lake
11037;29;43;0;lake;false;lake
11038;30;43;0;lake;false;lake
11039;31;43;0;lake;false;lake
11040;32;43;0;lake;false;lake
11041;33;43;0;lake;false;lake
11042;34;43;0;lake;false;lake
11043;35;43;0;lake;false;lake
11044;36;43;0;lake;false;lake
11045;37;43;0;lake;false;lake
11046;38;43;0;lake;false;lake
11047;39;43;0;lake;false;lake
11048;40;43;0;lake;false;lake
11049;41;43;0;lake;false;lake
11050;42;43;0;lake;false;lake
11051;43;43;0;lake;false;lake
11052;44;43;0;lake;false;lake
11053;45;43;0;lake;false;lake
11054;46;43;0;lake;false;lake
11055;47;43;0;lake;false;lake
11056;48;43;0;lake;false;lake
11057;49;43;0;lake;false;lake
11058;50;43;0;lake;false;lake
11059;51;43;0;lake;false;lake
11060;52;43;0;lake;false;lake
11061;53;43;0;lake;false;lake
11062;54;43;0;lake;false;lake
11063;55;43;0;lake;false;lake
11064;56;43;0;lake;false;lake
11065;57;43;0;lake;false;lake
11066;58;43;0;lake;false;lake
11067;59;43;0;lake;false;lake
11068;60;43;0;lake;false;lake
11069;61;43;0;lake;false;lake
11070;62;43;0;lake;false;lake
11071;63;43;0;lake;false;lake
11072;64;43;0;lake;false;lake
11073;65;43;0;lake;false;lake
11074;66;43;0;lake;false;lake
11075;67;43;0;lake;false;lake
11076;68;43;0;lake;false;lake
11077;69;43;0;lake;false;lake
11078;70;43;0;lake;false;lake
11079;71;43;0;lake;false;lake
11080;72;43;0;lake;false;lake
11081;73;43;0;lake;false;lake
11082;74;43;0;lake;false;lake
11083;75;43;0;lake;false;lake
11084;76;43;0;lake;false;lake
11085;77;43;0;lake;false;lake
11086;78;43;0;lake;false;lake
11087;79;43;0;lake;false;lake
11088;80;43;0;lake;false;lake
11089;81;43;0;lake;false;lake
11090;82;43;0;lake;false;lake
11091;83;43;0;lake;false;lake
11092;84;43;0;lake;false;lake
11093;85;43;0;lake;false;lake
11094;86;43;0;lake;false;lake
11095;87;43;0;lake;false;lake
11096;88;43;0;lake;false;lake
11097;89;43;0;lake;false;lake
11098;90;43;0;lake;false;lake
11099;91;43;0;lake;false;lake
11100;92;43;0;lake;false;lake
11101;93;43;0;lake;false;lake
11102;94;43;0;lake;false;lake
11103;95;43;0;lake;false;lake
11104;96;43;0;lake;false;lake
11105;97;43;0;lake;false;lake
11106;98;43;0;lake;false;lake
11107;99;43;0;lake;false;lake
11108;100;43;0;lake;false;lake
11109;101;43;0;lake;false;lake
11110;102;43;0;lake;false;lake
11111;103;43;0;lake;false;lake
11112;104;43;0;lake;false;lake
11113;105;43;0;lake;false;lake
11114;106;43;0;lake;false;lake
11115;107;43;0;lake;false;lake
11116;108;43;0;lake;false;lake
11117;109;43;0;lake;false;lake
11118;110;43;0;lake;false;lake
11119;111;43;0;lake;false;lake
11120;112;43;0;lake;false;lake
11121;113;43;0;lake;false;lake
11122;114;43;0;lake;false;lake
11123;115;43;0;lake;false;lake
11124;116;43;0;lake;false;lake
11125;117;43;0;lake;false;lake
11126;118;43;0;lake;false;lake
11127;119;43;0;lake;false;lake
11128;120;43;0;lake;false;lake
11129;121;43;0;lake;false;lake
11130;122;43;0;lake;false;lake
11131;123;43;0;lake;false;lake
11132;124;43;0;lake;false;lake
11133;125;43;0;lake;false;lake
11134;126;43;0;lake;false;lake
11135;127;43;0;lake;false;lake
11136;128;43;0;lake;false;lake
11137;129;43;0;lake;false;lake
11138;130;43;0;lake;false;lake
11139;131;43;0;lake;false;lake
11140;132;43;0;lake;false;lake
11141;133;43;0;lake;false;lake
11142;134;43;0;lake;false;lake
11143;135;43;0;lake;false;lake
11144;136;43;0;lake;false;lake
11145;137;43;0;lake;false;lake
11146;138;43;0;lake;false;lake
11147;139;43;0;lake;false;lake
11148;140;43;0;lake;false;lake
11149;141;43;0;lake;false;lake
11150;142;43;0;lake;false;lake
11151;143;43;0;lake;false;lake
11152;144;43;0;lake;false;lake
11153;145;43;0;lake;false;lake
11154;146;43;0;lake;false;lake
11155;147;43;0;lake;false;lake
11156;148;43;0;sea;false;ocean
11157;149;43;0;lake;false;lake
11158;150;43;0;lake;false;lake
11159;151;43;0;lake;false;lake
11160;152;43;0;lake;false;lake
11161;153;43;0;lake;false;lake
11162;154;43;0;lake;false;lake
11163;155;43;0;lake;false;lake
11164;156;43;0;lake;false;lake
11165;157;43;0;lake;false;lake
11166;158;43;0;lake;false;lake
11167;159;43;0;lake;false;lake
11168;160;43;0;lake;false;lake
11169;161;43;0;lake;false;lake
11170;162;43;0;lake;false;lake
11171;163;43;0;lake;false;lake
11172;164;43;0;lake;false;lake
11173;165;43;0;lake;false;lake
11174;166;43;0;lake;false;lake
11175;167;43;0;lake;false;lake
11176;168;43;0;lake;false;lake
11177;169;43;0;lake;false;lake
11178;170;43;0;lake;false;lake
11179;171;43;0;lake;false;lake
11180;172;43;0;lake;false;lake
11181;173;43;0;lake;false;lake
11182;174;43;0;lake;false;lake
11183;175;43;0;lake;false;lake
11184;176;43;0;lake;false;lake
11185;177;43;0;lake;false;lake
11186;178;43;0;lake;false;lake
11187;179;43;0;lake;false;lake
11188;180;43;0;lake;false;lake
11189;181;43;0;lake;false;lake
11190;182;43;0;lake;false;lake
11191;183;43;0;lake;false;lake
11192;184;43;0;lake;false;lake
11193;185;43;0;lake;false;lake
11194;186;43;0;lake;false;lake
11195;187;43;0;lake;false;lake
11196;188;43;0;lake;false;lake
11197;189;43;0;lake;false;lake
11198;190;43;0;lake;false;lake
11199;191;43;0;lake;false;lake
11200;192;43;0;lake;false;lake
11201;193;43;0;lake;false;lake
11202;194;43;0;lake;false;lake
11203;195;43;0;lake;false;lake
11204;196;43;0;lake;false;lake
11205;197;43;0;lake;false;lake
11206;198;43;0;lake;false;lake
11207;199;43;0;lake;false;lake
11208;200;43;0;lake;false;lake
11209;201;43;0;lake;false;lake
11210;202;43;0;lake;false;lake
11211;203;43;0;lake;false;lake
11212;204;43;0;lake;false;lake
11213;205;43;0;lake;false;lake
11214;206;43;0;lake;false;lake
11215;207;43;0;lake;false;lake
11216;208;43;0;lake;false;lake
11217;209;43;0;lake;false;lake
11218;210;43;0;lake;false;lake
11219;211;43;0;lake;false;lake
11220;212;43;0;lake;false;lake
11221;213;43;0;lake;false;lake
11222;214;43;0;lake;false;lake
11223;215;43;0;lake;false;lake
11224;216;43;0;lake;false;lake
11225;217;43;0;lake;false;lake
11226;218;43;0;lake;false;lake
11227;219;43;0;lake;false;lake
11228;220;43;0;lake;false;lake
11229;221;43;0;lake;false;lake
11230;222;43;0;lake;false;lake
11231;223;43;0;lake;false;lake
11232;224;43;0;lake;false;lake
11233;225;43;0;lake;false;lake
11234;226;43;0;lake;false;lake
11235;227;43;0;lake;false;lake
11236;228;43;0;sea;false;ocean
11237;229;43;0;sea;false;ocean
11238;230;43;0;lake;false;lake
11239;231;43;0;sea;false;ocean
11240;232;43;0;sea;false;ocean
11241;233;43;0;sea;false;ocean
11242;234;43;0;sea;false;ocean
11243;235;43;0;sea;false;ocean
11244;236;43;0;sea;false;ocean
11245;237;43;0;sea;false;ocean
11246;238;43;0;sea;false;ocean
11247;239;43;0;sea;false;ocean
11248;240;43;0;sea;false;ocean
11249;241;43;0;lake;false;lake
11250;242;43;0;lake;false;lake
11251;243;43;0;lake;false;lake
11252;244;43;0;lake;false;lake
11253;245;43;0;lake;false;lake
11254;246;43;0;lake;false;lake
11255;247;43;0;lake;false;lake
11256;248;43;0;lake;false;lake
11257;249;43;0;lake;false;lake
11258;250;43;0;lake;false;lake
11259;251;43;0;lake;false;lake
11260;252;43;0;lake;false;lake
11261;253;43;0;lake;false;lake
11262;254;43;0;lake;false;lake
11263;255;43;0;lake;false;lake
11264;0;44;0;lake;false;lake
11265;1;44;0;lake;false;lake
11266;2;44;0;lake;false;lake
11267;3;44;0;lake;false;lake
11268;4;44;0;lake;false;lake
11269;5;44;0;lake;false;lake
11270;6;44;0;lake;false;lake
11271;7;44;0;lake;false;lake
11272;8;44;0;lake;false;lake
11273;9;44;0;lake;false;lake
11274;10;44;0;lake;false;lake
11275;11;44;0;lake;false;lake
11276;12;44;0;lake;false;lake
11277;13;44;0;lake;false;lake
11278;14;44;0;lake;false;lake
11279;15;44;0;lake;false;lake
11280;16;44;0;lake;false;lake
11281;17;44;0;lake;false;lake
11282;18;44;0;lake;false;lake
11283;19;44;0;sea;false;ocean
11284;20;44;0;lake;false;lake
11285;21;44;0;lake;false;lake
11286;22;44;0;lake;false;lake
11287;23;44;0;lake;false;lake
11288;24;44;0;lake;false;lake
11289;25;44;0;lake;false;lake
11290;26;44;0;lake;false;lake
11291;27;44;0;lake;false;lake
11292;28;44;0;lake;false;lake
11293;29;44;0;lake;false;lake
11294;30;44;0;lake;false;lake
11295;31;44;0;lake;false;lake
11296;32;44;0;lake;false;lake
11297;33;44;0;lake;false;lake
11298;34;44;0;lake;false;lake
11299;35;44;0;lake;false;lake
11300;36;44;0;lake;false;lake
11301;37;44;0;lake;false;lake
11302;38;44;0;lake;false;lake
11303;39;44;0;lake;false;lake
11304;40;44;0;lake;false;lake
11305;41;44;0;lake;false;lake
11306;42;44;0;lake;false;lake
11307;43;44;0;lake;false;lake
11308;44;44;0;lake;false;lake
11309;45;44;0;lake;false;lake
11310;46;44;0;lake;false;lake
11311;47;44;0;lake;false;lake
11312;48;44;0;lake;false;lake
11313;49;44;0;lake;false;lake
11314;50;44;0;lake;false;lake
11315;51;44;0;lake;false;lake
11316;52;44;0;lake;false;lake
11317;53;44;0;lake;false;lake
11318;54;44;0;lake;false;lake
11319;55;44;0;lake;false;lake
11320;56;44;0;lake;false;lake
11321;57;44;0;lake;false;lake
11322;58;44;0;lake;false;lake
11323;59;44;0;lake;false;lake
11324;60;44;0;lake;false;lake
11325;61;44;0;lake;false;lake
11326;62;44;0;lake;false;lake
11327;63;44;0;lake;false;lake
11328;64;44;0;lake;false;lake
11329;65;44;0;lake;false;lake
11330;66;44;0;lake;false;lake
11331;67;44;0;lake;false;lake
11332;68;44;0;lake;false;lake
11333;69;44;0;lake;false;lake
11334;70;44;0;lake;false;lake
11335;71;44;0;lake;false;lake
11336;72;44;0;lake;false;lake
11337;73;44;0;lake;false;lake
11338;74;44;0;lake;false;lake
11339;75;44;0;lake;false;lake
11340;76;44;0;lake;false;lake
11341;77;44;0;lake;false;lake
11342;78;44;0;lake;false;lake
11343;79;44;0;lake;false;lake
11344;80;44;0;lake;false;lake
11345;81;44;0;lake;false;lake
11346;82;44;0;lake;false;lake
11347;83;44;0;lake;false;lake
11348;84;44;0;lake;false;lake
11349;85;44;0;lake;false;lake
11350;86;44;0;lake;false;lake
11351;87;44;0;lake;false;lake
11352;88;44;0;lake;false;lake
11353;89;44;0;lake;false;lake
11354;90;44;0;lake;false;lake
11355;91;44;0;lake;false;lake
11356;92;44;0;lake;false;lake
11357;93;44;0;lake;false;lake
11358;94;44;0;lake;false;lake
11359;95;44;0;lake;false;lake
11360;96;44;0;lake;false;lake
11361;97;44;0;lake;false;lake
11362;98;44;0;lake;false;lake
11363;99;44;0;lake;false;lake
11364;100;44;0;lake;false;lake
11365;101;44;0;lake;false;lake
11366;102;44;0;lake;false;lake
11367;103;44;0;lake;false;lake
11368;104;44;0;lake;false;lake
11369;105;44;0;lake;false;lake
11370;106;44;0;lake;false;lake
11371;107;44;0;lake;false;lake
11372;108;44;0;lake;false;lake
11373;109;44;0;lake;false;lake
11374;110;44;0;lake;false;lake
11375;111;44;0;lake;false;lake
11376;112;44;0;lake;false;lake
11377;113;44;0;lake;false;lake
11378;114;44;0;lake;false;lake
11379;115;44;0;lake;false;lake
11380;116;44;0;lake;false;lake
11381;117;44;0;lake;false;lake
11382;118;44;0;lake;false;lake
11383;119;44;0;lake;false;lake
11384;120;44;0;lake;false;lake
11385;121;44;0;lake;false;lake
11386;122;44;0;lake;false;lake
11387;123;44;0;lake;false;lake
11388;124;44;0;lake;false;lake
11389;125;44;0;lake;false;lake
11390;126;44;0;lake;false;lake
11391;127;44;0;lake;false;lake
11392;128;44;0;lake;false;lake
11393;129;44;0;lake;false;lake
11394;130;44;0;lake;false;lake
11395;131;44;0;lake;false;lake
11396;132;44;0;lake;false;lake
11397;133;44;0;lake;false;lake
11398;134;44;0;lake;false;lake
11399;135;44;0;lake;false;lake
11400;136;44;0;lake;false;lake
11401;137;44;0;lake;false;lake
11402;138;44;0;lake;false;lake
11403;139;44;0;lake;false;lake
11404;140;44;0;lake;false;lake
11405;141;44;0;lake;false;lake
11406;142;44;0;lake;false;lake
11407;143;44;0;lake;false;lake
11408;144;44;0;lake;false;lake
11409;145;44;0;lake;false;lake
11410;146;44;0;lake;false;lake
11411;147;44;0;lake;false;lake
11412;148;44;0;lake;false;lake
11413;149;44;0;lake;false;lake
11414;150;44;0;lake;false;lake
11415;151;44;0;lake;false;lake
11416;152;44;0;lake;false;lake
11417;153;44;0;lake;false;lake
11418;154;44;0;lake;false;lake
11419;155;44;0;lake;false;lake
11420;156;44;0;lake;false;lake
11421;157;44;0;lake;false;lake
11422;158;44;0;lake;false;lake
11423;159;44;0;lake;false;lake
11424;160;44;0;lake;false;lake
11425;161;44;0;lake;false;lake
11426;162;44;0;lake;false;lake
11427;163;44;0;lake;false;lake
11428;164;44;0;lake;false;lake
11429;165;44;0;lake;false;lake
11430;166;44;0;lake;false;lake
11431;167;44;0;lake;false;lake
11432;168;44;0;lake;false;lake
11433;169;44;0;lake;false;lake
11434;170;44;0;lake;false;lake
11435;171;44;0;lake;false;lake
11436;172;44;0;lake;false;lake
11437;173;44;0;lake;false;lake
11438;174;44;0;lake;false;lake
11439;175;44;0;lake;false;lake
11440;176;44;0;lake;false;lake
11441;177;44;0;lake;false;lake
11442;178;44;0;lake;false;lake
11443;179;44;0;lake;false;lake
11444;180;44;0;lake;false;lake
11445;181;44;0;lake;false;lake
11446;182;44;0;lake;false;lake
11447;183;44;0;lake;false;lake
11448;184;44;0;lake;false;lake
11449;185;44;0;lake;false;lake
11450;186;44;0;lake;false;lake
11451;187;44;0;lake;false;lake
11452;188;44;0;lake;false;lake
11453;189;44;0;lake;false;lake
11454;190;44;0;lake;false;lake
11455;191;44;0;lake;false;lake
11456;192;44;0;lake;false;lake
11457;193;44;0;lake;false;lake
11458;194;44;0;lake;false;lake
11459;195;44;0;lake;false;lake
11460;196;44;0;lake;false;lake
11461;197;44;0;lake;false;lake
11462;198;44;0;lake;false;lake
11463;199;44;0;lake;false;lake
11464;200;44;0;lake;false;lake
11465;201;44;0;lake;false;lake
11466;202;44;0;lake;false;lake
11467;203;44;0;lake;false;lake
11468;204;44;0;lake;false;lake
11469;205;44;0;lake;false;lake
11470;206;44;0;lake;false;lake
11471;207;44;0;lake;false;lake
11472;208;44;0;lake;false;lake
11473;209;44;0;lake;false;lake
11474;210;44;0;lake;false;lake
11475;211;44;0;lake;false;lake
11476;212;44;0;lake;false;lake
11477;213;44;0;lake;false;lake
11478;214;44;0;lake;false;lake
11479;215;44;0;lake;false;lake
11480;216;44;0;lake;false;lake
11481;217;44;0;sea;false;ocean
11482;218;44;0;lake;false;lake
11483;219;44;0;lake;false;lake
11484;220;44;0;lake;false;lake
11485;221;44;0;lake;false;lake
11486;222;44;0;lake;false;lake
11487;223;44;0;lake;false;lake
11488;224;44;0;lake;false;lake
11489;225;44;0;lake;false;lake
11490;226;44;0;lake;false;lake
11491;227;44;0;lake;false;lake
11492;228;44;0;lake;false;lake
11493;229;44;0;lake;false;lake
11494;230;44;0;lake;false;lake
11495;231;44;0;lake;false;lake
11496;232;44;0;lake;false;lake
11497;233;44;0;lake;false;lake
11498;234;44;0;lake;false;lake
11499;235;44;0;lake;false;lake
11500;236;44;0;lake;false;lake
11501;237;44;0;lake;false;lake
11502;238;44;0;lake;false;lake
11503;239;44;0;lake;false;lake
11504;240;44;0;lake;false;lake
11505;241;44;0;lake;false;lake
11506;242;44;0;lake;false;lake
11507;243;44;0;lake;false;lake
11508;244;44;0;lake;false;lake
11509;245;44;0;lake;false;lake
11510;246;44;0;lake;false;lake
11511;247;44;0;lake;false;lake
11512;248;44;0;lake;false;lake
11513;249;44;0;lake;false;lake
11514;250;44;0;lake;false;lake
11515;251;44;0;lake;false;lake
11516;252;44;0;lake;false;lake
11517;253;44;0;land;true;plains
11518;254;44;0;land;false;desert
11519;255;44;0;land;false;forest
11520;0;45;0;land;false;plains
11521;1;45;0;land;false;plains
11522;2;45;0;land;true;mountain
11523;3;45;0;land;true;mountain
11524;4;45;0;land;true;mountain
11525;5;45;0;land;true;hills
11526;6;45;0;land;true;mountain
11527;7;45;0;land;true;mountain
11528;8;45;0;land;true;mountain
11529;9;45;0;land;true;mountain
11530;10;45;0;land;true;mountain
11531;11;45;0;land;true;mountain
11532;12;45;0;land;false;forest
11533;13;45;0;land;true;hills
11534;14;45;0;land;true;hills
11535;15;45;0;land;true;mountain
11536;16;45;0;land;true;plains
11537;17;45;0;land;true;mountain
11538;18;45;0;land;true;plains
11539;19;45;0;land;true;hills
11540;20;45;0;land;false;plains
11541;21;45;0;land;false;forest
11542;22;45;0;land;true;plains
11543;23;45;0;land;true;plains
11544;24;45;0;land;true;plains
11545;25;45;0;land;true;plains
11546;26;45;0;land;false;plains
11547;27;45;0;land;true;plains
11548;28;45;0;land;true;hills
11549;29;45;0;land;true;hills
11550;30;45;0;land;true;hills
11551;31;45;0;land;true;mountain
11552;32;45;0;land;true;mountain
11553;33;45;0;land;false;plains
11554;34;45;0;land;true;plains
11555;35;45;0;land;false;plains
11556;36;45;0;land;true;plains
11557;37;45;0;land;true;plains
11558;38;45;0;land;true;plains
11559;39;45;0;land;true;plains
11560;40;45;0;land;false;hills
11561;41;45;0;land;false;hills
11562;42;45;0;land;false;plains
11563;43;45;0;land;false;forest
11564;44;45;0;land;false;mountain
11565;45;45;0;land;true;plains
11566;46;45;0;land;true;plains
11567;47;45;0;land;false;forest
11568;48;45;0;land;true;hills
11569;49;45;0;land;false;forest
11570;50;45;0;land;false;forest
11571;51;45;0;land;true;plains
11572;52;45;0;land;false;forest
11573;53;45;0;land;false;forest
11574;54;45;0;land;true;plains
11575;55;45;0;land;true;plains
11576;56;45;0;land;false;plains
11577;57;45;0;land;false;plains
11578;58;45;0;land;true;plains
11579;59;45;0;land;true;plains
11580;60;45;0;land;true;hills
11581;61;45;0;land;true;plains
11582;62;45;0;land;true;mountain
11583;63;45;0;land;true;mountain
11584;64;45;0;land;true;plains
11585;65;45;0;land;true;plains
11586;66;45;0;land;true;plains
11587;67;45;0;land;true;plains
11588;68;45;0;land;true;hills
11589;69;45;0;land;true;plains
11590;70;45;0;land;false;plains
11591;71;45;0;land;true;mountain
11592;72;45;0;land;false;plains
11593;73;45;0;land;true;plains
11594;74;45;0;land;true;plains
11595;75;45;0;land;false;desert
11596;76;45;0;land;false;mountain
11597;77;45;0;land;true;plains
11598;78;45;0;land;true;plains
11599;79;45;0;land;true;plains
11600;80;45;0;land;false;desert
11601;81;45;0;land;false;plains
11602;82;45;0;land;true;plains
11603;83;45;0;land;true;plains
11604;84;45;0;land;true;plains
11605;85;45;0;land;true;plains
11606;86;45;0;land;true;plains
11607;87;45;0;land;true;plains
11608;88;45;0;land;true;plains
11609;89;45;0;land;true;plains
11610;90;45;0;land;true;plains
11611;91;45;0;land;true;plains
11612;92;45;0;land;false;plains
11613;93;45;0;land;false;forest
11614;94;45;0;land;false;forest
11615;95;45;0;land;false;forest
11616;96;45;0;land;false;plains
11617;97;45;0;land;false;plains
11618;98;45;0;land;false;forest
11619;99;45;0;land;false;forest
11620;100;45;0;land;false;plains
11621;101;45;0;land;true;plains
11622;102;45;0;land;true;plains
11623;103;45;0;land;false;hills
11624;104;45;0;land;false;desert
11625;105;45;0;land;true;hills
11626;106;45;0;land;true;hills
11627;107;45;0;land;true;mountain
11628;108;45;0;land;true;hills
11629;109;45;0;land;true;plains
11630;110;45;0;land;true;mountain
11631;111;45;0;land;false;forest
11632;112;45;0;land;true;plains
11633;113;45;0;land;true;plains
11634;114;45;0;land;false;desert
11635;115;45;0;land;true;plains
11636;116;45;0;land;true;hills
11637;117;45;0;land;true;hills
11638;118;45;0;land;true;forest
11639;119;45;0;land;true;forest
11640;120;45;0;land;true;forest
11641;121;45;0;land;true;hills
11642;122;45;0;land;true;plains
11643;123;45;0;land;true;plains
11644;124;45;0;land;true;plains
11645;125;45;0;land;true;forest
11646;126;45;0;land;true;plains
11647;127;45;0;land;true;plains
11648;128;45;0;land;true;plains
11649;129;45;0;land;true;plains
11650;130;45;0;land;false;mountain
11651;131;45;0;land;false;mountain
11652;132;45;0;land;true;forest
11653;133;45;0;land;true;plains
11654;134;45;0;land;true;plains
11655;135;45;0;land;true;plains
11656;136;45;0;land;true;plains
11657;137;45;0;land;true;plains
11658;138;45;0;land;true;plains
11659;139;45;0;land;true;forest
11660;140;45;0;land;true;plains
11661;141;45;0;land;true;plains
11662;142;45;0;land;true;plains
11663;143;45;0;land;true;plains
11664;144;45;0;land;true;plains
11665;145;45;0;land;true;plains
11666;146;45;0;land;true;plains
11667;147;45;0;land;true;plains
11668;148;45;0;land;true;plains
11669;149;45;0;land;true;plains
11670;150;45;0;land;true;plains
11671;151;45;0;land;false;hills
11672;152;45;0;land;true;hills
11673;153;45;0;land;true;plains
11674;154;45;0;land;true;hills
11675;155;45;0;land;true;plains
11676;156;45;0;land;true;plains
11677;157;45;0;land;true;plains
11678;158;45;0;land;true;plains
11679;159;45;0;land;true;plains
11680;160;45;0;land;true;plains
11681;161;45;0;land;true;plains
11682;162;45;0;land;true;plains
11683;163;45;0;land;false;plains
11684;164;45;0;land;false;desert
11685;165;45;0;land;false;plains
11686;166;45;0;land;false;plains
11687;167;45;0;land;false;plains
11688;168;45;0;land;false;desert
11689;169;45;0;land;false;desert
11690;170;45;0;land;false;desert
11691;171;45;0;land;false;desert
11692;172;45;0;land;false;desert
11693;173;45;0;land;true;plains
11694;174;45;0;land;true;plains
11695;175;45;0;land;true;plains
11696;176;45;0;land;true;plains
11697;177;45;0;land;true;plains
11698;178;45;0;land;true;hills
11699;179;45;0;land;true;plains
11700;180;45;0;land;false;mountain
11701;181;45;0;land;false;mountain
11702;182;45;0;land;false;desert
11703;183;45;0;land;false;plains
11704;184;45;0;land;true;plains
11705;185;45;0;land;true;plains
11706;186;45;0;land;true;plains
11707;187;45;0;land;false;plains
11708;188;45;0;land;false;plains
11709;189;45;0;land;false;plains
11710;190;45;0;land;true;hills
11711;191;45;0;land;true;plains
11712;192;45;0;land;true;plains
11713;193;45;0;land;true;plains
11714;194;45;0;land;false;desert
11715;195;45;0;land;true;plains
11716;196;45;0;land;true;plains
11717;197;45;0;land;true;plains
11718;198;45;0;land;true;mountain
11719;199;45;0;land;true;mountain
11720;200;45;0;land;true;plains
11721;201;45;0;land;true;plains
11722;202;45;0;land;true;hills
11723;203;45;0;land;true;plains
11724;204;45;0;land;true;hills
11725;205;45;0;land;true;mountain
11726;206;45;0;land;true;mountain
11727;207;45;0;land;true;hills
11728;208;45;0;land;true;hills
11729;209;45;0;land;true;hills
11730;210;45;0;land;true;hills
11731;211;45;0;land;true;plains
11732;212;45;0;land;true;hills
11733;213;45;0;land;true;hills
11734;214;45;0;land;true;plains
11735;215;45;0;land;true;hills
11736;216;45;0;land;true;hills
11737;217;45;0;land;true;hills
11738;218;45;0;land;true;forest
11739;219;45;0;land;true;hills
11740;220;45;0;land;true;hills
11741;221;45;0;land;true;mountain
11742;222;45;0;land;true;plains
11743;223;45;0;land;true;hills
11744;224;45;0;land;true;mountain
11745;225;45;0;land;true;mountain
11746;226;45;0;land;true;mountain
11747;227;45;0;land;true;hills
11748;228;45;0;land;true;mountain
11749;229;45;0;land;true;mountain
11750;230;45;0;land;true;plains
11751;231;45;0;land;true;plains
11752;232;45;0;land;true;mountain
11753;233;45;0;land;true;plains
11754;234;45;0;land;true;plains
11755;235;45;0;land;true;forest
11756;236;45;0;land;true;plains
11757;237;45;0;land;true;plains
11758;238;45;0;land;true;plains
11759;239;45;0;land;true;forest
11760;240;45;0;land;true;plains
11761;241;45;0;land;true;plains
11762;242;45;0;land;true;plains
11763;243;45;0;land;true;plains
11764;244;45;0;land;true;plains
11765;245;45;0;land;true;plains
11766;246;45;0;land;false;hills
11767;247;45;0;land;true;plains
11768;248;45;0;land;false;forest
11769;249;45;0;land;true;plains
11770;250;45;0;land;true;plains
11771;251;45;0;land;true;plains
11772;252;45;0;land;true;plains
11773;253;45;0;land;true;plains
11774;254;45;0;land;true;plains
11775;255;45;0;land;true;plains
11776;0;46;0;land;true;hills
11777;1;46;0;land;false;plains
11778;2;46;0;land;true;desert
11779;3;46;0;land;true;desert
11780;4;46;0;land;true;plains
11781;5;46;0;land;true;plains
11782;6;46;0;land;true;plains
11783;7;46;0;land;true;plains
11784;8;46;0;land;true;plains
11785;9;46;0;land;true;plains
11786;10;46;0;land;true;plains
11787;11;46;0;land;true;plains
11788;12;46;0;land;true;plains
11789;13;46;0;land;true;plains
11790;14;46;0;land;true;plains
11791;15;46;0;land;true;plains
11792;16;46;0;land;true;plains
11793;17;46;0;land;true;hills
11794;18;46;0;land;true;plains
11795;19;46;0;land;true;mountain
11796;20;46;0;land;false;plains
11797;21;46;0;land;true;plains
11798;22;46;0;land;true;plains
11799;23;46;0;land;true;plains
11800;24;46;0;land;true;plains
11801;25;46;0;land;true;plains
11802;26;46;0;land;true;plains
11803;27;46;0;land;true;plains
11804;28;46;0;land;true;plains
11805;29;46;0;land;true;hills
11806;30;46;0;land;true;hills
11807;31;46;0;land;true;hills
11808;32;46;0;land;true;hills
11809;33;46;0;land;true;hills
11810;34;46;0;land;true;mountain
11811;35;46;0;land;true;plains
11812;36;46;0;land;true;plains
11813;37;46;0;land;true;mountain
11814;38;46;0;land;true;hills
11815;39;46;0;land;true;plains
11816;40;46;0;land;true;plains
11817;41;46;0;land;true;plains
11818;42;46;0;land;true;plains
11819;43;46;0;land;true;plains
11820;44;46;0;land;true;plains
11821;45;46;0;land;true;plains
11822;46;46;0;land;true;plains
11823;47;46;0;land;true;plains
11824;48;46;0;land;true;plains
11825;49;46;0;land;true;plains
11826;50;46;0;land;true;plains
11827;51;46;0;land;true;plains
11828;52;46;0;land;true;plains
11829;53;46;0;land;true;plains
11830;54;46;0;land;true;plains
11831;55;46;0;land;true;plains
11832;56;46;0;land;true;plains
11833;57;46;0;land;true;plains
11834;58;46;0;land;true;plains
11835;59;46;0;land;true;plains
11836;60;46;0;land;true;plains
11837;61;46;0;land;true;plains
11838;62;46;0;land;true;hills
11839;63;46;0;land;true;hills
11840;64;46;0;land;true;mountain
11841;65;46;0;land;true;hills
11842;66;46;0;land;true;mountain
11843;67;46;0;land;true;mountain
11844;68;46;0;land;true;mountain
11845;69;46;0;land;true;mountain
11846;70;46;0;land;true;hills
11847;71;46;0;land;true;mountain
11848;72;46;0;land;true;plains
11849;73;46;0;land;true;plains
11850;74;46;0;land;true;plains
11851;75;46;0;land;true;plains
11852;76;46;0;land;true;plains
11853;77;46;0;land;true;plains
11854;78;46;0;land;true;hills
11855;79;46;0;land;true;plains
11856;80;46;0;land;false;forest
11857;81;46;0;land;false;forest
11858;82;46;0;land;false;forest
11859;83;46;0;land;true;plains
11860;84;46;0;land;true;forest
11861;85;46;0;land;true;mountain
11862;86;46;0;land;true;hills
11863;87;46;0;land;true;plains
11864;88;46;0;land;false;hills
11865;89;46;0;land;true;mountain
11866;90;46;0;land;true;plains
11867;91;46;0;land;true;hills
11868;92;46;0;land;true;hills
11869;93;46;0;land;true;plains
11870;94;46;0;land;true;hills
11871;95;46;0;land;true;plains
11872;96;46;0;land;true;plains
11873;97;46;0;land;true;plains
11874;98;46;0;land;true;plains
11875;99;46;0;land;true;hills
11876;100;46;0;land;true;plains
11877;101;46;0;land;true;plains
11878;102;46;0;land;true;plains
11879;103;46;0;land;true;plains
11880;104;46;0;land;true;plains
11881;105;46;0;land;true;plains
11882;106;46;0;land;true;plains
11883;107;46;0;land;true;plains
11884;108;46;0;land;true;plains
11885;109;46;0;land;true;plains
11886;110;46;0;land;true;plains
11887;111;46;0;land;true;plains
11888;112;46;0;land;true;plains
11889;113;46;0;land;true;plains
11890;114;46;0;land;true;plains
11891;115;46;0;land;true;plains
11892;116;46;0;land;false;hills
11893;117;46;0;land;true;plains
11894;118;46;0;land;true;plains
11895;119;46;0;land;true;plains
11896;120;46;0;land;true;mountain
11897;121;46;0;land;false;plains
11898;122;46;0;land;false;plains
11899;123;46;0;land;true;plains
11900;124;46;0;land;true;mountain
11901;125;46;0;land;true;plains
11902;126;46;0;land;true;plains
11903;127;46;0;land;true;plains
11904;128;46;0;land;true;plains
11905;129;46;0;land;true;plains
11906;130;46;0;land;true;plains
11907;131;46;0;land;true;plains
11908;132;46;0;land;false;plains
11909;133;46;0;land;true;plains
11910;134;46;0;land;true;plains
11911;135;46;0;land;true;plains
11912;136;46;0;land;true;mountain
11913;137;46;0;land;true;plains
11914;138;46;0;land;true;hills
11915;139;46;0;land;true;plains
11916;140;46;0;land;true;plains
11917;141;46;0;land;true;plains
11918;142;46;0;land;true;plains
11919;143;46;0;land;true;plains
11920;144;46;0;land;true;plains
11921;145;46;0;land;false;plains
11922;146;46;0;land;true;hills
11923;147;46;0;land;true;hills
11924;148;46;0;land;true;plains
11925;149;46;0;land;true;mountain
11926;150;46;0;land;true;hills
11927;151;46;0;land;false;hills
11928;152;46;0;land;true;plains
11929;153;46;0;land;true;plains
11930;154;46;0;land;true;mountain
11931;155;46;0;land;true;mountain
11932;156;46;0;land;true;mountain
11933;157;46;0;land;true;mountain
11934;158;46;0;land;true;plains
11935;159;46;0;land;true;plains
11936;160;46;0;land;true;plains
11937;161;46;0;land;true;plains
11938;162;46;0;land;true;hills
11939;163;46;0;land;true;mountain
11940;164;46;0;land;true;mountain
11941;165;46;0;land;true;mountain
11942;166;46;0;land;true;mountain
11943;167;46;0;land;true;mountain
11944;168;46;0;land;false;plains
11945;169;46;0;land;true;plains
11946;170;46;0;land;true;plains
11947;171;46;0;land;true;plains
11948;172;46;0;land;true;mountain
11949;173;46;0;land;true;hills
11950;174;46;0;land;true;hills
11951;175;46;0;land;true;plains
11952;176;46;0;land;true;plains
11953;177;46;0;land;true;plains
11954;178;46;0;land;true;plains
11955;179;46;0;land;true;mountain
11956;180;46;0;land;true;hills
11957;181;46;0;land;true;hills
11958;182;46;0;land;true;mountain
11959;183;46;0;land;true;mountain
11960;184;46;0;land;true;hills
11961;185;46;0;land;true;hills
11962;186;46;0;land;true;plains
11963;187;46;0;land;true;plains
11964;188;46;0;land;true;plains
11965;189;46;0;land;true;plains
11966;190;46;0;land;true;plains
11967;191;46;0;land;true;hills
11968;192;46;0;land;true;plains
11969;193;46;0;land;true;mountain
11970;194;46;0;land;true;mountain
11971;195;46;0;land;true;hills
11972;196;46;0;land;true;mountain
11973;197;46;0;land;true;hills
11974;198;46;0;land;true;plains
11975;199;46;0;land;true;mountain
11976;200;46;0;land;true;mountain
11977;201;46;0;land;true;mountain
11978;202;46;0;land;true;hills
11979;203;46;0;land;true;plains
11980;204;46;0;land;true;plains
11981;205;46;0;land;true;hills
11982;206;46;0;land;true;hills
11983;207;46;0;land;true;hills
11984;208;46;0;land;true;mountain
11985;209;46;0;land;true;mountain
11986;210;46;0;land;true;mountain
11987;211;46;0;land;true;mountain
11988;212;46;0;land;true;hills
11989;213;46;0;land;true;mountain
11990;214;46;0;land;true;mountain
11991;215;46;0;land;true;plains
11992;216;46;0;land;true;plains
11993;217;46;0;land;true;plains
11994;218;46;0;land;true;plains
11995;219;46;0;land;true;mountain
11996;220;46;0;land;true;mountain
11997;221;46;0;land;true;mountain
11998;222;46;0;land;true;plains
11999;223;46;0;land;true;mountain
12000;224;46;0;land;true;plains
12001;225;46;0;land;true;plains
12002;226;46;0;land;true;mountain
12003;227;46;0;land;true;hills
12004;228;46;0;land;true;plains
12005;229;46;0;land;true;plains
12006;230;46;0;land;true;mountain
12007;231;46;0;land;true;mountain
12008;232;46;0;land;true;mountain
12009;233;46;0;land;true;mountain
12010;234;46;0;land;true;plains
12011;235;46;0;land;true;hills
12012;236;46;0;land;true;mountain
12013;237;46;0;land;true;mountain
12014;238;46;0;land;true;mountain
12015;239;46;0;land;true;plains
12016;240;46;0;land;true;plains
12017;241;46;0;land;true;plains
12018;242;46;0;land;true;plains
12019;243;46;0;land;true;hills
12020;244;46;0;land;true;hills
12021;245;46;0;land;true;plains
12022;246;46;0;land;true;plains
12023;247;46;0;land;true;plains
12024;248;46;0;land;true;mountain
12025;249;46;0;land;true;plains
12026;250;46;0;land;true;mountain
12027;251;46;0;land;true;hills
12028;252;46;0;land;true;mountain
12029;253;46;0;land;true;mountain
12030;254;46;0;land;true;hills
12031;255;46;0;land;true;plains
12032;0;47;0;land;true;hills
12033;1;47;0;land;true;plains
12034;2;47;0;land;true;plains
12035;3;47;0;land;true;plains
12036;4;47;0;land;true;plains
12037;5;47;0;land;true;plains
12038;6;47;0;land;true;hills
12039;7;47;0;land;true;plains
12040;8;47;0;land;true;plains
12041;9;47;0;land;true;plains
12042;10;47;0;land;true;mountain
12043;11;47;0;land;true;plains
12044;12;47;0;land;true;mountain
12045;13;47;0;land;true;plains
12046;14;47;0;land;true;mountain
12047;15;47;0;land;true;plains
12048;16;47;0;land;true;hills
12049;17;47;0;land;true;hills
12050;18;47;0;land;true;plains
12051;19;47;0;land;true;plains
12052;20;47;0;land;true;mountain
12053;21;47;0;land;true;mountain
12054;22;47;0;land;true;plains
12055;23;47;0;land;true;mountain
12056;24;47;0;land;true;plains
12057;25;47;0;land;true;hills
12058;26;47;0;land;true;plains
12059;27;47;0;land;true;mountain
12060;28;47;0;land;true;plains
12061;29;47;0;land;true;plains
12062;30;47;0;land;true;plains
12063;31;47;0;land;true;plains
12064;32;47;0;land;true;plains
12065;33;47;0;land;true;plains
12066;34;47;0;land;true;mountain
12067;35;47;0;land;true;hills
12068;36;47;0;land;true;hills
12069;37;47;0;land;true;hills
12070;38;47;0;land;true;mountain
12071;39;47;0;land;true;mountain
12072;40;47;0;land;true;mountain
12073;41;47;0;land;true;mountain
12074;42;47;0;land;true;mountain
12075;43;47;0;land;true;plains
12076;44;47;0;land;true;plains
12077;45;47;0;land;true;plains
12078;46;47;0;land;false;plains
12079;47;47;0;land;false;plains
12080;48;47;0;land;false;hills
12081;49;47;0;land;false;forest
12082;50;47;0;land;false;plains
12083;51;47;0;land;false;plains
12084;52;47;0;land;false;hills
12085;53;47;0;land;false;plains
12086;54;47;0;land;false;desert
12087;55;47;0;land;false;mountain
12088;56;47;0;land;false;mountain
12089;57;47;0;land;false;hills
12090;58;47;0;land;false;forest
12091;59;47;0;land;false;plains
12092;60;47;0;land;false;plains
12093;61;47;0;land;false;plains
12094;62;47;0;land;false;plains
12095;63;47;0;land;false;forest
12096;64;47;0;land;false;forest
12097;65;47;0;land;false;forest
12098;66;47;0;land;false;forest
12099;67;47;0;land;false;plains
12100;68;47;0;land;false;forest
12101;69;47;0;land;false;forest
12102;70;47;0;land;false;plains
12103;71;47;0;land;true;plains
12104;72;47;0;land;false;desert
12105;73;47;0;land;false;hills
12106;74;47;0;land;false;plains
12107;75;47;0;land;false;plains
12108;76;47;0;land;false;forest
12109;77;47;0;land;false;forest
12110;78;47;0;land;false;forest
12111;79;47;0;land;false;forest
12112;80;47;0;land;false;forest
12113;81;47;0;land;false;forest
12114;82;47;0;land;false;forest
12115;83;47;0;land;false;forest
12116;84;47;0;land;false;forest
12117;85;47;0;land;false;forest
12118;86;47;0;land;false;forest
12119;87;47;0;land;false;forest
12120;88;47;0;land;false;forest
12121;89;47;0;land;false;forest
12122;90;47;0;land;false;forest
12123;91;47;0;land;false;forest
12124;92;47;0;land;false;forest
12125;93;47;0;land;false;forest
12126;94;47;0;land;true;hills
12127;95;47;0;land;false;plains
12128;96;47;0;land;false;plains
12129;97;47;0;land;true;plains
12130;98;47;0;land;true;plains
12131;99;47;0;land;false;mountain
12132;100;47;0;land;false;mountain
12133;101;47;0;land;false;hills
12134;102;47;0;land;true;plains
12135;103;47;0;land;true;plains
12136;104;47;0;land;true;plains
12137;105;47;0;land;true;plains
12138;106;47;0;land;true;plains
12139;107;47;0;land;true;plains
12140;108;47;0;land;true;plains
12141;109;47;0;land;true;plains
12142;110;47;0;land;true;plains
12143;111;47;0;land;false;forest
12144;112;47;0;land;false;forest
12145;113;47;0;land;false;forest
12146;114;47;0;land;false;forest
12147;115;47;0;land;false;forest
12148;116;47;0;land;true;plains
12149;117;47;0;land;false;forest
12150;118;47;0;land;false;forest
12151;119;47;0;land;false;plains
12152;120;47;0;land;false;forest
12153;121;47;0;land;false;forest
12154;122;47;0;land;false;forest
12155;123;47;0;land;false;hills
12156;124;47;0;land;true;plains
12157;125;47;0;land;true;plains
12158;126;47;0;land;true;plains
12159;127;47;0;land;true;plains
12160;128;47;0;land;false;forest
12161;129;47;0;land;true;hills
12162;130;47;0;land;true;hills
12163;131;47;0;land;true;hills
12164;132;47;0;land;false;forest
12165;133;47;0;land;false;forest
12166;134;47;0;land;false;plains
12167;135;47;0;land;false;forest
12168;136;47;0;land;false;forest
12169;137;47;0;land;false;forest
12170;138;47;0;land;false;forest
12171;139;47;0;land;false;forest
12172;140;47;0;land;false;forest
12173;141;47;0;land;false;plains
12174;142;47;0;land;false;forest
12175;143;47;0;land;true;plains
12176;144;47;0;land;true;plains
12177;145;47;0;land;true;plains
12178;146;47;0;land;false;forest
12179;147;47;0;land;false;forest
12180;148;47;0;land;false;forest
12181;149;47;0;land;true;plains
12182;150;47;0;land;true;plains
12183;151;47;0;land;false;forest
12184;152;47;0;land;true;plains
12185;153;47;0;land;true;hills
12186;154;47;0;land;true;plains
12187;155;47;0;land;false;plains
12188;156;47;0;land;false;plains
12189;157;47;0;land;false;plains
12190;158;47;0;land;false;plains
12191;159;47;0;land;false;plains
12192;160;47;0;land;false;plains
12193;161;47;0;land;false;plains
12194;162;47;0;land;true;plains
12195;163;47;0;land;false;hills
12196;164;47;0;land;true;plains
12197;165;47;0;land;true;plains
12198;166;47;0;land;true;plains
12199;167;47;0;land;true;plains
12200;168;47;0;land;true;plains
12201;169;47;0;land;true;plains
12202;170;47;0;land;true;plains
12203;171;47;0;land;true;hills
12204;172;47;0;land;true;hills
12205;173;47;0;land;true;hills
12206;174;47;0;land;true;hills
12207;175;47;0;land;true;plains
12208;176;47;0;land;true;plains
12209;177;47;0;land;true;plains
12210;178;47;0;land;true;plains
12211;179;47;0;land;true;plains
12212;180;47;0;land;true;plains
12213;181;47;0;land;true;hills
12214;182;47;0;land;true;plains
12215;183;47;0;land;true;hills
12216;184;47;0;land;true;hills
12217;185;47;0;land;true;plains
12218;186;47;0;land;true;plains
12219;187;47;0;land;true;hills
12220;188;47;0;land;true;hills
12221;189;47;0;land;true;mountain
12222;190;47;0;land;true;hills
12223;191;47;0;land;true;plains
12224;192;47;0;land;true;hills
12225;193;47;0;land;true;plains
12226;194;47;0;land;true;plains
12227;195;47;0;land;true;plains
12228;196;47;0;land;true;plains
12229;197;47;0;land;true;plains
12230;198;47;0;land;true;plains
12231;199;47;0;land;true;plains
12232;200;47;0;land;true;plains
12233;201;47;0;land;true;plains
12234;202;47;0;land;true;hills
12235;203;47;0;land;true;hills
12236;204;47;0;land;true;forest
12237;205;47;0;land;true;plains
12238;206;47;0;land;true;plains
12239;207;47;0;land;true;plains
12240;208;47;0;land;true;mountain
12241;209;47;0;land;true;mountain
12242;210;47;0;land;true;hills
12243;211;47;0;land;true;hills
12244;212;47;0;land;true;mountain
12245;213;47;0;land;true;hills
12246;214;47;0;land;true;plains
12247;215;47;0;land;true;plains
12248;216;47;0;land;true;plains
12249;217;47;0;land;false;forest
12250;218;47;0;land;true;plains
12251;219;47;0;land;true;plains
12252;220;47;0;land;false;desert
12253;221;47;0;land;false;desert
12254;222;47;0;land;true;plains
12255;223;47;0;land;true;plains
12256;224;47;0;land;true;plains
12257;225;47;0;land;true;plains
12258;226;47;0;land;true;plains
12259;227;47;0;land;false;desert
12260;228;47;0;land;true;plains
12261;229;47;0;land;true;plains
12262;230;47;0;land;true;plains
12263;231;47;0;land;true;plains
12264;232;47;0;land;true;plains
12265;233;47;0;land;true;plains
12266;234;47;0;land;true;plains
12267;235;47;0;land;false;plains
12268;236;47;0;land;true;mountain
12269;237;47;0;land;true;mountain
12270;238;47;0;land;true;plains
12271;239;47;0;land;true;plains
12272;240;47;0;land;true;plains
12273;241;47;0;land;true;plains
12274;242;47;0;land;true;plains
12275;243;47;0;land;true;plains
12276;244;47;0;land;true;plains
12277;245;47;0;land;true;plains
12278;246;47;0;land;true;plains
12279;247;47;0;land;true;plains
12280;248;47;0;land;true;plains
12281;249;47;0;land;true;plains
12282;250;47;0;land;true;plains
12283;251;47;0;land;true;plains
12284;252;47;0;land;true;plains
12285;253;47;0;land;true;plains
12286;254;47;0;land;true;plains
12287;255;47;0;land;true;plains
12288;0;48;0;land;true;plains
12289;1;48;0;land;true;plains
12290;2;48;0;land;true;plains
12291;3;48;0;land;true;mountain
12292;4;48;0;land;true;plains
12293;5;48;0;land;true;plains
12294;6;48;0;land;true;plains
12295;7;48;0;land;true;plains
12296;8;48;0;land;true;hills
12297;9;48;0;land;true;hills
12298;10;48;0;land;true;plains
12299;11;48;0;land;true;plains
12300;12;48;0;land;true;plains
12301;13;48;0;land;true;plains
12302;14;48;0;land;true;plains
12303;15;48;0;land;true;plains
12304;16;48;0;land;true;plains
12305;17;48;0;land;true;plains
12306;18;48;0;land;true;plains
12307;19;48;0;land;true;plains
12308;20;48;0;land;true;plains
12309;21;48;0;land;true;plains
12310;22;48;0;land;true;plains
12311;23;48;0;land;true;plains
12312;24;48;0;land;true;plains
12313;25;48;0;land;true;plains
12314;26;48;0;land;true;plains
12315;27;48;0;land;true;plains
12316;28;48;0;land;true;plains
12317;29;48;0;land;true;plains
12318;30;48;0;land;true;plains
12319;31;48;0;land;true;plains
12320;32;48;0;land;true;plains
12321;33;48;0;land;true;plains
12322;34;48;0;land;true;plains
12323;35;48;0;land;true;plains
12324;36;48;0;land;true;plains
12325;37;48;0;land;true;plains
12326;38;48;0;land;true;plains
12327;39;48;0;land;true;plains
12328;40;48;0;land;true;plains
12329;41;48;0;land;true;plains
12330;42;48;0;land;true;plains
12331;43;48;0;land;true;plains
12332;44;48;0;land;true;plains
12333;45;48;0;land;true;plains
12334;46;48;0;land;true;plains
12335;47;48;0;land;true;plains
12336;48;48;0;land;true;plains
12337;49;48;0;land;true;plains
12338;50;48;0;land;true;plains
12339;51;48;0;land;true;plains
12340;52;48;0;land;false;plains
12341;53;48;0;land;false;plains
12342;54;48;0;land;true;plains
12343;55;48;0;land;true;plains
12344;56;48;0;land;true;plains
12345;57;48;0;land;true;plains
12346;58;48;0;land;true;plains
12347;59;48;0;land;true;plains
12348;60;48;0;land;true;plains
12349;61;48;0;land;true;plains
12350;62;48;0;land;true;plains
12351;63;48;0;land;true;plains
12352;64;48;0;land;true;plains
12353;65;48;0;land;true;hills
12354;66;48;0;land;true;hills
12355;67;48;0;land;true;plains
12356;68;48;0;land;true;mountain
12357;69;48;0;land;true;mountain
12358;70;48;0;land;true;plains
12359;71;48;0;land;false;plains
12360;72;48;0;land;false;plains
12361;73;48;0;land;true;plains
12362;74;48;0;land;true;plains
12363;75;48;0;land;true;plains
12364;76;48;0;land;true;plains
12365;77;48;0;land;true;plains
12366;78;48;0;land;true;plains
12367;79;48;0;land;true;plains
12368;80;48;0;land;true;plains
12369;81;48;0;land;true;plains
12370;82;48;0;land;true;plains
12371;83;48;0;land;true;plains
12372;84;48;0;land;true;plains
12373;85;48;0;land;true;plains
12374;86;48;0;land;true;plains
12375;87;48;0;land;true;plains
12376;88;48;0;land;false;forest
12377;89;48;0;land;true;plains
12378;90;48;0;land;true;plains
12379;91;48;0;land;true;plains
12380;92;48;0;land;true;plains
12381;93;48;0;land;true;plains
12382;94;48;0;land;true;plains
12383;95;48;0;land;false;plains
12384;96;48;0;land;false;plains
12385;97;48;0;land;true;hills
12386;98;48;0;land;true;mountain
12387;99;48;0;land;false;plains
12388;100;48;0;land;true;plains
12389;101;48;0;land;true;plains
12390;102;48;0;land;true;plains
12391;103;48;0;land;false;plains
12392;104;48;0;land;false;plains
12393;105;48;0;land;true;plains
12394;106;48;0;land;true;plains
12395;107;48;0;land;true;plains
12396;108;48;0;land;true;plains
12397;109;48;0;land;true;plains
12398;110;48;0;land;true;plains
12399;111;48;0;land;true;plains
12400;112;48;0;land;true;plains
12401;113;48;0;land;true;plains
12402;114;48;0;land;false;forest
12403;115;48;0;land;false;forest
12404;116;48;0;land;false;plains
12405;117;48;0;land;true;plains
12406;118;48;0;land;true;plains
12407;119;48;0;land;true;plains
12408;120;48;0;land;true;plains
12409;121;48;0;land;true;plains
12410;122;48;0;land;true;plains
12411;123;48;0;land;true;plains
12412;124;48;0;land;true;plains
12413;125;48;0;land;true;plains
12414;126;48;0;land;true;plains
12415;127;48;0;land;true;plains
12416;128;48;0;land;true;plains
12417;129;48;0;land;true;plains
12418;130;48;0;land;true;plains
12419;131;48;0;land;true;plains
12420;132;48;0;land;true;plains
12421;133;48;0;land;false;forest
12422;134;48;0;land;false;forest
12423;135;48;0;land;true;hills
12424;136;48;0;land;true;plains
12425;137;48;0;land;true;plains
12426;138;48;0;land;true;plains
12427;139;48;0;land;true;hills
12428;140;48;0;land;true;plains
12429;141;48;0;land;true;hills
12430;142;48;0;land;true;plains
12431;143;48;0;land;true;hills
12432;144;48;0;land;true;plains
12433;145;48;0;land;true;plains
12434;146;48;0;land;true;hills
12435;147;48;0;land;true;hills
12436;148;48;0;land;true;mountain
12437;149;48;0;land;true;hills
12438;150;48;0;land;true;hills
12439;151;48;0;land;true;hills
12440;152;48;0;land;true;hills
12441;153;48;0;land;true;hills
12442;154;48;0;land;true;hills
12443;155;48;0;land;true;hills
12444;156;48;0;land;true;hills
12445;157;48;0;land;true;hills
12446;158;48;0;land;true;hills
12447;159;48;0;land;true;plains
12448;160;48;0;land;true;plains
12449;161;48;0;land;true;hills
12450;162;48;0;land;true;hills
12451;163;48;0;land;true;hills
12452;164;48;0;land;true;hills
12453;165;48;0;land;true;hills
12454;166;48;0;land;true;mountain
12455;167;48;0;land;true;hills
12456;168;48;0;land;true;hills
12457;169;48;0;land;true;plains
12458;170;48;0;land;true;plains
12459;171;48;0;land;true;plains
12460;172;48;0;land;true;plains
12461;173;48;0;land;true;plains
12462;174;48;0;land;true;plains
12463;175;48;0;land;true;plains
12464;176;48;0;land;true;plains
12465;177;48;0;land;true;plains
12466;178;48;0;land;true;plains
12467;179;48;0;land;true;plains
12468;180;48;0;land;true;plains
12469;181;48;0;land;true;plains
12470;182;48;0;land;true;plains
12471;183;48;0;land;true;plains
12472;184;48;0;land;true;plains
12473;185;48;0;land;true;plains
12474;186;48;0;land;true;plains
12475;187;48;0;land;true;plains
12476;188;48;0;land;true;plains
12477;189;48;0;land;true;plains
12478;190;48;0;land;true;plains
12479;191;48;0;land;true;plains
12480;192;48;0;land;true;plains
12481;193;48;0;land;true;plains
12482;194;48;0;land;true;plains
12483;195;48;0;land;false;hills
12484;196;48;0;land;true;hills
12485;197;48;0;land;true;plains
12486;198;48;0;land;true;plains
12487;199;48;0;land;true;plains
12488;200;48;0;land;true;plains
12489;201;48;0;land;true;plains
12490;202;48;0;land;true;plains
12491;203;48;0;land;true;hills
12492;204;48;0;land;true;plains
12493;205;48;0;land;true;plains
12494;206;48;0;land;true;plains
12495;207;48;0;land;true;plains
12496;208;48;0;land;true;plains
12497;209;48;0;land;true;plains
12498;210;48;0;land;true;plains
12499;211;48;0;land;true;plains
12500;212;48;0;land;true;plains
12501;213;48;0;land;true;plains
12502;214;48;0;land;true;plains
12503;215;48;0;land;true;plains
12504;216;48;0;land;true;plains
12505;217;48;0;land;true;plains
12506;218;48;0;land;true;plains
12507;219;48;0;land;true;plains
12508;220;48;0;land;true;plains
12509;221;48;0;land;true;plains
12510;222;48;0;land;true;hills
12511;223;48;0;land;true;hills
12512;224;48;0;land;true;mountain
12513;225;48;0;land;true;plains
12514;226;48;0;land;true;hills
12515;227;48;0;land;true;hills
12516;228;48;0;land;true;plains
12517;229;48;0;land;true;plains
12518;230;48;0;land;true;plains
12519;231;48;0;land;false;plains
12520;232;48;0;land;false;hills
12521;233;48;0;land;false;plains
12522;234;48;0;land;false;forest
12523;235;48;0;land;false;forest
12524;236;48;0;land;false;forest
12525;237;48;0;land;false;plains
12526;238;48;0;land;false;plains
12527;239;48;0;land;false;plains
12528;240;48;0;land;false;forest
12529;241;48;0;land;false;forest
12530;242;48;0;land;false;forest
12531;243;48;0;land;false;forest
12532;244;48;0;sea;false;ocean
12533;245;48;0;sea;false;ocean
12534;246;48;0;sea;false;ocean
12535;247;48;0;sea;false;ocean
12536;248;48;0;sea;false;ocean
12537;249;48;0;sea;false;ocean
12538;250;48;0;sea;false;ocean
12539;251;48;0;sea;false;ocean
12540;252;48;0;sea;false;ocean
12541;253;48;0;sea;false;ocean
12542;254;48;0;sea;false;ocean
12543;255;48;0;sea;false;ocean
12544;0;49;0;sea;false;ocean
12545;1;49;0;sea;false;ocean
12546;2;49;0;sea;false;ocean
12547;3;49;0;sea;false;ocean
12548;4;49;0;sea;false;ocean
12549;5;49;0;sea;false;ocean
12550;6;49;0;sea;false;ocean
12551;7;49;0;sea;false;ocean
12552;8;49;0;sea;false;ocean
12553;9;49;0;sea;false;ocean
12554;10;49;0;sea;false;ocean
12555;11;49;0;sea;false;ocean
12556;12;49;0;sea;false;ocean
12557;13;49;0;sea;false;ocean
12558;14;49;0;sea;false;ocean
12559;15;49;0;sea;false;ocean
12560;16;49;0;sea;false;ocean
12561;17;49;0;sea;false;ocean
12562;18;49;0;sea;false;ocean
12563;19;49;0;sea;false;ocean
12564;20;49;0;sea;false;ocean
12565;21;49;0;sea;false;ocean
12566;22;49;0;sea;false;ocean
12567;23;49;0;sea;false;ocean
12568;24;49;0;sea;false;ocean
12569;25;49;0;sea;false;ocean
12570;26;49;0;sea;false;ocean
12571;27;49;0;sea;false;ocean
12572;28;49;0;sea;false;ocean
12573;29;49;0;sea;false;ocean
12574;30;49;0;sea;false;ocean
12575;31;49;0;sea;false;ocean
12576;32;49;0;sea;false;ocean
12577;33;49;0;sea;false;ocean
12578;34;49;0;sea;false;ocean
12579;35;49;0;sea;false;ocean
12580;36;49;0;sea;false;ocean
12581;37;49;0;sea;false;ocean
12582;38;49;0;sea;false;ocean
12583;39;49;0;sea;false;ocean
12584;40;49;0;sea;false;ocean
12585;41;49;0;sea;false;ocean
12586;42;49;0;sea;false;ocean
12587;43;49;0;sea;false;ocean
12588;44;49;0;sea;false;ocean
12589;45;49;0;sea;false;ocean
12590;46;49;0;sea;false;ocean
12591;47;49;0;sea;false;ocean
12592;48;49;0;sea;false;ocean
12593;49;49;0;sea;false;ocean
12594;50;49;0;sea;false;ocean
12595;51;49;0;sea;false;ocean
12596;52;49;0;sea;false;ocean
12597;53;49;0;sea;false;ocean
12598;54;49;0;sea;false;ocean
12599;55;49;0;sea;false;ocean
12600;56;49;0;sea;false;ocean
12601;57;49;0;sea;false;ocean
12602;58;49;0;sea;false;ocean
12603;59;49;0;sea;false;ocean
12604;60;49;0;sea;false;ocean
12605;61;49;0;sea;false;ocean
12606;62;49;0;sea;false;ocean
12607;63;49;0;sea;false;ocean
12608;64;49;0;sea;false;ocean
12609;65;49;0;sea;false;ocean
12610;66;49;0;sea;false;ocean
12611;67;49;0;sea;false;ocean
12612;68;49;0;sea;false;ocean
12613;69;49;0;sea;false;ocean
12614;70;49;0;sea;false;ocean
12615;71;49;0;sea;false;ocean
12616;72;49;0;sea;false;ocean
12617;73;49;0;sea;false;ocean
12618;74;49;0;sea;false;ocean
12619;75;49;0;sea;false;ocean
12620;76;49;0;sea;false;ocean
12621;77;49;0;sea;false;ocean
12622;78;49;0;sea;false;ocean
12623;79;49;0;sea;false;ocean
12624;80;49;0;sea;false;ocean
12625;81;49;0;sea;false;ocean
12626;82;49;0;sea;false;ocean
12627;83;49;0;sea;false;ocean
12628;84;49;0;sea;false;ocean
12629;85;49;0;sea;false;ocean
12630;86;49;0;sea;false;ocean
12631;87;49;0;sea;false;ocean
12632;88;49;0;sea;false;ocean
12633;89;49;0;sea;false;ocean
12634;90;49;0;sea;false;ocean
12635;91;49;0;sea;false;ocean
12636;92;49;0;sea;false;ocean
12637;93;49;0;sea;false;ocean
12638;94;49;0;sea;false;ocean
12639;95;49;0;sea;false;ocean
12640;96;49;0;sea;false;ocean
12641;97;49;0;sea;false;ocean
12642;98;49;0;sea;false;ocean
12643;99;49;0;sea;false;ocean
12644;100;49;0;sea;false;ocean
12645;101;49;0;sea;false;ocean
12646;102;49;0;sea;false;ocean
12647;103;49;0;sea;false;ocean
12648;104;49;0;sea;false;ocean
12649;105;49;0;sea;false;ocean
12650;106;49;0;sea;false;ocean
12651;107;49;0;sea;false;ocean
12652;108;49;0;sea;false;ocean
12653;109;49;0;sea;false;ocean
12654;110;49;0;sea;false;ocean
12655;111;49;0;sea;false;ocean
12656;112;49;0;sea;false;ocean
12657;113;49;0;sea;false;ocean
12658;114;49;0;sea;false;ocean
12659;115;49;0;sea;false;ocean
12660;116;49;0;sea;false;ocean
12661;117;49;0;sea;false;ocean
12662;118;49;0;sea;false;ocean
12663;119;49;0;sea;false;ocean
12664;120;49;0;sea;false;ocean
12665;121;49;0;sea;false;ocean
12666;122;49;0;sea;false;ocean
12667;123;49;0;sea;false;ocean
12668;124;49;0;sea;false;ocean
12669;125;49;0;sea;false;ocean
12670;126;49;0;sea;false;ocean
12671;127;49;0;sea;false;ocean
12672;128;49;0;sea;false;ocean
12673;129;49;0;sea;false;ocean
12674;130;49;0;sea;false;ocean
12675;131;49;0;sea;false;ocean
12676;132;49;0;sea;false;ocean
12677;133;49;0;sea;false;ocean
12678;134;49;0;sea;false;ocean
12679;135;49;0;sea;false;ocean
12680;136;49;0;sea;false;ocean
12681;137;49;0;sea;false;ocean
12682;138;49;0;sea;false;ocean
12683;139;49;0;sea;false;ocean
12684;140;49;0;sea;false;ocean
12685;141;49;0;sea;false;ocean
12686;142;49;0;sea;false;ocean
12687;143;49;0;sea;false;ocean
12688;144;49;0;sea;false;ocean
12689;145;49;0;sea;false;ocean
12690;146;49;0;sea;false;ocean
12691;147;49;0;sea;false;ocean
12692;148;49;0;sea;false;ocean
12693;149;49;0;sea;false;ocean
12694;150;49;0;sea;false;ocean
12695;151;49;0;sea;false;ocean
12696;152;49;0;sea;false;ocean
12697;153;49;0;sea;false;ocean
12698;154;49;0;sea;false;ocean
12699;155;49;0;sea;false;ocean
12700;156;49;0;sea;false;ocean
12701;157;49;0;sea;false;ocean
12702;158;49;0;sea;false;ocean
12703;159;49;0;sea;false;ocean
12704;160;49;0;sea;false;ocean
12705;161;49;0;sea;false;ocean
12706;162;49;0;sea;false;ocean
12707;163;49;0;sea;false;ocean
12708;164;49;0;sea;false;ocean
12709;165;49;0;sea;false;ocean
12710;166;49;0;sea;false;ocean
12711;167;49;0;sea;false;ocean
12712;168;49;0;sea;false;ocean
12713;169;49;0;sea;false;ocean
12714;170;49;0;sea;false;ocean
12715;171;49;0;sea;false;ocean
12716;172;49;0;sea;false;ocean
12717;173;49;0;sea;false;ocean
12718;174;49;0;sea;false;ocean
12719;175;49;0;sea;false;ocean
12720;176;49;0;sea;false;ocean
12721;177;49;0;sea;false;ocean
12722;178;49;0;sea;false;ocean
12723;179;49;0;sea;false;ocean
12724;180;49;0;sea;false;ocean
12725;181;49;0;sea;false;ocean
12726;182;49;0;sea;false;ocean
12727;183;49;0;sea;false;ocean
12728;184;49;0;sea;false;ocean
12729;185;49;0;sea;false;ocean
12730;186;49;0;sea;false;ocean
12731;187;49;0;sea;false;ocean
12732;188;49;0;sea;false;ocean
12733;189;49;0;sea;false;ocean
12734;190;49;0;sea;false;ocean
12735;191;49;0;sea;false;ocean
12736;192;49;0;sea;false;ocean
12737;193;49;0;sea;false;ocean
12738;194;49;0;sea;false;ocean
12739;195;49;0;sea;false;ocean
12740;196;49;0;sea;false;ocean
12741;197;49;0;sea;false;ocean
12742;198;49;0;sea;false;ocean
12743;199;49;0;sea;false;ocean
12744;200;49;0;sea;false;ocean
12745;201;49;0;sea;false;ocean
12746;202;49;0;sea;false;ocean
12747;203;49;0;sea;false;ocean
12748;204;49;0;sea;false;ocean
12749;205;49;0;sea;false;ocean
12750;206;49;0;sea;false;ocean
12751;207;49;0;sea;false;ocean
12752;208;49;0;sea;false;ocean
12753;209;49;0;sea;false;ocean
12754;210;49;0;sea;false;ocean
12755;211;49;0;sea;false;ocean
12756;212;49;0;sea;false;ocean
12757;213;49;0;sea;false;ocean
12758;214;49;0;sea;false;ocean
12759;215;49;0;sea;false;ocean
12760;216;49;0;sea;false;ocean
12761;217;49;0;sea;false;ocean
12762;218;49;0;sea;false;ocean
12763;219;49;0;sea;false;ocean
12764;220;49;0;sea;false;ocean
12765;221;49;0;sea;false;ocean
12766;222;49;0;sea;false;ocean
12767;223;49;0;sea;false;ocean
12768;224;49;0;sea;false;ocean
12769;225;49;0;sea;false;ocean
12770;226;49;0;sea;false;ocean
12771;227;49;0;sea;false;ocean
12772;228;49;0;sea;false;ocean
12773;229;49;0;sea;false;ocean
12774;230;49;0;sea;false;ocean
12775;231;49;0;sea;false;ocean
12776;232;49;0;sea;false;ocean
12777;233;49;0;sea;false;ocean
12778;234;49;0;sea;false;ocean
12779;235;49;0;sea;false;ocean
12780;236;49;0;sea;false;ocean
12781;237;49;0;sea;false;ocean
12782;238;49;0;sea;false;ocean
12783;239;49;0;sea;false;ocean
12784;240;49;0;sea;false;ocean
12785;241;49;0;sea;false;ocean
12786;242;49;0;sea;false;ocean
12787;243;49;0;sea;false;ocean
12788;244;49;0;sea;false;ocean
12789;245;49;0;sea;false;ocean
12790;246;49;0;sea;false;ocean
12791;247;49;0;sea;false;ocean
12792;248;49;0;sea;false;ocean
12793;249;49;0;sea;false;ocean
12794;250;49;0;sea;false;ocean
12795;251;49;0;sea;false;ocean
12796;252;49;0;sea;false;ocean
12797;253;49;0;sea;false;ocean
12798;254;49;0;sea;false;ocean
12799;255;49;0;sea;false;ocean
12800;0;50;0;sea;false;ocean
12801;1;50;0;sea;false;ocean
12802;2;50;0;sea;false;ocean
12803;3;50;0;sea;false;ocean
12804;4;50;0;sea;false;ocean
12805;5;50;0;sea;false;ocean
12806;6;50;0;sea;false;ocean
12807;7;50;0;sea;false;ocean
12808;8;50;0;sea;false;ocean
12809;9;50;0;sea;false;ocean
12810;10;50;0;sea;false;ocean
12811;11;50;0;sea;false;ocean
12812;12;50;0;sea;false;ocean
12813;13;50;0;sea;false;ocean
12814;14;50;0;sea;false;ocean
12815;15;50;0;sea;false;ocean
12816;16;50;0;sea;false;ocean
12817;17;50;0;sea;false;ocean
12818;18;50;0;sea;false;ocean
12819;19;50;0;sea;false;ocean
12820;20;50;0;sea;false;ocean
12821;21;50;0;sea;false;ocean
12822;22;50;0;sea;false;ocean
12823;23;50;0;sea;false;ocean
12824;24;50;0;sea;false;ocean
12825;25;50;0;sea;false;ocean
12826;26;50;0;sea;false;ocean
12827;27;50;0;sea;false;ocean
12828;28;50;0;sea;false;ocean
12829;29;50;0;sea;false;ocean
12830;30;50;0;sea;false;ocean
12831;31;50;0;sea;false;ocean
12832;32;50;0;sea;false;ocean
12833;33;50;0;sea;false;ocean
12834;34;50;0;sea;false;ocean
12835;35;50;0;sea;false;ocean
12836;36;50;0;sea;false;ocean
12837;37;50;0;sea;false;ocean
12838;38;50;0;sea;false;ocean
12839;39;50;0;sea;false;ocean
12840;40;50;0;sea;false;ocean
12841;41;50;0;sea;false;ocean
12842;42;50;0;sea;false;ocean
12843;43;50;0;sea;false;ocean
12844;44;50;0;sea;false;ocean
12845;45;50;0;sea;false;ocean
12846;46;50;0;sea;false;ocean
12847;47;50;0;sea;false;ocean
12848;48;50;0;sea;false;ocean
12849;49;50;0;sea;false;ocean
12850;50;50;0;sea;false;ocean
12851;51;50;0;sea;false;ocean
12852;52;50;0;sea;false;ocean
12853;53;50;0;sea;false;ocean
12854;54;50;0;sea;false;ocean
12855;55;50;0;sea;false;ocean
12856;56;50;0;sea;false;ocean
12857;57;50;0;sea;false;ocean
12858;58;50;0;sea;false;ocean
12859;59;50;0;sea;false;ocean
12860;60;50;0;sea;false;ocean
12861;61;50;0;sea;false;ocean
12862;62;50;0;sea;false;ocean
12863;63;50;0;sea;false;ocean
12864;64;50;0;sea;false;ocean
12865;65;50;0;sea;false;ocean
12866;66;50;0;sea;false;ocean
12867;67;50;0;sea;false;ocean
12868;68;50;0;sea;false;ocean
12869;69;50;0;sea;false;ocean
12870;70;50;0;sea;false;ocean
12871;71;50;0;sea;false;ocean
12872;72;50;0;sea;false;ocean
12873;73;50;0;sea;false;ocean
12874;74;50;0;sea;false;ocean
12875;75;50;0;sea;false;ocean
12876;76;50;0;sea;false;ocean
12877;77;50;0;sea;false;ocean
12878;78;50;0;sea;false;ocean
12879;79;50;0;sea;false;ocean
12880;80;50;0;sea;false;ocean
12881;81;50;0;sea;false;ocean
12882;82;50;0;sea;false;ocean
12883;83;50;0;sea;false;ocean
12884;84;50;0;sea;false;ocean
12885;85;50;0;sea;false;ocean
12886;86;50;0;sea;false;ocean
12887;87;50;0;sea;false;ocean
12888;88;50;0;sea;false;ocean
12889;89;50;0;sea;false;ocean
12890;90;50;0;sea;false;ocean
12891;91;50;0;sea;false;ocean
12892;92;50;0;sea;false;ocean
12893;93;50;0;sea;false;ocean
12894;94;50;0;sea;false;ocean
12895;95;50;0;sea;false;ocean
12896;96;50;0;sea;false;ocean
12897;97;50;0;sea;false;ocean
12898;98;50;0;sea;false;ocean
12899;99;50;0;sea;false;ocean
12900;100;50;0;sea;false;ocean
12901;101;50;0;sea;false;ocean
12902;102;50;0;sea;false;ocean
12903;103;50;0;sea;false;ocean
12904;104;50;0;sea;false;ocean
12905;105;50;0;sea;false;ocean
12906;106;50;0;sea;false;ocean
12907;107;50;0;sea;false;ocean
12908;108;50;0;sea;false;ocean
12909;109;50;0;sea;false;ocean
12910;110;50;0;sea;false;ocean
12911;111;50;0;sea;false;ocean
12912;112;50;0;sea;false;ocean
12913;113;50;0;sea;false;ocean
12914;114;50;0;sea;false;ocean
12915;115;50;0;sea;false;ocean
12916;116;50;0;sea;false;ocean
12917;117;50;0;sea;false;ocean
12918;118;50;0;sea;false;ocean
12919;119;50;0;sea;false;ocean
12920;120;50;0;sea;false;ocean
12921;121;50;0;sea;false;ocean
12922;122;50;0;sea;false;ocean
12923;123;50;0;sea;false;ocean
12924;124;50;0;sea;false;ocean
12925;125;50;0;sea;false;ocean
12926;126;50;0;sea;false;ocean
12927;127;50;0;sea;false;ocean
12928;128;50;0;sea;false;ocean
12929;129;50;0;sea;false;ocean
12930;130;50;0;sea;false;ocean
12931;131;50;0;sea;false;ocean
12932;132;50;0;sea;false;ocean
12933;133;50;0;sea;false;ocean
12934;134;50;0;sea;false;ocean
12935;135;50;0;sea;false;ocean
12936;136;50;0;sea;false;ocean
12937;137;50;0;sea;false;ocean
12938;138;50;0;sea;false;ocean
12939;139;50;0;sea;false;ocean
12940;140;50;0;sea;false;ocean
12941;141;50;0;sea;false;ocean
12942;142;50;0;sea;false;ocean
12943;143;50;0;sea;false;ocean
12944;144;50;0;sea;false;ocean
12945;145;50;0;sea;false;ocean
12946;146;50;0;sea;false;ocean
12947;147;50;0;sea;false;ocean
12948;148;50;0;sea;false;ocean
12949;149;50;0;sea;false;ocean
12950;150;50;0;sea;false;ocean
12951;151;50;0;sea;false;ocean
12952;152;50;0;sea;false;ocean
12953;153;50;0;sea;false;ocean
12954;154;50;0;sea;false;ocean
12955;155;50;0;sea;false;ocean
12956;156;50;0;sea;false;ocean
12957;157;50;0;sea;false;ocean
12958;158;50;0;sea;false;ocean
12959;159;50;0;sea;false;ocean
12960;160;50;0;sea;false;ocean
12961;161;50;0;sea;false;ocean
12962;162;50;0;sea;false;ocean
12963;163;50;0;sea;false;ocean
12964;164;50;0;sea;false;ocean
12965;165;50;0;sea;false;ocean
12966;166;50;0;sea;false;ocean
12967;167;50;0;sea;false;ocean
12968;168;50;0;sea;false;ocean
12969;169;50;0;sea;false;ocean
12970;170;50;0;sea;false;ocean
12971;171;50;0;sea;false;ocean
12972;172;50;0;sea;false;ocean
12973;173;50;0;sea;false;ocean
12974;174;50;0;sea;false;ocean
12975;175;50;0;sea;false;ocean
12976;176;50;0;sea;false;ocean
12977;177;50;0;sea;false;ocean
12978;178;50;0;sea;false;ocean
12979;179;50;0;sea;false;ocean
12980;180;50;0;sea;false;ocean
12981;181;50;0;sea;false;ocean
12982;182;50;0;sea;false;ocean
12983;183;50;0;sea;false;ocean
12984;184;50;0;sea;false;ocean
12985;185;50;0;sea;false;ocean
12986;186;50;0;sea;false;ocean
12987;187;50;0;sea;false;ocean
12988;188;50;0;sea;false;ocean
12989;189;50;0;sea;false;ocean
12990;190;50;0;sea;false;ocean
12991;191;50;0;sea;false;ocean
12992;192;50;0;sea;false;ocean
12993;193;50;0;sea;false;ocean
12994;194;50;0;sea;false;ocean
12995;195;50;0;sea;false;ocean
12996;196;50;0;sea;false;ocean
12997;197;50;0;sea;false;ocean
12998;198;50;0;sea;false;ocean
12999;199;50;0;sea;false;ocean
13000;200;50;0;sea;false;ocean
13001;201;50;0;sea;false;ocean
13002;202;50;0;sea;false;ocean
13003;203;50;0;sea;false;ocean
13004;204;50;0;sea;false;ocean
13005;205;50;0;sea;false;ocean
13006;206;50;0;sea;false;ocean
13007;207;50;0;sea;false;ocean
13008;208;50;0;sea;false;ocean
13009;209;50;0;sea;false;ocean
13010;210;50;0;sea;false;ocean
13011;211;50;0;sea;false;ocean
13012;212;50;0;sea;false;ocean
13013;213;50;0;sea;false;ocean
13014;214;50;0;sea;false;ocean
13015;215;50;0;sea;false;ocean
13016;216;50;0;sea;false;ocean
13017;217;50;0;sea;false;ocean
13018;218;50;0;sea;false;ocean
13019;219;50;0;sea;false;ocean
13020;220;50;0;sea;false;ocean
13021;221;50;0;sea;false;ocean
13022;222;50;0;sea;false;ocean
13023;223;50;0;sea;false;ocean
13024;224;50;0;sea;false;ocean
13025;225;50;0;sea;false;ocean
13026;226;50;0;sea;false;ocean
13027;227;50;0;sea;false;ocean
13028;228;50;0;sea;false;ocean
13029;229;50;0;sea;false;ocean
13030;230;50;0;sea;false;ocean
13031;231;50;0;sea;false;ocean
13032;232;50;0;sea;false;ocean
13033;233;50;0;sea;false;ocean
13034;234;50;0;sea;false;ocean
13035;235;50;0;sea;false;ocean
13036;236;50;0;sea;false;ocean
13037;237;50;0;sea;false;ocean
13038;238;50;0;sea;false;ocean
13039;239;50;0;sea;false;ocean
13040;240;50;0;sea;false;ocean
13041;241;50;0;sea;false;ocean
13042;242;50;0;sea;false;ocean
13043;243;50;0;sea;false;ocean
13044;244;50;0;sea;false;ocean
13045;245;50;0;sea;false;ocean
13046;246;50;0;sea;false;ocean
13047;247;50;0;sea;false;ocean
13048;248;50;0;sea;false;ocean
13049;249;50;0;sea;false;ocean
13050;250;50;0;sea;false;ocean
13051;251;50;0;sea;false;ocean
13052;252;50;0;sea;false;ocean
13053;253;50;0;sea;false;ocean
13054;254;50;0;sea;false;ocean
13055;255;50;0;sea;false;ocean
13056;0;51;0;sea;false;ocean
13057;1;51;0;sea;false;ocean
13058;2;51;0;sea;false;ocean
13059;3;51;0;sea;false;ocean
13060;4;51;0;sea;false;ocean
13061;5;51;0;sea;false;ocean
13062;6;51;0;sea;false;ocean
13063;7;51;0;sea;false;ocean
13064;8;51;0;sea;false;ocean
13065;9;51;0;sea;false;ocean
13066;10;51;0;sea;false;ocean
13067;11;51;0;sea;false;ocean
13068;12;51;0;sea;false;ocean
13069;13;51;0;sea;false;ocean
13070;14;51;0;sea;false;ocean
13071;15;51;0;sea;false;ocean
13072;16;51;0;sea;false;ocean
13073;17;51;0;sea;false;ocean
13074;18;51;0;sea;false;ocean
13075;19;51;0;sea;false;ocean
13076;20;51;0;sea;false;ocean
13077;21;51;0;sea;false;ocean
13078;22;51;0;sea;false;ocean
13079;23;51;0;sea;false;ocean
13080;24;51;0;sea;false;ocean
13081;25;51;0;sea;false;ocean
13082;26;51;0;sea;false;ocean
13083;27;51;0;sea;false;ocean
13084;28;51;0;sea;false;ocean
13085;29;51;0;sea;false;ocean
13086;30;51;0;sea;false;ocean
13087;31;51;0;sea;false;ocean
13088;32;51;0;sea;false;ocean
13089;33;51;0;sea;false;ocean
13090;34;51;0;sea;false;ocean
13091;35;51;0;sea;false;ocean
13092;36;51;0;sea;false;ocean
13093;37;51;0;sea;false;ocean
13094;38;51;0;sea;false;ocean
13095;39;51;0;sea;false;ocean
13096;40;51;0;sea;false;ocean
13097;41;51;0;sea;false;ocean
13098;42;51;0;sea;false;ocean
13099;43;51;0;sea;false;ocean
13100;44;51;0;sea;false;ocean
13101;45;51;0;sea;false;ocean
13102;46;51;0;sea;false;ocean
13103;47;51;0;sea;false;ocean
13104;48;51;0;sea;false;ocean
13105;49;51;0;sea;false;ocean
13106;50;51;0;sea;false;ocean
13107;51;51;0;sea;false;ocean
13108;52;51;0;sea;false;ocean
13109;53;51;0;sea;false;ocean
13110;54;51;0;sea;false;ocean
13111;55;51;0;sea;false;ocean
13112;56;51;0;sea;false;ocean
13113;57;51;0;sea;false;ocean
13114;58;51;0;sea;false;ocean
13115;59;51;0;sea;false;ocean
13116;60;51;0;sea;false;ocean
13117;61;51;0;sea;false;ocean
13118;62;51;0;sea;false;ocean
13119;63;51;0;sea;false;ocean
13120;64;51;0;sea;false;ocean
13121;65;51;0;sea;false;ocean
13122;66;51;0;sea;false;ocean
13123;67;51;0;sea;false;ocean
13124;68;51;0;sea;false;ocean
13125;69;51;0;sea;false;ocean
13126;70;51;0;sea;false;ocean
13127;71;51;0;sea;false;ocean
13128;72;51;0;sea;false;ocean
13129;73;51;0;sea;false;ocean
13130;74;51;0;sea;false;ocean
13131;75;51;0;sea;false;ocean
13132;76;51;0;sea;false;ocean
13133;77;51;0;sea;false;ocean
13134;78;51;0;sea;false;ocean
13135;79;51;0;sea;false;ocean
13136;80;51;0;sea;false;ocean
13137;81;51;0;sea;false;ocean
13138;82;51;0;sea;false;ocean
13139;83;51;0;sea;false;ocean
13140;84;51;0;sea;false;ocean
13141;85;51;0;sea;false;ocean
13142;86;51;0;sea;false;ocean
13143;87;51;0;sea;false;ocean
13144;88;51;0;sea;false;ocean
13145;89;51;0;sea;false;ocean
13146;90;51;0;sea;false;ocean
13147;91;51;0;sea;false;ocean
13148;92;51;0;sea;false;ocean
13149;93;51;0;sea;false;ocean
13150;94;51;0;sea;false;ocean
13151;95;51;0;sea;false;ocean
13152;96;51;0;sea;false;ocean
13153;97;51;0;sea;false;ocean
13154;98;51;0;sea;false;ocean
13155;99;51;0;sea;false;ocean
13156;100;51;0;sea;false;ocean
13157;101;51;0;sea;false;ocean
13158;102;51;0;sea;false;ocean
13159;103;51;0;sea;false;ocean
13160;104;51;0;sea;false;ocean
13161;105;51;0;sea;false;ocean
13162;106;51;0;sea;false;ocean
13163;107;51;0;sea;false;ocean
13164;108;51;0;sea;false;ocean
13165;109;51;0;sea;false;ocean
13166;110;51;0;sea;false;ocean
13167;111;51;0;sea;false;ocean
13168;112;51;0;sea;false;ocean
13169;113;51;0;sea;false;ocean
13170;114;51;0;sea;false;ocean
13171;115;51;0;sea;false;ocean
13172;116;51;0;sea;false;ocean
13173;117;51;0;sea;false;ocean
13174;118;51;0;sea;false;ocean
13175;119;51;0;sea;false;ocean
13176;120;51;0;sea;false;ocean
13177;121;51;0;sea;false;ocean
13178;122;51;0;sea;false;ocean
13179;123;51;0;sea;false;ocean
13180;124;51;0;sea;false;ocean
13181;125;51;0;sea;false;ocean
13182;126;51;0;sea;false;ocean
13183;127;51;0;sea;false;ocean
13184;128;51;0;sea;false;ocean
13185;129;51;0;sea;false;ocean
13186;130;51;0;sea;false;ocean
13187;131;51;0;sea;false;ocean
13188;132;51;0;sea;false;ocean
13189;133;51;0;sea;false;ocean
13190;134;51;0;sea;false;ocean
13191;135;51;0;sea;false;ocean
13192;136;51;0;sea;false;ocean
13193;137;51;0;sea;false;ocean
13194;138;51;0;sea;false;ocean
13195;139;51;0;sea;false;ocean
13196;140;51;0;sea;false;ocean
13197;141;51;0;sea;false;ocean
13198;142;51;0;sea;false;ocean
13199;143;51;0;sea;false;ocean
13200;144;51;0;sea;false;ocean
13201;145;51;0;sea;false;ocean
13202;146;51;0;sea;false;ocean
13203;147;51;0;sea;false;ocean
13204;148;51;0;sea;false;ocean
13205;149;51;0;sea;false;ocean
13206;150;51;0;sea;false;ocean
13207;151;51;0;sea;false;ocean
13208;152;51;0;sea;false;ocean
13209;153;51;0;sea;false;ocean
13210;154;51;0;sea;false;ocean
13211;155;51;0;sea;false;ocean
13212;156;51;0;sea;false;ocean
13213;157;51;0;sea;false;ocean
13214;158;51;0;sea;false;ocean
13215;159;51;0;sea;false;ocean
13216;160;51;0;sea;false;ocean
13217;161;51;0;sea;false;ocean
13218;162;51;0;sea;false;ocean
13219;163;51;0;sea;false;ocean
13220;164;51;0;sea;false;ocean
13221;165;51;0;sea;false;ocean
13222;166;51;0;sea;false;ocean
13223;167;51;0;sea;false;ocean
13224;168;51;0;sea;false;ocean
13225;169;51;0;sea;false;ocean
13226;170;51;0;sea;false;ocean
13227;171;51;0;sea;false;ocean
13228;172;51;0;sea;false;ocean
13229;173;51;0;sea;false;ocean
13230;174;51;0;sea;false;ocean
13231;175;51;0;sea;false;ocean
13232;176;51;0;sea;false;ocean
13233;177;51;0;sea;false;ocean
13234;178;51;0;sea;false;ocean
13235;179;51;0;sea;false;ocean
13236;180;51;0;sea;false;ocean
13237;181;51;0;sea;false;ocean
13238;182;51;0;sea;false;ocean
13239;183;51;0;sea;false;ocean
13240;184;51;0;sea;false;ocean
13241;185;51;0;sea;false;ocean
13242;186;51;0;sea;false;ocean
13243;187;51;0;sea;false;ocean
13244;188;51;0;sea;false;ocean
13245;189;51;0;sea;false;ocean
13246;190;51;0;sea;false;ocean
13247;191;51;0;sea;false;ocean
13248;192;51;0;sea;false;ocean
13249;193;51;0;sea;false;ocean
13250;194;51;0;sea;false;ocean
13251;195;51;0;sea;false;ocean
13252;196;51;0;sea;false;ocean
13253;197;51;0;sea;false;ocean
13254;198;51;0;sea;false;ocean
13255;199;51;0;sea;false;ocean
13256;200;51;0;sea;false;ocean
13257;201;51;0;sea;false;ocean
13258;202;51;0;sea;false;ocean
13259;203;51;0;sea;false;ocean
13260;204;51;0;sea;false;ocean
13261;205;51;0;sea;false;ocean
13262;206;51;0;sea;false;ocean
13263;207;51;0;sea;false;ocean
13264;208;51;0;sea;false;ocean
13265;209;51;0;sea;false;ocean
13266;210;51;0;sea;false;ocean
13267;211;51;0;sea;false;ocean
13268;212;51;0;sea;false;ocean
13269;213;51;0;sea;false;ocean
13270;214;51;0;sea;false;ocean
13271;215;51;0;sea;false;ocean
13272;216;51;0;sea;false;ocean
13273;217;51;0;sea;false;ocean
13274;218;51;0;sea;false;ocean
13275;219;51;0;sea;false;ocean
13276;220;51;0;sea;false;ocean
13277;221;51;0;sea;false;ocean
13278;222;51;0;sea;false;ocean
13279;223;51;0;sea;false;ocean
13280;224;51;0;sea;false;ocean
13281;225;51;0;sea;false;ocean
13282;226;51;0;sea;false;ocean
13283;227;51;0;sea;false;ocean
13284;228;51;0;sea;false;ocean
13285;229;51;0;sea;false;ocean
13286;230;51;0;sea;false;ocean
13287;231;51;0;sea;false;ocean
13288;232;51;0;sea;false;ocean
13289;233;51;0;sea;false;ocean
13290;234;51;0;sea;false;ocean
13291;235;51;0;sea;false;ocean
13292;236;51;0;sea;false;ocean
13293;237;51;0;sea;false;ocean
13294;238;51;0;sea;false;ocean
13295;239;51;0;sea;false;ocean
13296;240;51;0;sea;false;ocean
13297;241;51;0;sea;false;ocean
13298;242;51;0;sea;false;ocean
13299;243;51;0;sea;false;ocean
13300;244;51;0;sea;false;ocean
13301;245;51;0;sea;false;ocean
13302;246;51;0;sea;false;ocean
13303;247;51;0;sea;false;ocean
13304;248;51;0;sea;false;ocean
13305;249;51;0;sea;false;ocean
13306;250;51;0;sea;false;ocean
13307;251;51;0;sea;false;ocean
13308;252;51;0;sea;false;ocean
13309;253;51;0;sea;false;ocean
13310;254;51;0;sea;false;ocean
13311;255;51;0;sea;false;ocean
13312;0;52;0;sea;false;ocean
13313;1;52;0;sea;false;ocean
13314;2;52;0;sea;false;ocean
13315;3;52;0;sea;false;ocean
13316;4;52;0;sea;false;ocean
13317;5;52;0;sea;false;ocean
13318;6;52;0;sea;false;ocean
13319;7;52;0;sea;false;ocean
13320;8;52;0;sea;false;ocean
13321;9;52;0;sea;false;ocean
13322;10;52;0;sea;false;ocean
13323;11;52;0;sea;false;ocean
13324;12;52;0;sea;false;ocean
13325;13;52;0;sea;false;ocean
13326;14;52;0;sea;false;ocean
13327;15;52;0;sea;false;ocean
13328;16;52;0;sea;false;ocean
13329;17;52;0;sea;false;ocean
13330;18;52;0;sea;false;ocean
13331;19;52;0;sea;false;ocean
13332;20;52;0;sea;false;ocean
13333;21;52;0;sea;false;ocean
13334;22;52;0;sea;false;ocean
13335;23;52;0;sea;false;ocean
13336;24;52;0;sea;false;ocean
13337;25;52;0;sea;false;ocean
13338;26;52;0;sea;false;ocean
13339;27;52;0;sea;false;ocean
13340;28;52;0;sea;false;ocean
13341;29;52;0;sea;false;ocean
13342;30;52;0;sea;false;ocean
13343;31;52;0;sea;false;ocean
13344;32;52;0;sea;false;ocean
13345;33;52;0;sea;false;ocean
13346;34;52;0;sea;false;ocean
13347;35;52;0;sea;false;ocean
13348;36;52;0;sea;false;ocean
13349;37;52;0;sea;false;ocean
13350;38;52;0;sea;false;ocean
13351;39;52;0;sea;false;ocean
13352;40;52;0;sea;false;ocean
13353;41;52;0;sea;false;ocean
13354;42;52;0;sea;false;ocean
13355;43;52;0;sea;false;ocean
13356;44;52;0;sea;false;ocean
13357;45;52;0;sea;false;ocean
13358;46;52;0;sea;false;ocean
13359;47;52;0;sea;false;ocean
13360;48;52;0;sea;false;ocean
13361;49;52;0;sea;false;ocean
13362;50;52;0;sea;false;ocean
13363;51;52;0;sea;false;ocean
13364;52;52;0;sea;false;ocean
13365;53;52;0;sea;false;ocean
13366;54;52;0;sea;false;ocean
13367;55;52;0;sea;false;ocean
13368;56;52;0;sea;false;ocean
13369;57;52;0;sea;false;ocean
13370;58;52;0;sea;false;ocean
13371;59;52;0;sea;false;ocean
13372;60;52;0;sea;false;ocean
13373;61;52;0;sea;false;ocean
13374;62;52;0;sea;false;ocean
13375;63;52;0;sea;false;ocean
13376;64;52;0;sea;false;ocean
13377;65;52;0;sea;false;ocean
13378;66;52;0;sea;false;ocean
13379;67;52;0;sea;false;ocean
13380;68;52;0;sea;false;ocean
13381;69;52;0;sea;false;ocean
13382;70;52;0;sea;false;ocean
13383;71;52;0;sea;false;ocean
13384;72;52;0;sea;false;ocean
13385;73;52;0;sea;false;ocean
13386;74;52;0;sea;false;ocean
13387;75;52;0;sea;false;ocean
13388;76;52;0;sea;false;ocean
13389;77;52;0;sea;false;ocean
13390;78;52;0;sea;false;ocean
13391;79;52;0;sea;false;ocean
13392;80;52;0;sea;false;ocean
13393;81;52;0;sea;false;ocean
13394;82;52;0;sea;false;ocean
13395;83;52;0;sea;false;ocean
13396;84;52;0;sea;false;ocean
13397;85;52;0;sea;false;ocean
13398;86;52;0;sea;false;ocean
13399;87;52;0;sea;false;ocean
13400;88;52;0;sea;false;ocean
13401;89;52;0;sea;false;ocean
13402;90;52;0;sea;false;ocean
13403;91;52;0;sea;false;ocean
13404;92;52;0;sea;false;ocean
13405;93;52;0;sea;false;ocean
13406;94;52;0;sea;false;ocean
13407;95;52;0;sea;false;ocean
13408;96;52;0;sea;false;ocean
13409;97;52;0;sea;false;ocean
13410;98;52;0;sea;false;ocean
13411;99;52;0;sea;false;ocean
13412;100;52;0;sea;false;ocean
13413;101;52;0;sea;false;ocean
13414;102;52;0;sea;false;ocean
13415;103;52;0;sea;false;ocean
13416;104;52;0;sea;false;ocean
13417;105;52;0;sea;false;ocean
13418;106;52;0;sea;false;ocean
13419;107;52;0;sea;false;ocean
13420;108;52;0;sea;false;ocean
13421;109;52;0;sea;false;ocean
13422;110;52;0;sea;false;ocean
13423;111;52;0;sea;false;ocean
13424;112;52;0;sea;false;ocean
13425;113;52;0;sea;false;ocean
13426;114;52;0;sea;false;ocean
13427;115;52;0;sea;false;ocean
13428;116;52;0;sea;false;ocean
13429;117;52;0;sea;false;ocean
13430;118;52;0;sea;false;ocean
13431;119;52;0;sea;false;ocean
13432;120;52;0;sea;false;ocean
13433;121;52;0;sea;false;ocean
13434;122;52;0;sea;false;ocean
